# WaveFront *.obj file (generated by Autodesk ATF)

mtllib shaft.mtl

g 메쉬 본체1

v -0.098455635 -0.011494092000000001 0.000578774
v -0.098455635 -0.01144686 -0.0008940829999999999
v -0.098455635 -0.011352592 0.0020455800000000004
v -0.098455635 -0.011211672 -0.0023488090000000003
v -0.098455635 -0.011024681 0.003482249
v -0.098455635 -0.010792388000000002 -0.0037615170000000002
v -0.098455635 -0.010515746 0.00486519
v -0.098455635 -0.010195892000000002 -0.005109009
v -0.098455635 -0.009834143 0.006171696
v -0.098455635 -0.009431982 -0.0063691600000000004
v -0.098455635 -0.008991063 0.007380314000000001
v -0.098455635 -0.008513198 -0.007521279
v -0.098455635 -0.00800035 0.008471199
v -0.098455635 -0.007454627 -0.008546447
v -0.098455635 -0.006878272 0.009426437999999999
v -0.098455635 -0.006273652 -0.009427832
v -0.098455635 -0.0056432520000000005 0.010230347
v -0.098455635 -0.004989664 -0.010150961
v -0.098455635 -0.004315571000000001 0.010869724
v -0.098455635 -0.0036237450000000003 -0.010703958999999999
v -0.098455635 -0.0029170280000000003 0.011334072
v -0.098455635 -0.002198325 -0.011077749000000001
v -0.098455635 -0.001470588 0.011615767
v -0.098455635 -0.000736808 -0.011266191
v -0.098455635 -1e-09 0.011710181
v -0.098455635 0.000736807 -0.011266191
v -0.098455635 0.0014705870000000002 0.011615767
v -0.098455635 0.002198323 -0.011077749000000001
v -0.098455635 0.002917027 0.011334072
v -0.098455635 0.003623744 -0.010703958999999999
v -0.098455635 0.00431557 0.010869724
v -0.098455635 0.004989662 -0.010150961
v -0.098455635 0.005643251 0.010230347
v -0.098455635 0.006273651 -0.009427832
v -0.098455635 0.006878271 0.009426437999999999
v -0.098455635 0.007454626000000001 -0.008546447
v -0.098455635 0.008000349 0.008471199
v -0.098455635 0.008513196 -0.007521279
v -0.098455635 0.008991061 0.007380314000000001
v -0.098455635 0.00943198 -0.0063691600000000004
v -0.098455635 0.009834141000000001 0.006171696
v -0.098455635 0.010195891 -0.005109009
v -0.098455635 0.010515744 0.00486519
v -0.098455635 0.010792386000000001 -0.0037615170000000002
v -0.098455635 0.011024679 0.003482249
v -0.098455635 0.01121167 -0.0023488090000000003
v -0.098455635 0.01135259 0.0020455800000000004
v -0.098455635 0.011446859 -0.0008940829999999999
v -0.098455635 0.011494091 0.000578774
v -0.097455635 -0.012494072 -0.000174757
v -0.097455635 -0.012446678000000001 0.001363536
v -0.097455635 -0.012352069 -0.001707214
v -0.097455635 -0.012210605 0.0028843450000000004
v -0.097455635 -0.012022821000000001 -0.003210606
v -0.097455635 -0.011789431000000001 0.004364616
v -0.097455635 -0.011511319 -0.004662142
v -0.097455635 -0.011189542 0.005781911
v -0.097455635 -0.010825317999999999 -0.006039819
v -0.097455635 -0.010420031 0.007114743
v -0.097455635 -0.009975216 -0.007322752000000001
v -0.097455635 -0.009492562 0.00834291
v -0.097455635 -0.0089739 -0.008491493000000001
v -0.097455635 -0.008421196 0.009447793000000001
v -0.097455635 -0.007836548 -0.009528326
v -0.097455635 -0.007222174 0.010412642
v -0.097455635 -0.006580402999999999 -0.010417533000000001
v -0.097455635 -0.00591367 0.011222834000000001
v -0.097455635 -0.005224505 -0.011145635000000001
v -0.097455635 -0.004515522 0.011866084
v -0.097455635 -0.003789409 -0.011701593000000001
v -0.097455635 -0.0030489220000000004 0.012332642999999999
v -0.097455635 -0.0022968700000000003 -0.012076982
v -0.097455635 -0.001536104 0.012615438
v -0.097455635 -0.000769512 -0.01226611
v -0.097455635 -1e-09 0.012710181000000001
v -0.097455635 0.000769511 -0.01226611
v -0.097455635 0.001536103 0.012615438
v -0.097455635 0.002296868 -0.012076982
v -0.097455635 0.003048921 0.012332642999999999
v -0.097455635 0.0037894079999999998 -0.011701593000000001
v -0.097455635 0.00451552 0.011866084
v -0.097455635 0.005224504 -0.011145635000000001
v -0.097455635 0.005913669 0.011222834000000001
v -0.097455635 0.0065804010000000005 -0.010417533000000001
v -0.097455635 0.007222172 0.010412642
v -0.097455635 0.007836547000000001 -0.009528326
v -0.097455635 0.008421195000000001 0.009447793000000001
v -0.097455635 0.008973898000000001 -0.008491493000000001
v -0.097455635 0.009492559999999999 0.00834291
v -0.097455635 0.009975215 -0.007322752000000001
v -0.097455635 0.010420028999999999 0.007114743
v -0.097455635 0.010825316000000001 -0.006039819
v -0.097455635 0.011189541 0.005781911
v -0.097455635 0.011511318 -0.004662142
v -0.097455635 0.01178943 0.004364616
v -0.097455635 0.01202282 -0.003210606
v -0.097455635 0.012210604 0.0028843450000000004
v -0.097455635 0.012352067999999999 -0.001707214
v -0.097455635 0.012446676 0.001363536
v -0.097455635 0.012494071 -0.000174757
v -0.072955635 -0.012494072 0.00059512
v -0.072955635 -0.012446678000000001 -0.0009431730000000001
v -0.072955635 -0.012352069 0.0021275770000000003
v -0.072955635 -0.012210605 -0.002463982
v -0.072955635 -0.012022821000000001 0.003630969
v -0.072955635 -0.011789431000000001 -0.003944254
v -0.072955635 -0.011511319 0.005082505
v -0.072955635 -0.011189542 -0.005361548
v -0.072955635 -0.010825317999999999 0.006460181000000001
v -0.072955635 -0.010420031 -0.006694381
v -0.072955635 -0.009975216 0.007743114000000001
v -0.072955635 -0.009492562 -0.007922547
v -0.072955635 -0.0089739 0.008911856000000001
v -0.072955635 -0.008421196 -0.009027431
v -0.072955635 -0.007836548 0.009948689
v -0.072955635 -0.007222174 -0.00999228
v -0.072955635 -0.006580402999999999 0.010837895
v -0.072955635 -0.00591367 -0.010802471000000001
v -0.072955635 -0.005224505 0.011565997
v -0.072955635 -0.004515522 -0.011445722
v -0.072955635 -0.003789409 0.012121956000000001
v -0.072955635 -0.0030489220000000004 -0.01191228
v -0.072955635 -0.0022968700000000003 0.012497345
v -0.072955635 -0.001536104 -0.012195075
v -0.072955635 -0.000769512 0.012686473
v -0.072955635 -1e-09 -0.012289819
v -0.072955635 0.000769511 0.012686473
v -0.072955635 0.001536103 -0.012195075
v -0.072955635 0.002296868 0.012497345
v -0.072955635 0.003048921 -0.01191228
v -0.072955635 0.0037894079999999998 0.012121956000000001
v -0.072955635 0.00451552 -0.011445722
v -0.072955635 0.005224504 0.011565997
v -0.072955635 0.005913669 -0.010802471000000001
v -0.072955635 0.0065804010000000005 0.010837895
v -0.072955635 0.007222172 -0.00999228
v -0.072955635 0.007836547000000001 0.009948689
v -0.072955635 0.008421195000000001 -0.009027431
v -0.072955635 0.008973898000000001 0.008911856000000001
v -0.072955635 0.009492559999999999 -0.007922547
v -0.072955635 0.009975215 0.007743114000000001
v -0.072955635 0.010420028999999999 -0.006694381
v -0.072955635 0.010825316000000001 0.006460181000000001
v -0.072955635 0.011189541 -0.005361548
v -0.072955635 0.011511318 0.005082505
v -0.072955635 0.01178943 -0.003944254
v -0.072955635 0.01202282 0.003630969
v -0.072955635 0.012210604 -0.002463982
v -0.072955635 0.012352067999999999 0.0021275770000000003
v -0.072955635 0.012446676 -0.0009431730000000001
v -0.072955635 0.012494071 0.00059512
v -0.048455635000000004 -0.015000000999999999 0.000210181
v -0.048455635000000004 -0.014905684 -0.0014692860000000002
v -0.048455635000000004 -0.014905684 0.001889648
v -0.048455635000000004 -0.014623919 -0.003127633
v -0.048455635000000004 -0.014623919 0.003547995
v -0.048455635000000004 -0.014158251 -0.004744005
v -0.048455635000000004 -0.014158251 0.0051643670000000004
v -0.048455635000000004 -0.013514534 -0.006298075
v -0.048455635000000004 -0.013514534 0.006718437
v -0.048455635000000004 -0.012700864 -0.0077703
v -0.048455635000000004 -0.012700864 0.008190662
v -0.048455635000000004 -0.012494072 -0.000174757
v -0.048455635000000004 -0.012446678000000001 0.001363536
v -0.048455635000000004 -0.012352069 -0.001707214
v -0.048455635000000004 -0.012210605 0.0028843450000000004
v -0.048455635000000004 -0.012022821000000001 -0.003210606
v -0.048455635000000004 -0.011789431000000001 0.004364616
v -0.048455635000000004 -0.011727473 -0.009142166
v -0.048455635000000004 -0.011727473 0.009562529
v -0.048455635000000004 -0.011511319 -0.004662142
v -0.048455635000000004 -0.011189542 0.005781911
v -0.048455635000000004 -0.010825317999999999 -0.006039819
v -0.048455635000000004 -0.010606603 -0.010396420000000002
v -0.048455635000000004 -0.010606603 0.010816783
v -0.048455635000000004 -0.010420031 0.007114743
v -0.048455635000000004 -0.009975216 -0.007322752000000001
v -0.048455635000000004 -0.009492562 0.00834291
v -0.048455635000000004 -0.009352347 -0.011517291
v -0.048455635000000004 -0.009352347 0.011937654
v -0.048455635000000004 -0.0089739 -0.008491493000000001
v -0.048455635000000004 -0.008421196 0.009447793000000001
v -0.048455635000000004 -0.007980482 -0.012490682
v -0.048455635000000004 -0.007980482 0.012911044
v -0.048455635000000004 -0.007836548 -0.009528326
v -0.048455635000000004 -0.007222174 0.010412642
v -0.048455635000000004 -0.006580402999999999 -0.010417533000000001
v -0.048455635000000004 -0.006508257000000001 -0.013304352
v -0.048455635000000004 -0.006508257000000001 0.013724714
v -0.048455635000000004 -0.00591367 0.011222834000000001
v -0.048455635000000004 -0.005224505 -0.011145635000000001
v -0.048455635000000004 -0.004954186 -0.013948069
v -0.048455635000000004 -0.004954186 0.014368431
v -0.048455635000000004 -0.004515522 0.011866084
v -0.048455635000000004 -0.003789409 -0.011701593000000001
v -0.048455635000000004 -0.003337815 -0.014413737
v -0.048455635000000004 -0.003337815 0.0148341
v -0.048455635000000004 -0.0030489220000000004 0.012332642999999999
v -0.048455635000000004 -0.0022968700000000003 -0.012076982
v -0.048455635000000004 -0.001679468 -0.014695502
v -0.048455635000000004 -0.001679468 0.015115865
v -0.048455635000000004 -0.001536104 0.012615438
v -0.048455635000000004 -0.000769512 -0.01226611
v -0.048455635000000004 -1e-09 -0.014789819
v -0.048455635000000004 -1e-09 0.012710181000000001
v -0.048455635000000004 -1e-09 0.015210181000000001
v -0.048455635000000004 0.000769511 -0.01226611
v -0.048455635000000004 0.001536103 0.012615438
v -0.048455635000000004 0.001679466 -0.014695502
v -0.048455635000000004 0.001679466 0.015115865
v -0.048455635000000004 0.002296868 -0.012076982
v -0.048455635000000004 0.003048921 0.012332642999999999
v -0.048455635000000004 0.0033378130000000002 -0.014413737
v -0.048455635000000004 0.0033378130000000002 0.0148341
v -0.048455635000000004 0.0037894079999999998 -0.011701593000000001
v -0.048455635000000004 0.00451552 0.011866084
v -0.048455635000000004 0.004954185 -0.013948069
v -0.048455635000000004 0.004954185 0.014368431
v -0.048455635000000004 0.005224504 -0.011145635000000001
v -0.048455635000000004 0.005913669 0.011222834000000001
v -0.048455635000000004 0.006508255 -0.013304352
v -0.048455635000000004 0.006508255 0.013724714
v -0.048455635000000004 0.0065804010000000005 -0.010417533000000001
v -0.048455635000000004 0.007222172 0.010412642
v -0.048455635000000004 0.007836547000000001 -0.009528326
v -0.048455635000000004 0.007980481000000001 -0.012490682
v -0.048455635000000004 0.007980481000000001 0.012911044
v -0.048455635000000004 0.008421195000000001 0.009447793000000001
v -0.048455635000000004 0.008973898000000001 -0.008491493000000001
v -0.048455635000000004 0.009352346000000001 -0.011517291
v -0.048455635000000004 0.009352346000000001 0.011937654
v -0.048455635000000004 0.009492559999999999 0.00834291
v -0.048455635000000004 0.009975215 -0.007322752000000001
v -0.048455635000000004 0.010420028999999999 0.007114743
v -0.048455635000000004 0.010606601 -0.010396420000000002
v -0.048455635000000004 0.010606601 0.010816783
v -0.048455635000000004 0.010825316000000001 -0.006039819
v -0.048455635000000004 0.011189541 0.005781911
v -0.048455635000000004 0.011511318 -0.004662142
v -0.048455635000000004 0.011727471 -0.009142166
v -0.048455635000000004 0.011727471 0.009562529
v -0.048455635000000004 0.01178943 0.004364616
v -0.048455635000000004 0.01202282 -0.003210606
v -0.048455635000000004 0.012210604 0.0028843450000000004
v -0.048455635000000004 0.012352067999999999 -0.001707214
v -0.048455635000000004 0.012446676 0.001363536
v -0.048455635000000004 0.012494071 -0.000174757
v -0.048455635000000004 0.012700862 -0.0077703
v -0.048455635000000004 0.012700862 0.008190662
v -0.048455635000000004 0.013514532000000001 -0.006298075
v -0.048455635000000004 0.013514532000000001 0.006718437
v -0.048455635000000004 0.014158249 -0.004744005
v -0.048455635000000004 0.014158249 0.0051643670000000004
v -0.048455635000000004 0.014623918 -0.003127633
v -0.048455635000000004 0.014623918 0.003547995
v -0.048455635000000004 0.014905683 -0.0014692860000000002
v -0.048455635000000004 0.014905683 0.001889648
v -0.048455635000000004 0.014999999000000002 0.000210181
v -0.023455635000000002 -0.005 0.010210181
v -0.023455635000000002 -0.005 0.014352317
v -0.023455635000000002 -0.003369372 0.014826861
v -0.023455635000000002 -0.001695554 0.015114043
v -0.023455635000000002 -1e-09 0.015210181000000001
v -0.023455635000000002 0.001695552 0.015114043
v -0.023455635000000002 0.0033693710000000003 0.014826861
v -0.023455635000000002 0.005 0.010210181
v -0.023455635000000002 0.005 0.014352317
v -0.018455635 -0.025998906999999998 -2.8332e-05
v -0.018455635 -0.025998906999999998 0.00044869500000000004
v -0.018455635 -0.025990154 -0.0005052790000000001
v -0.018455635 -0.025990154 0.000925641
v -0.018455635 -0.025289736 -0.0058254840000000006
v -0.018455635 -0.025289736 0.0062458470000000006
v -0.018455635 -0.025174747 -0.006288445
v -0.018455635 -0.025174747 0.006708807000000001
v -0.018455635 -0.025126648 -0.000927065
v -0.018455635 -0.025126648 0.0013474280000000001
v -0.018455635 -0.025051283 -0.006749217
v -0.018455635 -0.025051283 0.00716958
v -0.018455635 -0.024919388 -0.007207647
v -0.018455635 -0.024919388 0.00762801
v -0.018455635 -0.024564819 -0.005194577
v -0.018455635 -0.024564819 0.00561494
v -0.018455635 -0.02425071 -0.001265295
v -0.018455635 -0.02425071 0.001685657
v -0.018455635 -0.023976137 -0.007391569
v -0.018455635 -0.023976137 0.007811932
v -0.018455635 -0.023806267 -0.004641163
v -0.018455635 -0.023806267 0.005061526
v -0.018455635 -0.023366304 -0.001504431
v -0.018455635 -0.023366304 0.001924793
v -0.018455635 -0.023042504999999998 -0.007491564000000001
v -0.018455635 -0.023042504999999998 0.007911927000000001
v -0.018455635 -0.023013891 -0.004181275000000001
v -0.018455635 -0.023013891 0.0046016370000000004
v -0.018455635 -0.022922619 -0.0015767230000000001
v -0.018455635 -0.022922619 0.001997086
v -0.018455635 -0.022865864 -0.012165289
v -0.018455635 -0.022865864 0.012585651
v -0.018455635 -0.02263497 -0.012582713
v -0.018455635 -0.02263497 0.013003076
v -0.018455635 -0.022604034 -0.003996611000000001
v -0.018455635 -0.022604034 0.004416974
v -0.018455635 -0.022479855 -0.001600068
v -0.018455635 -0.022479855 0.00202043
v -0.018455635 -0.022396458 -0.012995831000000001
v -0.018455635 -0.022396458 0.013416193
v -0.018455635 -0.022328938000000003 -0.011368258000000001
v -0.018455635 -0.022328938000000003 0.01178862
v -0.018455635 -0.022182398 -0.003859467
v -0.018455635 -0.022182398 0.004279829000000001
v -0.018455635 -0.022150404000000002 -0.013404503
v -0.018455635 -0.022150404000000002 0.013824865
v -0.018455635 -0.022126343 -0.007493651
v -0.018455635 -0.022126343 0.007914013
v -0.018455635 -0.021739467999999998 -0.010637373
v -0.018455635 -0.021739467999999998 0.011057734999999999
v -0.018455635 -0.021679064 -0.007448646000000001
v -0.018455635 -0.021679064 0.007869009
v -0.018455635 -0.021677893 -0.001536125
v -0.018455635 -0.021677893 0.001956488
v -0.018455635 -0.021576683 -0.0015546009999999999
v -0.018455635 -0.021576683 0.001974964
v -0.018455635 -0.021498049 -0.0016209450000000002
v -0.018455635 -0.021498049 0.002041308
v -0.018455635 -0.021462799 -0.0017176000000000001
v -0.018455635 -0.021462799 0.002137963
v -0.018455635 -0.021401558 -0.002308028
v -0.018455635 -0.021401558 0.0027283909999999997
v -0.018455635 -0.021391214000000002 -0.0037136680000000003
v -0.018455635 -0.021391214000000002 0.00413403
v -0.018455635 -0.021324078 -0.0028965450000000004
v -0.018455635 -0.021324078 0.0033169080000000004
v -0.018455635 -0.021298235 -0.003669626
v -0.018455635 -0.021298235 0.004089988
v -0.018455635 -0.021245344 -0.007356599
v -0.018455635 -0.021245344 0.007776962
v -0.018455635 -0.021239450000000003 -0.003585191
v -0.018455635 -0.021239450000000003 0.004005553
v -0.018455635 -0.021230416999999998 -0.0034827050000000004
v -0.018455635 -0.021230416999999998 0.0039030680000000004
v -0.018455635 -0.021191692 -0.013338027
v -0.018455635 -0.021191692 0.013758389
v -0.018455635 -0.021093119 -0.009988072
v -0.018455635 -0.021093119 0.010408435
v -0.018455635 -0.020745022 -0.009703623
v -0.018455635 -0.020745022 0.010123985
v -0.018455635 -0.020487259 -0.0070872719999999995
v -0.018455635 -0.020487259 0.0075076349999999995
v -0.018455635 -0.020384716 -0.007078924
v -0.018455635 -0.020384716 0.007499287
v -0.018455635 -0.020373249000000003 -0.009462024
v -0.018455635 -0.020373249000000003 0.009882386
v -0.018455635 -0.020291589999999998 -0.007122655
v -0.018455635 -0.020291589999999998 0.007543018
v -0.018455635 -0.020263991999999998 -0.013192971999999999
v -0.018455635 -0.020263991999999998 0.013613336
v -0.018455635 -0.020232524999999998 -0.007206893
v -0.018455635 -0.020232524999999998 0.007627256
v -0.018455635 -0.020020557 -0.0077613529999999995
v -0.018455635 -0.020020557 0.008181716
v -0.018455635 -0.019793398 -0.008309763999999999
v -0.018455635 -0.019793398 0.008730126000000001
v -0.018455635 -0.019646759 -0.009116419
v -0.018455635 -0.019646759 0.009536781
v -0.018455635 -0.019568346 -0.009049813
v -0.018455635 -0.019568346 0.009470176
v -0.018455635 -0.01955122 -0.008851709
v -0.018455635 -0.01955122 0.009272072
v -0.018455635 -0.019533419 -0.00895304
v -0.018455635 -0.019533419 0.009373404
v -0.018455635 -0.019378508 -0.012957867999999999
v -0.018455635 -0.019378508 0.013378230000000001
v -0.018455635 -0.018958118 -0.012798633
v -0.018455635 -0.018958118 0.013218995
v -0.018455635 -0.018883722 -0.017661726000000003
v -0.018455635 -0.018883722 0.018082088
v -0.018455635 -0.018571377 -0.016752886
v -0.018455635 -0.018571377 0.017173248000000002
v -0.018455635 -0.018563 -0.012597467000000001
v -0.018455635 -0.018563 0.013017830000000001
v -0.018455635 -0.018552658 -0.018005167
v -0.018455635 -0.018552658 0.018425529000000003
v -0.018455635 -0.018215349 -0.018342476000000003
v -0.018455635 -0.018215349 0.018762838
v -0.018455635 -0.01819116 -0.01589434
v -0.018455635 -0.01819116 0.016314703000000003
v -0.018455635 -0.017900452 -0.01214111
v -0.018455635 -0.017900452 0.012561473
v -0.018455635 -0.017871908000000002 -0.01867354
v -0.018455635 -0.017871908000000002 0.019093903000000002
v -0.018455635 -0.017803564 -0.012106506
v -0.018455635 -0.017803564 0.012526869
v -0.018455635 -0.017734886 -0.015099876
v -0.018455635 -0.017734886 0.015520239
v -0.018455635 -0.017702293 -0.012124644
v -0.018455635 -0.017702293 0.012545007
v -0.018455635 -0.017623438 -0.012190725000000001
v -0.018455635 -0.017623438 0.012611088000000001
v -0.018455635 -0.017472271 -0.014735024
v -0.018455635 -0.017472271 0.015155387
v -0.018455635 -0.017275188 -0.012671431
v -0.018455635 -0.017275188 0.013091793
v -0.018455635 -0.017175697 -0.014405436
v -0.018455635 -0.017175697 0.014825798000000001
v -0.018455635 -0.016963068 -0.018361197000000003
v -0.018455635 -0.016963068 0.018781559000000003
v -0.018455635 -0.01691383 -0.013142362000000001
v -0.018455635 -0.01691383 0.013562724
v -0.018455635 -0.01656341 -0.013883578
v -0.018455635 -0.01656341 0.014303941
v -0.018455635 -0.016539639000000002 -0.013603161
v -0.018455635 -0.016539639000000002 0.014023523000000001
v -0.018455635 -0.016504908000000002 -0.013798947
v -0.018455635 -0.016504908000000002 0.01421931
v -0.018455635 -0.016496218 -0.013696432
v -0.018455635 -0.016496218 0.014116795
v -0.018455635 -0.016104523 -0.017980978
v -0.018455635 -0.016104523 0.018401340000000002
v -0.018455635 -0.015310059 -0.017524704
v -0.018455635 -0.015310059 0.017945066000000003
v -0.018455635 -0.015000000999999999 0.000210181
v -0.018455635 -0.014945207 -0.017262089
v -0.018455635 -0.014945207 0.017682451000000002
v -0.018455635 -0.014905684 -0.0014692860000000002
v -0.018455635 -0.014905684 0.001889648
v -0.018455635 -0.014623919 -0.003127633
v -0.018455635 -0.014623919 0.003547995
v -0.018455635 -0.014615618 -0.016965515
v -0.018455635 -0.014615618 0.017385878
v -0.018455635 -0.014158251 -0.004744005
v -0.018455635 -0.014158251 0.0051643670000000004
v -0.018455635 -0.01409376 -0.016353228
v -0.018455635 -0.01409376 0.016773589999999998
v -0.018455635 -0.014009129 -0.016294727000000002
v -0.018455635 -0.014009129 0.016715090000000002
v -0.018455635 -0.013906614 -0.016286036
v -0.018455635 -0.013906614 0.016706398
v -0.018455635 -0.013813343 -0.016329456
v -0.018455635 -0.013813343 0.016749819
v -0.018455635 -0.013614684 -0.021940222
v -0.018455635 -0.013614684 0.022360584
v -0.018455635 -0.013548208 -0.020981510000000002
v -0.018455635 -0.013548208 0.021401873
v -0.018455635 -0.013514534 -0.006298075
v -0.018455635 -0.013514534 0.006718437
v -0.018455635 -0.013403154 -0.02005381
v -0.018455635 -0.013403154 0.020474173000000002
v -0.018455635 -0.013352544000000001 -0.016703648
v -0.018455635 -0.013352544000000001 0.01712401
v -0.018455635 -0.013206013 -0.022186275
v -0.018455635 -0.013206013 0.022606638000000002
v -0.018455635 -0.013168049999999999 -0.019168325
v -0.018455635 -0.013168049999999999 0.019588688
v -0.018455635 -0.013008813999999999 -0.018747936
v -0.018455635 -0.013008813999999999 0.019168299
v -0.018455635 -0.012881613 -0.017065006
v -0.018455635 -0.012881613 0.017485369
v -0.018455635 -0.012807648999999999 -0.018352818
v -0.018455635 -0.012807648999999999 0.01877318
v -0.018455635 -0.012792895 -0.022424788
v -0.018455635 -0.012792895 0.022845152
v -0.018455635 -0.012700864 -0.0077703
v -0.018455635 -0.012700864 0.008190662
v -0.018455635 -0.012400908 -0.017413256000000002
v -0.018455635 -0.012400908 0.017833618000000002
v -0.018455635 -0.012375470999999999 -0.022655684000000002
v -0.018455635 -0.012375470999999999 0.023076046000000003
v -0.018455635 -0.012351293000000001 -0.017690271
v -0.018455635 -0.012351293000000001 0.018110634
v -0.018455635 -0.012334826 -0.017492111
v -0.018455635 -0.012334826 0.017912474
v -0.018455635 -0.012316689 -0.017593381999999998
v -0.018455635 -0.012316689 0.018013743999999998
v -0.018455635 -0.011727473 -0.009142166
v -0.018455635 -0.011727473 0.009562529
v -0.018455635 -0.01157844 -0.022118757
v -0.018455635 -0.01157844 0.02253912
v -0.018455635 -0.010847555 -0.021529285000000002
v -0.018455635 -0.010847555 0.021949648
v -0.018455635 -0.010606603 -0.010396420000000002
v -0.018455635 -0.010606603 0.010816783
v -0.018455635 -0.010198255 -0.020882936
v -0.018455635 -0.010198255 0.021303299
v -0.018455635 -0.009913805 -0.02053484
v -0.018455635 -0.009913805 0.020955202
v -0.018455635 -0.009672206 -0.020163067000000003
v -0.018455635 -0.009672206 0.020583429
v -0.018455635 -0.009352347 -0.011517291
v -0.018455635 -0.009352347 0.011937654
v -0.018455635 -0.009326601 -0.019436577
v -0.018455635 -0.009326601 0.019856939
v -0.018455635 -0.009259995 -0.019358164
v -0.018455635 -0.009259995 0.019778526
v -0.018455635 -0.009163221999999999 -0.019323236
v -0.018455635 -0.009163221999999999 0.019743601000000003
v -0.018455635 -0.009061892 -0.019341038
v -0.018455635 -0.009061892 0.0197614
v -0.018455635 -0.008519945 -0.019583216
v -0.018455635 -0.008519945 0.020003578
v -0.018455635 -0.007980482 -0.012490682
v -0.018455635 -0.007980482 0.012911044
v -0.018455635 -0.007971535 -0.019810375
v -0.018455635 -0.007971535 0.020230737999999998
v -0.018455635 -0.007703833 -0.021916161
v -0.018455635 -0.007703833 0.022336523
v -0.018455635 -0.007701746 -0.022832322999999998
v -0.018455635 -0.007701746 0.023252686
v -0.018455635 -0.007658828 -0.021468882
v -0.018455635 -0.007658828 0.021889244000000002
v -0.018455635 -0.007601751 -0.023765955000000002
v -0.018455635 -0.007601751 0.024186317
v -0.018455635 -0.007566781 -0.021035162
v -0.018455635 -0.007566781 0.021455524
v -0.018455635 -0.007417829000000001 -0.024709205999999997
v -0.018455635 -0.007417829000000001 0.025129567999999998
v -0.018455635 -0.007417076 -0.020022343
v -0.018455635 -0.007417076 0.020442705000000002
v -0.018455635 -0.007332837 -0.020081408
v -0.018455635 -0.007332837 0.020501770000000002
v -0.018455635 -0.007297454 -0.020277076999999998
v -0.018455635 -0.007297454 0.020697438999999998
v -0.018455635 -0.007289106 -0.020174534
v -0.018455635 -0.007289106 0.020594895999999998
v -0.018455635 -0.006959399000000001 -0.024841100999999997
v -0.018455635 -0.006959399000000001 0.025261465
v -0.018455635 -0.006508257000000001 -0.013304352
v -0.018455635 -0.006508257000000001 0.013724714
v -0.018455635 -0.0064986259999999995 -0.024964565
v -0.018455635 -0.0064986259999999995 0.025384927999999998
v -0.018455635 -0.006035666 -0.025079556
v -0.018455635 -0.006035666 0.025499918
v -0.018455635 -0.005404759 -0.024354637000000002
v -0.018455635 -0.005404759 0.024775
v -0.018455635 -0.004954186 -0.013948069
v -0.018455635 -0.004954186 0.014368431
v -0.018455635 -0.004851346 -0.023596085
v -0.018455635 -0.004851346 0.024016449000000002
v -0.018455635 -0.004391457 -0.022803709000000002
v -0.018455635 -0.004391457 0.023224072
v -0.018455635 -0.004206793 -0.022393852
v -0.018455635 -0.004206793 0.022814215000000002
v -0.018455635 -0.004069648 -0.021972216
v -0.018455635 -0.004069648 0.022392578
v -0.018455635 -0.0039238499999999996 -0.021181032
v -0.018455635 -0.0039238499999999996 0.021601395
v -0.018455635 -0.003879808 -0.021088053
v -0.018455635 -0.003879808 0.021508415
v -0.018455635 -0.003795372 -0.021029268
v -0.018455635 -0.003795372 0.021449631
v -0.018455635 -0.0036928869999999997 -0.021020235
v -0.018455635 -0.0036928869999999997 0.021440598
v -0.018455635 -0.003337815 -0.014413737
v -0.018455635 -0.003337815 0.0148341
v -0.018455635 -0.0031067269999999997 -0.021113895
v -0.018455635 -0.0031067269999999997 0.021534258
v -0.018455635 -0.00251821 -0.021191376
v -0.018455635 -0.00251821 0.021611738
v -0.018455635 -0.001927782 -0.021252617
v -0.018455635 -0.001927782 0.021672979000000002
v -0.018455635 -0.0018311269999999999 -0.021287867
v -0.018455635 -0.0018311269999999999 0.021708229
v -0.018455635 -0.00181025 -0.022269672
v -0.018455635 -0.00181025 0.022690035
v -0.018455635 -0.001786905 -0.022712437000000002
v -0.018455635 -0.001786905 0.023132799
v -0.018455635 -0.001764783 -0.021366501
v -0.018455635 -0.001764783 0.021786863
v -0.018455635 -0.0017463070000000001 -0.02146771
v -0.018455635 -0.0017463070000000001 0.021888072999999997
v -0.018455635 -0.001714613 -0.023156122
v -0.018455635 -0.001714613 0.023576485
v -0.018455635 -0.001679468 -0.014695502
v -0.018455635 -0.001679468 0.015115865
v -0.018455635 -0.001475477 -0.024040527000000003
v -0.018455635 -0.001475477 0.02446089
v -0.018455635 -0.0011372469999999999 -0.024916466
v -0.018455635 -0.0011372469999999999 0.025336828000000002
v -0.018455635 -0.000715461 -0.025779972
v -0.018455635 -0.000715461 0.026200336
v -0.018455635 -0.000238514 -0.025788725
v -0.018455635 -0.000238514 0.026209087000000002
v -0.018455635 -1e-09 -0.014789819
v -0.018455635 -1e-09 0.015210181000000001
v -0.018455635 0.000238513 -0.025788725
v -0.018455635 0.000238513 0.026209087000000002
v -0.018455635 0.000715459 -0.025779972
v -0.018455635 0.000715459 0.026200336
v -0.018455635 0.001137246 -0.024916466
v -0.018455635 0.001137246 0.025336828000000002
v -0.018455635 0.0014754750000000002 -0.024040527000000003
v -0.018455635 0.0014754750000000002 0.02446089
v -0.018455635 0.001679466 -0.014695502
v -0.018455635 0.001679466 0.015115865
v -0.018455635 0.0017146110000000002 -0.023156122
v -0.018455635 0.0017146110000000002 0.023576485
v -0.018455635 0.001746306 -0.02146771
v -0.018455635 0.001746306 0.021888072999999997
v -0.018455635 0.0017647820000000001 -0.021366501
v -0.018455635 0.0017647820000000001 0.021786863
v -0.018455635 0.0017869040000000002 -0.022712437000000002
v -0.018455635 0.0017869040000000002 0.023132799
v -0.018455635 0.0018102480000000002 -0.022269672
v -0.018455635 0.0018102480000000002 0.022690035
v -0.018455635 0.001831126 -0.021287867
v -0.018455635 0.001831126 0.021708229
v -0.018455635 0.001927781 -0.021252617
v -0.018455635 0.001927781 0.021672979000000002
v -0.018455635 0.002518209 -0.021191376
v -0.018455635 0.002518209 0.021611738
v -0.018455635 0.003106726 -0.021113895
v -0.018455635 0.003106726 0.021534258
v -0.018455635 0.0033378130000000002 -0.014413737
v -0.018455635 0.0033378130000000002 0.0148341
v -0.018455635 0.0036928860000000003 -0.021020235
v -0.018455635 0.0036928860000000003 0.021440598
v -0.018455635 0.003795371 -0.021029268
v -0.018455635 0.003795371 0.021449631
v -0.018455635 0.003879807 -0.021088053
v -0.018455635 0.003879807 0.021508415
v -0.018455635 0.003923848 -0.021181032
v -0.018455635 0.003923848 0.021601395
v -0.018455635 0.004069647 -0.021972216
v -0.018455635 0.004069647 0.022392578
v -0.018455635 0.004206792 -0.022393852
v -0.018455635 0.004206792 0.022814215000000002
v -0.018455635 0.004391456 -0.022803709000000002
v -0.018455635 0.004391456 0.023224072
v -0.018455635 0.0048513440000000005 -0.023596085
v -0.018455635 0.0048513440000000005 0.024016449000000002
v -0.018455635 0.004954185 -0.013948069
v -0.018455635 0.004954185 0.014368431
v -0.018455635 0.005404758 -0.024354637000000002
v -0.018455635 0.005404758 0.024775
v -0.018455635 0.006035665 -0.025079556
v -0.018455635 0.006035665 0.025499918
v -0.018455635 0.006498625 -0.024964565
v -0.018455635 0.006498625 0.025384927999999998
v -0.018455635 0.006508255 -0.013304352
v -0.018455635 0.006508255 0.013724714
v -0.018455635 0.006959398 -0.024841100999999997
v -0.018455635 0.006959398 0.025261465
v -0.018455635 0.007289104 -0.020174534
v -0.018455635 0.007289104 0.020594895999999998
v -0.018455635 0.007297453 -0.020277076999999998
v -0.018455635 0.007297453 0.020697438999999998
v -0.018455635 0.0073328360000000006 -0.020081408
v -0.018455635 0.0073328360000000006 0.020501770000000002
v -0.018455635 0.007417074000000001 -0.020022343
v -0.018455635 0.007417074000000001 0.020442705000000002
v -0.018455635 0.0074178280000000004 -0.024709205999999997
v -0.018455635 0.0074178280000000004 0.025129567999999998
v -0.018455635 0.0075667799999999995 -0.021035162
v -0.018455635 0.0075667799999999995 0.021455524
v -0.018455635 0.00760175 -0.023765955000000002
v -0.018455635 0.00760175 0.024186317
v -0.018455635 0.007658827 -0.021468882
v -0.018455635 0.007658827 0.021889244000000002
v -0.018455635 0.007701745 -0.022832322999999998
v -0.018455635 0.007701745 0.023252686
v -0.018455635 0.007703832000000001 -0.021916161
v -0.018455635 0.007703832000000001 0.022336523
v -0.018455635 0.007971534 -0.019810375
v -0.018455635 0.007971534 0.020230737999999998
v -0.018455635 0.007980481000000001 -0.012490682
v -0.018455635 0.007980481000000001 0.012911044
v -0.018455635 0.008519944000000002 -0.019583216
v -0.018455635 0.008519944000000002 0.020003578
v -0.018455635 0.009061890999999999 -0.019341038
v -0.018455635 0.009061890999999999 0.0197614
v -0.018455635 0.009163221000000001 -0.019323236
v -0.018455635 0.009163221000000001 0.019743601000000003
v -0.018455635 0.009259994 -0.019358164
v -0.018455635 0.009259994 0.019778526
v -0.018455635 0.009326599 -0.019436577
v -0.018455635 0.009326599 0.019856939
v -0.018455635 0.009352346000000001 -0.011517291
v -0.018455635 0.009352346000000001 0.011937654
v -0.018455635 0.009672204 -0.020163067000000003
v -0.018455635 0.009672204 0.020583429
v -0.018455635 0.009913803 -0.02053484
v -0.018455635 0.009913803 0.020955202
v -0.018455635 0.010198254 -0.020882936
v -0.018455635 0.010198254 0.021303299
v -0.018455635 0.010606601 -0.010396420000000002
v -0.018455635 0.010606601 0.010816783
v -0.018455635 0.010847554 -0.021529285000000002
v -0.018455635 0.010847554 0.021949648
v -0.018455635 0.011578438 -0.022118757
v -0.018455635 0.011578438 0.02253912
v -0.018455635 0.011727471 -0.009142166
v -0.018455635 0.011727471 0.009562529
v -0.018455635 0.012316687 -0.017593381999999998
v -0.018455635 0.012316687 0.018013743999999998
v -0.018455635 0.012334826 -0.017492111
v -0.018455635 0.012334826 0.017912474
v -0.018455635 0.012351291 -0.017690271
v -0.018455635 0.012351291 0.018110634
v -0.018455635 0.01237547 -0.022655684000000002
v -0.018455635 0.01237547 0.023076046000000003
v -0.018455635 0.012400906000000001 -0.017413256000000002
v -0.018455635 0.012400906000000001 0.017833618000000002
v -0.018455635 0.012700862 -0.0077703
v -0.018455635 0.012700862 0.008190662
v -0.018455635 0.012792893 -0.022424788
v -0.018455635 0.012792893 0.022845152
v -0.018455635 0.012807648000000001 -0.018352818
v -0.018455635 0.012807648000000001 0.01877318
v -0.018455635 0.012881612 -0.017065006
v -0.018455635 0.012881612 0.017485369
v -0.018455635 0.013008813000000001 -0.018747936
v -0.018455635 0.013008813000000001 0.019168299
v -0.018455635 0.013168049 -0.019168325
v -0.018455635 0.013168049 0.019588688
v -0.018455635 0.013206011 -0.022186275
v -0.018455635 0.013206011 0.022606638000000002
v -0.018455635 0.013352542 -0.016703648
v -0.018455635 0.013352542 0.01712401
v -0.018455635 0.013403153 -0.02005381
v -0.018455635 0.013403153 0.020474173000000002
v -0.018455635 0.013514532000000001 -0.006298075
v -0.018455635 0.013514532000000001 0.006718437
v -0.018455635 0.013548207 -0.020981510000000002
v -0.018455635 0.013548207 0.021401873
v -0.018455635 0.013614682999999999 -0.021940222
v -0.018455635 0.013614682999999999 0.022360584
v -0.018455635 0.013813341 -0.016329456
v -0.018455635 0.013813341 0.016749819
v -0.018455635 0.013906612 -0.016286036
v -0.018455635 0.013906612 0.016706398
v -0.018455635 0.014009128000000001 -0.016294727000000002
v -0.018455635 0.014009128000000001 0.016715090000000002
v -0.018455635 0.014093759 -0.016353228
v -0.018455635 0.014093759 0.016773589999999998
v -0.018455635 0.014158249 -0.004744005
v -0.018455635 0.014158249 0.0051643670000000004
v -0.018455635 0.014615617000000001 -0.016965515
v -0.018455635 0.014615617000000001 0.017385878
v -0.018455635 0.014623918 -0.003127633
v -0.018455635 0.014623918 0.003547995
v -0.018455635 0.014905683 -0.0014692860000000002
v -0.018455635 0.014905683 0.001889648
v -0.018455635 0.014945206 -0.017262089
v -0.018455635 0.014945206 0.017682451000000002
v -0.018455635 0.014999999000000002 0.000210181
v -0.018455635 0.015310057 -0.017524704
v -0.018455635 0.015310057 0.017945066000000003
v -0.018455635 0.016104521 -0.017980978
v -0.018455635 0.016104521 0.018401340000000002
v -0.018455635 0.016496216 -0.013696432
v -0.018455635 0.016496216 0.014116795
v -0.018455635 0.016504908000000002 -0.013798947
v -0.018455635 0.016504908000000002 0.01421931
v -0.018455635 0.016539637 -0.013603161
v -0.018455635 0.016539637 0.014023523000000001
v -0.018455635 0.016563407999999998 -0.013883578
v -0.018455635 0.016563407999999998 0.014303941
v -0.018455635 0.016913828 -0.013142362000000001
v -0.018455635 0.016913828 0.013562724
v -0.018455635 0.016963066000000002 -0.018361197000000003
v -0.018455635 0.016963066000000002 0.018781559000000003
v -0.018455635 0.017175695 -0.014405436
v -0.018455635 0.017175695 0.014825798000000001
v -0.018455635 0.017275187 -0.012671431
v -0.018455635 0.017275187 0.013091793
v -0.018455635 0.017472271 -0.014735024
v -0.018455635 0.017472271 0.015155387
v -0.018455635 0.017623436000000003 -0.012190725000000001
v -0.018455635 0.017623436000000003 0.012611088000000001
v -0.018455635 0.017702291 -0.012124644
v -0.018455635 0.017702291 0.012545007
v -0.018455635 0.017734884000000003 -0.015099876
v -0.018455635 0.017734884000000003 0.015520239
v -0.018455635 0.017803562 -0.012106506
v -0.018455635 0.017803562 0.012526869
v -0.018455635 0.017871906 -0.01867354
v -0.018455635 0.017871906 0.019093903000000002
v -0.018455635 0.017900452 -0.01214111
v -0.018455635 0.017900452 0.012561473
v -0.018455635 0.018191158000000002 -0.01589434
v -0.018455635 0.018191158000000002 0.016314703000000003
v -0.018455635 0.018215347000000003 -0.018342476000000003
v -0.018455635 0.018215347000000003 0.018762838
v -0.018455635 0.018552656 -0.018005167
v -0.018455635 0.018552656 0.018425529000000003
v -0.018455635 0.018562998 -0.012597467000000001
v -0.018455635 0.018562998 0.013017830000000001
v -0.018455635 0.018571377 -0.016752886
v -0.018455635 0.018571377 0.017173248000000002
v -0.018455635 0.01888372 -0.017661726000000003
v -0.018455635 0.01888372 0.018082088
v -0.018455635 0.018958117000000003 -0.012798633
v -0.018455635 0.018958117000000003 0.013218995
v -0.018455635 0.019378506000000004 -0.012957867999999999
v -0.018455635 0.019378506000000004 0.013378230000000001
v -0.018455635 0.019533419 -0.00895304
v -0.018455635 0.019533419 0.009373404
v -0.018455635 0.019551218 -0.008851709
v -0.018455635 0.019551218 0.009272072
v -0.018455635 0.019568346 -0.009049813
v -0.018455635 0.019568346 0.009470176
v -0.018455635 0.019646757 -0.009116419
v -0.018455635 0.019646757 0.009536781
v -0.018455635 0.019793396 -0.008309763999999999
v -0.018455635 0.019793396 0.008730126000000001
v -0.018455635 0.020020555000000002 -0.0077613529999999995
v -0.018455635 0.020020555000000002 0.008181716
v -0.018455635 0.020232523000000002 -0.007206893
v -0.018455635 0.020232523000000002 0.007627256
v -0.018455635 0.02026399 -0.013192971999999999
v -0.018455635 0.02026399 0.013613336
v -0.018455635 0.020291588000000003 -0.007122655
v -0.018455635 0.020291588000000003 0.007543018
v -0.018455635 0.020373247 -0.009462024
v -0.018455635 0.020373247 0.009882386
v -0.018455635 0.020384713999999998 -0.007078924
v -0.018455635 0.020384713999999998 0.007499287
v -0.018455635 0.020487257 -0.0070872719999999995
v -0.018455635 0.020487257 0.0075076349999999995
v -0.018455635 0.02074502 -0.009703623
v -0.018455635 0.02074502 0.010123985
v -0.018455635 0.021093117 -0.009988072
v -0.018455635 0.021093117 0.010408435
v -0.018455635 0.021191690000000003 -0.013338027
v -0.018455635 0.021191690000000003 0.013758389
v -0.018455635 0.021230416999999998 -0.0034827050000000004
v -0.018455635 0.021230416999999998 0.0039030680000000004
v -0.018455635 0.021239449 -0.003585191
v -0.018455635 0.021239449 0.004005553
v -0.018455635 0.021245342 -0.007356599
v -0.018455635 0.021245342 0.007776962
v -0.018455635 0.021298233 -0.003669626
v -0.018455635 0.021298233 0.004089988
v -0.018455635 0.021324076 -0.0028965450000000004
v -0.018455635 0.021324076 0.0033169080000000004
v -0.018455635 0.021391212 -0.0037136680000000003
v -0.018455635 0.021391212 0.00413403
v -0.018455635 0.021401556 -0.002308028
v -0.018455635 0.021401556 0.0027283909999999997
v -0.018455635 0.021462797 -0.0017176000000000001
v -0.018455635 0.021462797 0.002137963
v -0.018455635 0.021498047 -0.0016209450000000002
v -0.018455635 0.021498047 0.002041308
v -0.018455635 0.021576681 -0.0015546009999999999
v -0.018455635 0.021576681 0.001974964
v -0.018455635 0.021677890999999998 -0.001536125
v -0.018455635 0.021677890999999998 0.001956488
v -0.018455635 0.021679062 -0.007448646000000001
v -0.018455635 0.021679062 0.007869009
v -0.018455635 0.021739467999999998 -0.010637373
v -0.018455635 0.021739467999999998 0.011057734999999999
v -0.018455635 0.022126341 -0.007493651
v -0.018455635 0.022126341 0.007914013
v -0.018455635 0.022150404000000002 -0.013404503
v -0.018455635 0.022150404000000002 0.013824865
v -0.018455635 0.022182398 -0.003859467
v -0.018455635 0.022182398 0.004279829000000001
v -0.018455635 0.022328938000000003 -0.011368258000000001
v -0.018455635 0.022328938000000003 0.01178862
v -0.018455635 0.022396456000000002 -0.012995831000000001
v -0.018455635 0.022396456000000002 0.013416193
v -0.018455635 0.022479852999999998 -0.001600068
v -0.018455635 0.022479852999999998 0.00202043
v -0.018455635 0.022604033000000003 -0.003996611000000001
v -0.018455635 0.022604033000000003 0.004416974
v -0.018455635 0.02263497 -0.012582713
v -0.018455635 0.02263497 0.013003076
v -0.018455635 0.022865864 -0.012165289
v -0.018455635 0.022865864 0.012585651
v -0.018455635 0.022922617 -0.0015767230000000001
v -0.018455635 0.022922617 0.001997086
v -0.018455635 0.023013889 -0.004181275000000001
v -0.018455635 0.023013889 0.0046016370000000004
v -0.018455635 0.023042503 -0.007491564000000001
v -0.018455635 0.023042503 0.007911927000000001
v -0.018455635 0.023366302000000002 -0.001504431
v -0.018455635 0.023366302000000002 0.001924793
v -0.018455635 0.023806267 -0.004641163
v -0.018455635 0.023806267 0.005061526
v -0.018455635 0.023976135 -0.007391569
v -0.018455635 0.023976135 0.007811932
v -0.018455635 0.024250708 -0.001265295
v -0.018455635 0.024250708 0.001685657
v -0.018455635 0.024564817000000003 -0.005194577
v -0.018455635 0.024564817000000003 0.00561494
v -0.018455635 0.024919385999999998 -0.007207647
v -0.018455635 0.024919385999999998 0.00762801
v -0.018455635 0.025051283 -0.006749217
v -0.018455635 0.025051283 0.00716958
v -0.018455635 0.025126646000000002 -0.000927065
v -0.018455635 0.025126646000000002 0.0013474280000000001
v -0.018455635 0.025174745999999998 -0.006288445
v -0.018455635 0.025174745999999998 0.006708807000000001
v -0.018455635 0.025289736 -0.0058254840000000006
v -0.018455635 0.025289736 0.0062458470000000006
v -0.018455635 0.025990154 -0.0005052790000000001
v -0.018455635 0.025990154 0.000925641
v -0.018455635 0.025998905000000003 -2.8332e-05
v -0.018455635 0.025998905000000003 0.00044869500000000004
v -0.016233414 -0.021576683 -0.0015546009999999999
v -0.016233414 -0.021576683 0.001974964
v -0.016233414 -0.021498049 -0.0016209450000000002
v -0.016233414 -0.021498049 0.002041308
v -0.016233414 -0.021298235 -0.003669626
v -0.016233414 -0.021298235 0.004089988
v -0.016233414 -0.021239450000000003 -0.003585191
v -0.016233414 -0.021239450000000003 0.004005553
v -0.016233414 -0.020384716 -0.007078924
v -0.016233414 -0.020384716 0.007499287
v -0.016233414 -0.020291589999999998 -0.007122655
v -0.016233414 -0.020291589999999998 0.007543018
v -0.016233414 -0.019568346 -0.009049813
v -0.016233414 -0.019568346 0.009470176
v -0.016233414 -0.019533419 -0.00895304
v -0.016233414 -0.019533419 0.009373404
v -0.016233414 -0.017803564 -0.012106506
v -0.016233414 -0.017803564 0.012526869
v -0.016233414 -0.017702293 -0.012124644
v -0.016233414 -0.017702293 0.012545007
v -0.016233414 -0.016504908000000002 -0.013798947
v -0.016233414 -0.016504908000000002 0.01421931
v -0.016233414 -0.016496218 -0.013696432
v -0.016233414 -0.016496218 0.014116795
v -0.016233414 -0.014009129 -0.016294727000000002
v -0.016233414 -0.014009129 0.016715090000000002
v -0.016233414 -0.013906614 -0.016286036
v -0.016233414 -0.013906614 0.016706398
v -0.016233414 -0.012334826 -0.017492111
v -0.016233414 -0.012334826 0.017912474
v -0.016233414 -0.012316689 -0.017593381999999998
v -0.016233414 -0.012316689 0.018013743999999998
v -0.016233414 -0.009259995 -0.019358164
v -0.016233414 -0.009259995 0.019778526
v -0.016233414 -0.009163221999999999 -0.019323236
v -0.016233414 -0.009163221999999999 0.019743601000000003
v -0.016233414 -0.007332837 -0.020081408
v -0.016233414 -0.007332837 0.020501770000000002
v -0.016233414 -0.007289106 -0.020174534
v -0.016233414 -0.007289106 0.020594895999999998
v -0.016233414 -0.003879808 -0.021088053
v -0.016233414 -0.003879808 0.021508415
v -0.016233414 -0.003795372 -0.021029268
v -0.016233414 -0.003795372 0.021449631
v -0.016233414 -0.0018311269999999999 -0.021287867
v -0.016233414 -0.0018311269999999999 0.021708229
v -0.016233414 -0.001764783 -0.021366501
v -0.016233414 -0.001764783 0.021786863
v -0.016233414 0.0017647820000000001 -0.021366501
v -0.016233414 0.0017647820000000001 0.021786863
v -0.016233414 0.001831126 -0.021287867
v -0.016233414 0.001831126 0.021708229
v -0.016233414 0.003795371 -0.021029268
v -0.016233414 0.003795371 0.021449631
v -0.016233414 0.003879807 -0.021088053
v -0.016233414 0.003879807 0.021508415
v -0.016233414 0.007289104 -0.020174534
v -0.016233414 0.007289104 0.020594895999999998
v -0.016233414 0.0073328360000000006 -0.020081408
v -0.016233414 0.0073328360000000006 0.020501770000000002
v -0.016233414 0.009163221000000001 -0.019323236
v -0.016233414 0.009163221000000001 0.019743601000000003
v -0.016233414 0.009259994 -0.019358164
v -0.016233414 0.009259994 0.019778526
v -0.016233414 0.012316687 -0.017593381999999998
v -0.016233414 0.012316687 0.018013743999999998
v -0.016233414 0.012334826 -0.017492111
v -0.016233414 0.012334826 0.017912474
v -0.016233414 0.013906612 -0.016286036
v -0.016233414 0.013906612 0.016706398
v -0.016233414 0.014009128000000001 -0.016294727000000002
v -0.016233414 0.014009128000000001 0.016715090000000002
v -0.016233414 0.016496216 -0.013696432
v -0.016233414 0.016496216 0.014116795
v -0.016233414 0.016504908000000002 -0.013798947
v -0.016233414 0.016504908000000002 0.01421931
v -0.016233414 0.017702291 -0.012124644
v -0.016233414 0.017702291 0.012545007
v -0.016233414 0.017803562 -0.012106506
v -0.016233414 0.017803562 0.012526869
v -0.016233414 0.019533419 -0.00895304
v -0.016233414 0.019533419 0.009373404
v -0.016233414 0.019568346 -0.009049813
v -0.016233414 0.019568346 0.009470176
v -0.016233414 0.020291588000000003 -0.007122655
v -0.016233414 0.020291588000000003 0.007543018
v -0.016233414 0.020384713999999998 -0.007078924
v -0.016233414 0.020384713999999998 0.007499287
v -0.016233414 0.021239449 -0.003585191
v -0.016233414 0.021239449 0.004005553
v -0.016233414 0.021298233 -0.003669626
v -0.016233414 0.021298233 0.004089988
v -0.016233414 0.021498047 -0.0016209450000000002
v -0.016233414 0.021498047 0.002041308
v -0.016233414 0.021576681 -0.0015546009999999999
v -0.016233414 0.021576681 0.001974964
v -0.015122301999999999 -0.015000000999999999 0.000210181
v -0.015122301999999999 -0.014905684 -0.0014692860000000002
v -0.015122301999999999 -0.014905684 0.001889648
v -0.015122301999999999 -0.014623919 -0.003127633
v -0.015122301999999999 -0.014623919 0.003547995
v -0.015122301999999999 -0.014158251 -0.004744005
v -0.015122301999999999 -0.014158251 0.0051643670000000004
v -0.015122301999999999 -0.013514534 -0.006298075
v -0.015122301999999999 -0.013514534 0.006718437
v -0.015122301999999999 -0.012700864 -0.0077703
v -0.015122301999999999 -0.012700864 0.008190662
v -0.015122301999999999 -0.011727473 -0.009142166
v -0.015122301999999999 -0.011727473 0.009562529
v -0.015122301999999999 -0.010606603 -0.010396420000000002
v -0.015122301999999999 -0.010606603 0.010816783
v -0.015122301999999999 -0.009352347 -0.011517291
v -0.015122301999999999 -0.009352347 0.011937654
v -0.015122301999999999 -0.007980482 -0.012490682
v -0.015122301999999999 -0.007980482 0.012911044
v -0.015122301999999999 -0.006508257000000001 -0.013304352
v -0.015122301999999999 -0.006508257000000001 0.013724714
v -0.015122301999999999 -0.004954186 -0.013948069
v -0.015122301999999999 -0.003337815 -0.014413737
v -0.015122301999999999 -0.001679468 -0.014695502
v -0.015122301999999999 -1e-09 -0.014789819
v -0.015122301999999999 0.001679466 -0.014695502
v -0.015122301999999999 0.0033378130000000002 -0.014413737
v -0.015122301999999999 0.004954185 -0.013948069
v -0.015122301999999999 0.006508255 -0.013304352
v -0.015122301999999999 0.006508255 0.013724714
v -0.015122301999999999 0.007980481000000001 -0.012490682
v -0.015122301999999999 0.007980481000000001 0.012911044
v -0.015122301999999999 0.009352346000000001 -0.011517291
v -0.015122301999999999 0.009352346000000001 0.011937654
v -0.015122301999999999 0.010606601 -0.010396420000000002
v -0.015122301999999999 0.010606601 0.010816783
v -0.015122301999999999 0.011727471 -0.009142166
v -0.015122301999999999 0.011727471 0.009562529
v -0.015122301999999999 0.012700862 -0.0077703
v -0.015122301999999999 0.012700862 0.008190662
v -0.015122301999999999 0.013514532000000001 -0.006298075
v -0.015122301999999999 0.013514532000000001 0.006718437
v -0.015122301999999999 0.014158249 -0.004744005
v -0.015122301999999999 0.014158249 0.0051643670000000004
v -0.015122301999999999 0.014623918 -0.003127633
v -0.015122301999999999 0.014623918 0.003547995
v -0.015122301999999999 0.014905683 -0.0014692860000000002
v -0.015122301999999999 0.014905683 0.001889648
v -0.015122301999999999 0.014999999000000002 0.000210181
v -0.01401119 -0.021576683 -0.0015546009999999999
v -0.01401119 -0.021576683 0.001974964
v -0.01401119 -0.021498049 -0.0016209450000000002
v -0.01401119 -0.021498049 0.002041308
v -0.01401119 -0.021298235 -0.003669626
v -0.01401119 -0.021298235 0.004089988
v -0.01401119 -0.021239450000000003 -0.003585191
v -0.01401119 -0.021239450000000003 0.004005553
v -0.01401119 -0.020384716 -0.007078924
v -0.01401119 -0.020384716 0.007499287
v -0.01401119 -0.020291589999999998 -0.007122655
v -0.01401119 -0.020291589999999998 0.007543018
v -0.01401119 -0.019568346 -0.009049813
v -0.01401119 -0.019568346 0.009470176
v -0.01401119 -0.019533419 -0.00895304
v -0.01401119 -0.019533419 0.009373404
v -0.01401119 -0.017803564 -0.012106506
v -0.01401119 -0.017803564 0.012526869
v -0.01401119 -0.017702293 -0.012124644
v -0.01401119 -0.017702293 0.012545007
v -0.01401119 -0.016504908000000002 -0.013798947
v -0.01401119 -0.016504908000000002 0.01421931
v -0.01401119 -0.016496218 -0.013696432
v -0.01401119 -0.016496218 0.014116795
v -0.01401119 -0.014009129 -0.016294727000000002
v -0.01401119 -0.014009129 0.016715090000000002
v -0.01401119 -0.013906614 -0.016286036
v -0.01401119 -0.013906614 0.016706398
v -0.01401119 -0.012334826 -0.017492111
v -0.01401119 -0.012334826 0.017912474
v -0.01401119 -0.012316689 -0.017593381999999998
v -0.01401119 -0.012316689 0.018013743999999998
v -0.01401119 -0.009259995 -0.019358164
v -0.01401119 -0.009259995 0.019778526
v -0.01401119 -0.009163221999999999 -0.019323236
v -0.01401119 -0.009163221999999999 0.019743601000000003
v -0.01401119 -0.007332837 -0.020081408
v -0.01401119 -0.007332837 0.020501770000000002
v -0.01401119 -0.007289106 -0.020174534
v -0.01401119 -0.007289106 0.020594895999999998
v -0.01401119 -0.003879808 -0.021088053
v -0.01401119 -0.003879808 0.021508415
v -0.01401119 -0.003795372 -0.021029268
v -0.01401119 -0.003795372 0.021449631
v -0.01401119 -0.0018311269999999999 -0.021287867
v -0.01401119 -0.0018311269999999999 0.021708229
v -0.01401119 -0.001764783 -0.021366501
v -0.01401119 -0.001764783 0.021786863
v -0.01401119 0.0017647820000000001 -0.021366501
v -0.01401119 0.0017647820000000001 0.021786863
v -0.01401119 0.001831126 -0.021287867
v -0.01401119 0.001831126 0.021708229
v -0.01401119 0.003795371 -0.021029268
v -0.01401119 0.003795371 0.021449631
v -0.01401119 0.003879807 -0.021088053
v -0.01401119 0.003879807 0.021508415
v -0.01401119 0.007289104 -0.020174534
v -0.01401119 0.007289104 0.020594895999999998
v -0.01401119 0.0073328360000000006 -0.020081408
v -0.01401119 0.0073328360000000006 0.020501770000000002
v -0.01401119 0.009163221000000001 -0.019323236
v -0.01401119 0.009163221000000001 0.019743601000000003
v -0.01401119 0.009259994 -0.019358164
v -0.01401119 0.009259994 0.019778526
v -0.01401119 0.012316687 -0.017593381999999998
v -0.01401119 0.012316687 0.018013743999999998
v -0.01401119 0.012334826 -0.017492111
v -0.01401119 0.012334826 0.017912474
v -0.01401119 0.013906612 -0.016286036
v -0.01401119 0.013906612 0.016706398
v -0.01401119 0.014009128000000001 -0.016294727000000002
v -0.01401119 0.014009128000000001 0.016715090000000002
v -0.01401119 0.016496216 -0.013696432
v -0.01401119 0.016496216 0.014116795
v -0.01401119 0.016504908000000002 -0.013798947
v -0.01401119 0.016504908000000002 0.01421931
v -0.01401119 0.017702291 -0.012124644
v -0.01401119 0.017702291 0.012545007
v -0.01401119 0.017803562 -0.012106506
v -0.01401119 0.017803562 0.012526869
v -0.01401119 0.019533419 -0.00895304
v -0.01401119 0.019533419 0.009373404
v -0.01401119 0.019568346 -0.009049813
v -0.01401119 0.019568346 0.009470176
v -0.01401119 0.020291588000000003 -0.007122655
v -0.01401119 0.020291588000000003 0.007543018
v -0.01401119 0.020384713999999998 -0.007078924
v -0.01401119 0.020384713999999998 0.007499287
v -0.01401119 0.021239449 -0.003585191
v -0.01401119 0.021239449 0.004005553
v -0.01401119 0.021298233 -0.003669626
v -0.01401119 0.021298233 0.004089988
v -0.01401119 0.021498047 -0.0016209450000000002
v -0.01401119 0.021498047 0.002041308
v -0.01401119 0.021576681 -0.0015546009999999999
v -0.01401119 0.021576681 0.001974964
v -0.011788969 -0.021576683 -0.0015546009999999999
v -0.011788969 -0.021576683 0.001974964
v -0.011788969 -0.021498049 -0.0016209450000000002
v -0.011788969 -0.021498049 0.002041308
v -0.011788969 -0.021298235 -0.003669626
v -0.011788969 -0.021298235 0.004089988
v -0.011788969 -0.021239450000000003 -0.003585191
v -0.011788969 -0.021239450000000003 0.004005553
v -0.011788969 -0.020384716 -0.007078924
v -0.011788969 -0.020384716 0.007499287
v -0.011788969 -0.020291589999999998 -0.007122655
v -0.011788969 -0.020291589999999998 0.007543018
v -0.011788969 -0.019568346 -0.009049813
v -0.011788969 -0.019568346 0.009470176
v -0.011788969 -0.019533419 -0.00895304
v -0.011788969 -0.019533419 0.009373404
v -0.011788969 -0.017803564 -0.012106506
v -0.011788969 -0.017803564 0.012526869
v -0.011788969 -0.017702293 -0.012124644
v -0.011788969 -0.017702293 0.012545007
v -0.011788969 -0.016504908000000002 -0.013798947
v -0.011788969 -0.016504908000000002 0.01421931
v -0.011788969 -0.016496218 -0.013696432
v -0.011788969 -0.016496218 0.014116795
v -0.011788969 -0.014009129 -0.016294727000000002
v -0.011788969 -0.014009129 0.016715090000000002
v -0.011788969 -0.013906614 -0.016286036
v -0.011788969 -0.013906614 0.016706398
v -0.011788969 -0.012334826 -0.017492111
v -0.011788969 -0.012334826 0.017912474
v -0.011788969 -0.012316689 -0.017593381999999998
v -0.011788969 -0.012316689 0.018013743999999998
v -0.011788969 -0.009259995 -0.019358164
v -0.011788969 -0.009259995 0.019778526
v -0.011788969 -0.009163221999999999 -0.019323236
v -0.011788969 -0.009163221999999999 0.019743601000000003
v -0.011788969 -0.007332837 -0.020081408
v -0.011788969 -0.007332837 0.020501770000000002
v -0.011788969 -0.007289106 -0.020174534
v -0.011788969 -0.007289106 0.020594895999999998
v -0.011788969 -0.003879808 -0.021088053
v -0.011788969 -0.003879808 0.021508415
v -0.011788969 -0.003795372 -0.021029268
v -0.011788969 -0.003795372 0.021449631
v -0.011788969 -0.0018311269999999999 -0.021287867
v -0.011788969 -0.0018311269999999999 0.021708229
v -0.011788969 -0.001764783 -0.021366501
v -0.011788969 -0.001764783 0.021786863
v -0.011788969 0.0017647820000000001 -0.021366501
v -0.011788969 0.0017647820000000001 0.021786863
v -0.011788969 0.001831126 -0.021287867
v -0.011788969 0.001831126 0.021708229
v -0.011788969 0.003795371 -0.021029268
v -0.011788969 0.003795371 0.021449631
v -0.011788969 0.003879807 -0.021088053
v -0.011788969 0.003879807 0.021508415
v -0.011788969 0.007289104 -0.020174534
v -0.011788969 0.007289104 0.020594895999999998
v -0.011788969 0.0073328360000000006 -0.020081408
v -0.011788969 0.0073328360000000006 0.020501770000000002
v -0.011788969 0.009163221000000001 -0.019323236
v -0.011788969 0.009163221000000001 0.019743601000000003
v -0.011788969 0.009259994 -0.019358164
v -0.011788969 0.009259994 0.019778526
v -0.011788969 0.012316687 -0.017593381999999998
v -0.011788969 0.012316687 0.018013743999999998
v -0.011788969 0.012334826 -0.017492111
v -0.011788969 0.012334826 0.017912474
v -0.011788969 0.013906612 -0.016286036
v -0.011788969 0.013906612 0.016706398
v -0.011788969 0.014009128000000001 -0.016294727000000002
v -0.011788969 0.014009128000000001 0.016715090000000002
v -0.011788969 0.016496216 -0.013696432
v -0.011788969 0.016496216 0.014116795
v -0.011788969 0.016504908000000002 -0.013798947
v -0.011788969 0.016504908000000002 0.01421931
v -0.011788969 0.017702291 -0.012124644
v -0.011788969 0.017702291 0.012545007
v -0.011788969 0.017803562 -0.012106506
v -0.011788969 0.017803562 0.012526869
v -0.011788969 0.019533419 -0.00895304
v -0.011788969 0.019533419 0.009373404
v -0.011788969 0.019568346 -0.009049813
v -0.011788969 0.019568346 0.009470176
v -0.011788969 0.020291588000000003 -0.007122655
v -0.011788969 0.020291588000000003 0.007543018
v -0.011788969 0.020384713999999998 -0.007078924
v -0.011788969 0.020384713999999998 0.007499287
v -0.011788969 0.021239449 -0.003585191
v -0.011788969 0.021239449 0.004005553
v -0.011788969 0.021298233 -0.003669626
v -0.011788969 0.021298233 0.004089988
v -0.011788969 0.021498047 -0.0016209450000000002
v -0.011788969 0.021498047 0.002041308
v -0.011788969 0.021576681 -0.0015546009999999999
v -0.011788969 0.021576681 0.001974964
v -0.009566747 -0.021576683 -0.0015546009999999999
v -0.009566747 -0.021576683 0.001974964
v -0.009566747 -0.021498049 -0.0016209450000000002
v -0.009566747 -0.021498049 0.002041308
v -0.009566747 -0.021298235 -0.003669626
v -0.009566747 -0.021298235 0.004089988
v -0.009566747 -0.021239450000000003 -0.003585191
v -0.009566747 -0.021239450000000003 0.004005553
v -0.009566747 -0.020384716 -0.007078924
v -0.009566747 -0.020384716 0.007499287
v -0.009566747 -0.020291589999999998 -0.007122655
v -0.009566747 -0.020291589999999998 0.007543018
v -0.009566747 -0.019568346 -0.009049813
v -0.009566747 -0.019568346 0.009470176
v -0.009566747 -0.019533419 -0.00895304
v -0.009566747 -0.019533419 0.009373404
v -0.009566747 -0.017803564 -0.012106506
v -0.009566747 -0.017803564 0.012526869
v -0.009566747 -0.017702293 -0.012124644
v -0.009566747 -0.017702293 0.012545007
v -0.009566747 -0.016504908000000002 -0.013798947
v -0.009566747 -0.016504908000000002 0.01421931
v -0.009566747 -0.016496218 -0.013696432
v -0.009566747 -0.016496218 0.014116795
v -0.009566747 -0.014009129 -0.016294727000000002
v -0.009566747 -0.014009129 0.016715090000000002
v -0.009566747 -0.013906614 -0.016286036
v -0.009566747 -0.013906614 0.016706398
v -0.009566747 -0.012334826 -0.017492111
v -0.009566747 -0.012334826 0.017912474
v -0.009566747 -0.012316689 -0.017593381999999998
v -0.009566747 -0.012316689 0.018013743999999998
v -0.009566747 -0.009259995 -0.019358164
v -0.009566747 -0.009259995 0.019778526
v -0.009566747 -0.009163221999999999 -0.019323236
v -0.009566747 -0.009163221999999999 0.019743601000000003
v -0.009566747 -0.007332837 -0.020081408
v -0.009566747 -0.007332837 0.020501770000000002
v -0.009566747 -0.007289106 -0.020174534
v -0.009566747 -0.007289106 0.020594895999999998
v -0.009566747 -0.003879808 -0.021088053
v -0.009566747 -0.003879808 0.021508415
v -0.009566747 -0.003795372 -0.021029268
v -0.009566747 -0.003795372 0.021449631
v -0.009566747 -0.0018311269999999999 -0.021287867
v -0.009566747 -0.0018311269999999999 0.021708229
v -0.009566747 -0.001764783 -0.021366501
v -0.009566747 -0.001764783 0.021786863
v -0.009566747 0.0017647820000000001 -0.021366501
v -0.009566747 0.0017647820000000001 0.021786863
v -0.009566747 0.001831126 -0.021287867
v -0.009566747 0.001831126 0.021708229
v -0.009566747 0.003795371 -0.021029268
v -0.009566747 0.003795371 0.021449631
v -0.009566747 0.003879807 -0.021088053
v -0.009566747 0.003879807 0.021508415
v -0.009566747 0.007289104 -0.020174534
v -0.009566747 0.007289104 0.020594895999999998
v -0.009566747 0.0073328360000000006 -0.020081408
v -0.009566747 0.0073328360000000006 0.020501770000000002
v -0.009566747 0.009163221000000001 -0.019323236
v -0.009566747 0.009163221000000001 0.019743601000000003
v -0.009566747 0.009259994 -0.019358164
v -0.009566747 0.009259994 0.019778526
v -0.009566747 0.012316687 -0.017593381999999998
v -0.009566747 0.012316687 0.018013743999999998
v -0.009566747 0.012334826 -0.017492111
v -0.009566747 0.012334826 0.017912474
v -0.009566747 0.013906612 -0.016286036
v -0.009566747 0.013906612 0.016706398
v -0.009566747 0.014009128000000001 -0.016294727000000002
v -0.009566747 0.014009128000000001 0.016715090000000002
v -0.009566747 0.016496216 -0.013696432
v -0.009566747 0.016496216 0.014116795
v -0.009566747 0.016504908000000002 -0.013798947
v -0.009566747 0.016504908000000002 0.01421931
v -0.009566747 0.017702291 -0.012124644
v -0.009566747 0.017702291 0.012545007
v -0.009566747 0.017803562 -0.012106506
v -0.009566747 0.017803562 0.012526869
v -0.009566747 0.019533419 -0.00895304
v -0.009566747 0.019533419 0.009373404
v -0.009566747 0.019568346 -0.009049813
v -0.009566747 0.019568346 0.009470176
v -0.009566747 0.020291588000000003 -0.007122655
v -0.009566747 0.020291588000000003 0.007543018
v -0.009566747 0.020384713999999998 -0.007078924
v -0.009566747 0.020384713999999998 0.007499287
v -0.009566747 0.021239449 -0.003585191
v -0.009566747 0.021239449 0.004005553
v -0.009566747 0.021298233 -0.003669626
v -0.009566747 0.021298233 0.004089988
v -0.009566747 0.021498047 -0.0016209450000000002
v -0.009566747 0.021498047 0.002041308
v -0.009566747 0.021576681 -0.0015546009999999999
v -0.009566747 0.021576681 0.001974964
v -0.008455635 -0.025126648 -0.000927065
v -0.008455635 -0.025126648 0.0013474280000000001
v -0.008455635 -0.024564819 -0.005194577
v -0.008455635 -0.024564819 0.00561494
v -0.008455635 -0.02425071 -0.001265295
v -0.008455635 -0.02425071 0.001685657
v -0.008455635 -0.023976137 -0.007391569
v -0.008455635 -0.023976137 0.007811932
v -0.008455635 -0.023806267 -0.004641163
v -0.008455635 -0.023806267 0.005061526
v -0.008455635 -0.023366304 -0.001504431
v -0.008455635 -0.023366304 0.001924793
v -0.008455635 -0.023042504999999998 -0.007491564000000001
v -0.008455635 -0.023042504999999998 0.007911927000000001
v -0.008455635 -0.023013891 -0.004181275000000001
v -0.008455635 -0.023013891 0.0046016370000000004
v -0.008455635 -0.022922619 -0.0015767230000000001
v -0.008455635 -0.022922619 0.001997086
v -0.008455635 -0.022604034 -0.003996611000000001
v -0.008455635 -0.022604034 0.004416974
v -0.008455635 -0.022328938000000003 -0.011368258000000001
v -0.008455635 -0.022328938000000003 0.01178862
v -0.008455635 -0.022126343 -0.007493651
v -0.008455635 -0.022126343 0.007914013
v -0.008455635 -0.021739467999999998 -0.010637373
v -0.008455635 -0.021739467999999998 0.011057734999999999
v -0.008455635 -0.021679064 -0.007448646000000001
v -0.008455635 -0.021679064 0.007869009
v -0.008455635 -0.021191692 -0.013338027
v -0.008455635 -0.021191692 0.013758389
v -0.008455635 -0.021093119 -0.009988072
v -0.008455635 -0.021093119 0.010408435
v -0.008455635 -0.020745022 -0.009703623
v -0.008455635 -0.020745022 0.010123985
v -0.008455635 -0.020263991999999998 -0.013192971999999999
v -0.008455635 -0.020263991999999998 0.013613336
v -0.008455635 -0.019378508 -0.012957867999999999
v -0.008455635 -0.019378508 0.013378230000000001
v -0.008455635 -0.018958118 -0.012798633
v -0.008455635 -0.018958118 0.013218995
v -0.008455635 -0.018571377 -0.016752886
v -0.008455635 -0.018571377 0.017173248000000002
v -0.008455635 -0.01819116 -0.01589434
v -0.008455635 -0.01819116 0.016314703000000003
v -0.008455635 -0.017734886 -0.015099876
v -0.008455635 -0.017734886 0.015520239
v -0.008455635 -0.017472271 -0.014735024
v -0.008455635 -0.017472271 0.015155387
v -0.008455635 -0.016963068 -0.018361197000000003
v -0.008455635 -0.016963068 0.018781559000000003
v -0.008455635 -0.016104523 -0.017980978
v -0.008455635 -0.016104523 0.018401340000000002
v -0.008455635 -0.015310059 -0.017524704
v -0.008455635 -0.015310059 0.017945066000000003
v -0.008455635 -0.014945207 -0.017262089
v -0.008455635 -0.014945207 0.017682451000000002
v -0.008455635 -0.013548208 -0.020981510000000002
v -0.008455635 -0.013548208 0.021401873
v -0.008455635 -0.013403154 -0.02005381
v -0.008455635 -0.013403154 0.020474173000000002
v -0.008455635 -0.013168049999999999 -0.019168325
v -0.008455635 -0.013168049999999999 0.019588688
v -0.008455635 -0.013008813999999999 -0.018747936
v -0.008455635 -0.013008813999999999 0.019168299
v -0.008455635 -0.01157844 -0.022118757
v -0.008455635 -0.01157844 0.02253912
v -0.008455635 -0.010847555 -0.021529285000000002
v -0.008455635 -0.010847555 0.021949648
v -0.008455635 -0.010198255 -0.020882936
v -0.008455635 -0.010198255 0.021303299
v -0.008455635 -0.009913805 -0.02053484
v -0.008455635 -0.009913805 0.020955202
v -0.008455635 -0.007703833 -0.021916161
v -0.008455635 -0.007703833 0.022336523
v -0.008455635 -0.007701746 -0.022832322999999998
v -0.008455635 -0.007701746 0.023252686
v -0.008455635 -0.007658828 -0.021468882
v -0.008455635 -0.007658828 0.021889244000000002
v -0.008455635 -0.007601751 -0.023765955000000002
v -0.008455635 -0.007601751 0.024186317
v -0.008455635 -0.005404759 -0.024354637000000002
v -0.008455635 -0.005404759 0.024775
v -0.008455635 -0.004851346 -0.023596085
v -0.008455635 -0.004851346 0.024016449000000002
v -0.008455635 -0.004391457 -0.022803709000000002
v -0.008455635 -0.004391457 0.023224072
v -0.008455635 -0.004206793 -0.022393852
v -0.008455635 -0.004206793 0.022814215000000002
v -0.008455635 -0.001786905 -0.022712437000000002
v -0.008455635 -0.001786905 0.023132799
v -0.008455635 -0.001714613 -0.023156122
v -0.008455635 -0.001714613 0.023576485
v -0.008455635 -0.001475477 -0.024040527000000003
v -0.008455635 -0.001475477 0.02446089
v -0.008455635 -0.0011372469999999999 -0.024916466
v -0.008455635 -0.0011372469999999999 0.025336828000000002
v -0.008455635 0.001137246 -0.024916466
v -0.008455635 0.001137246 0.025336828000000002
v -0.008455635 0.0014754750000000002 -0.024040527000000003
v -0.008455635 0.0014754750000000002 0.02446089
v -0.008455635 0.0017146110000000002 -0.023156122
v -0.008455635 0.0017146110000000002 0.023576485
v -0.008455635 0.0017869040000000002 -0.022712437000000002
v -0.008455635 0.0017869040000000002 0.023132799
v -0.008455635 0.004206792 -0.022393852
v -0.008455635 0.004206792 0.022814215000000002
v -0.008455635 0.004391456 -0.022803709000000002
v -0.008455635 0.004391456 0.023224072
v -0.008455635 0.0048513440000000005 -0.023596085
v -0.008455635 0.0048513440000000005 0.024016449000000002
v -0.008455635 0.005404758 -0.024354637000000002
v -0.008455635 0.005404758 0.024775
v -0.008455635 0.00760175 -0.023765955000000002
v -0.008455635 0.00760175 0.024186317
v -0.008455635 0.007658827 -0.021468882
v -0.008455635 0.007658827 0.021889244000000002
v -0.008455635 0.007701745 -0.022832322999999998
v -0.008455635 0.007701745 0.023252686
v -0.008455635 0.007703832000000001 -0.021916161
v -0.008455635 0.007703832000000001 0.022336523
v -0.008455635 0.009913803 -0.02053484
v -0.008455635 0.009913803 0.020955202
v -0.008455635 0.010198254 -0.020882936
v -0.008455635 0.010198254 0.021303299
v -0.008455635 0.010847554 -0.021529285000000002
v -0.008455635 0.010847554 0.021949648
v -0.008455635 0.011578438 -0.022118757
v -0.008455635 0.011578438 0.02253912
v -0.008455635 0.013008813000000001 -0.018747936
v -0.008455635 0.013008813000000001 0.019168299
v -0.008455635 0.013168049 -0.019168325
v -0.008455635 0.013168049 0.019588688
v -0.008455635 0.013403153 -0.02005381
v -0.008455635 0.013403153 0.020474173000000002
v -0.008455635 0.013548207 -0.020981510000000002
v -0.008455635 0.013548207 0.021401873
v -0.008455635 0.014945206 -0.017262089
v -0.008455635 0.014945206 0.017682451000000002
v -0.008455635 0.015310057 -0.017524704
v -0.008455635 0.015310057 0.017945066000000003
v -0.008455635 0.016104521 -0.017980978
v -0.008455635 0.016104521 0.018401340000000002
v -0.008455635 0.016963066000000002 -0.018361197000000003
v -0.008455635 0.016963066000000002 0.018781559000000003
v -0.008455635 0.017472271 -0.014735024
v -0.008455635 0.017472271 0.015155387
v -0.008455635 0.017734884000000003 -0.015099876
v -0.008455635 0.017734884000000003 0.015520239
v -0.008455635 0.018191158000000002 -0.01589434
v -0.008455635 0.018191158000000002 0.016314703000000003
v -0.008455635 0.018571377 -0.016752886
v -0.008455635 0.018571377 0.017173248000000002
v -0.008455635 0.018958117000000003 -0.012798633
v -0.008455635 0.018958117000000003 0.013218995
v -0.008455635 0.019378506000000004 -0.012957867999999999
v -0.008455635 0.019378506000000004 0.013378230000000001
v -0.008455635 0.02026399 -0.013192971999999999
v -0.008455635 0.02026399 0.013613336
v -0.008455635 0.02074502 -0.009703623
v -0.008455635 0.02074502 0.010123985
v -0.008455635 0.021093117 -0.009988072
v -0.008455635 0.021093117 0.010408435
v -0.008455635 0.021191690000000003 -0.013338027
v -0.008455635 0.021191690000000003 0.013758389
v -0.008455635 0.021679062 -0.007448646000000001
v -0.008455635 0.021679062 0.007869009
v -0.008455635 0.021739467999999998 -0.010637373
v -0.008455635 0.021739467999999998 0.011057734999999999
v -0.008455635 0.022126341 -0.007493651
v -0.008455635 0.022126341 0.007914013
v -0.008455635 0.022328938000000003 -0.011368258000000001
v -0.008455635 0.022328938000000003 0.01178862
v -0.008455635 0.022604033000000003 -0.003996611000000001
v -0.008455635 0.022604033000000003 0.004416974
v -0.008455635 0.022922617 -0.0015767230000000001
v -0.008455635 0.022922617 0.001997086
v -0.008455635 0.023013889 -0.004181275000000001
v -0.008455635 0.023013889 0.0046016370000000004
v -0.008455635 0.023042503 -0.007491564000000001
v -0.008455635 0.023042503 0.007911927000000001
v -0.008455635 0.023366302000000002 -0.001504431
v -0.008455635 0.023366302000000002 0.001924793
v -0.008455635 0.023806267 -0.004641163
v -0.008455635 0.023806267 0.005061526
v -0.008455635 0.023976135 -0.007391569
v -0.008455635 0.023976135 0.007811932
v -0.008455635 0.024250708 -0.001265295
v -0.008455635 0.024250708 0.001685657
v -0.008455635 0.024564817000000003 -0.005194577
v -0.008455635 0.024564817000000003 0.00561494
v -0.008455635 0.025126646000000002 -0.000927065
v -0.008455635 0.025126646000000002 0.0013474280000000001
v -0.007344524 -0.021576683 -0.0015546009999999999
v -0.007344524 -0.021576683 0.001974964
v -0.007344524 -0.021498049 -0.0016209450000000002
v -0.007344524 -0.021498049 0.002041308
v -0.007344524 -0.021298235 -0.003669626
v -0.007344524 -0.021298235 0.004089988
v -0.007344524 -0.021239450000000003 -0.003585191
v -0.007344524 -0.021239450000000003 0.004005553
v -0.007344524 -0.020384716 -0.007078924
v -0.007344524 -0.020384716 0.007499287
v -0.007344524 -0.020291589999999998 -0.007122655
v -0.007344524 -0.020291589999999998 0.007543018
v -0.007344524 -0.019568346 -0.009049813
v -0.007344524 -0.019568346 0.009470176
v -0.007344524 -0.019533419 -0.00895304
v -0.007344524 -0.019533419 0.009373404
v -0.007344524 -0.017803564 -0.012106506
v -0.007344524 -0.017803564 0.012526869
v -0.007344524 -0.017702293 -0.012124644
v -0.007344524 -0.017702293 0.012545007
v -0.007344524 -0.016504908000000002 -0.013798947
v -0.007344524 -0.016504908000000002 0.01421931
v -0.007344524 -0.016496218 -0.013696432
v -0.007344524 -0.016496218 0.014116795
v -0.007344524 -0.014009129 -0.016294727000000002
v -0.007344524 -0.014009129 0.016715090000000002
v -0.007344524 -0.013906614 -0.016286036
v -0.007344524 -0.013906614 0.016706398
v -0.007344524 -0.012334826 -0.017492111
v -0.007344524 -0.012334826 0.017912474
v -0.007344524 -0.012316689 -0.017593381999999998
v -0.007344524 -0.012316689 0.018013743999999998
v -0.007344524 -0.009259995 -0.019358164
v -0.007344524 -0.009259995 0.019778526
v -0.007344524 -0.009163221999999999 -0.019323236
v -0.007344524 -0.009163221999999999 0.019743601000000003
v -0.007344524 -0.007332837 -0.020081408
v -0.007344524 -0.007332837 0.020501770000000002
v -0.007344524 -0.007289106 -0.020174534
v -0.007344524 -0.007289106 0.020594895999999998
v -0.007344524 -0.003879808 -0.021088053
v -0.007344524 -0.003879808 0.021508415
v -0.007344524 -0.003795372 -0.021029268
v -0.007344524 -0.003795372 0.021449631
v -0.007344524 -0.0018311269999999999 -0.021287867
v -0.007344524 -0.0018311269999999999 0.021708229
v -0.007344524 -0.001764783 -0.021366501
v -0.007344524 -0.001764783 0.021786863
v -0.007344524 0.0017647820000000001 -0.021366501
v -0.007344524 0.0017647820000000001 0.021786863
v -0.007344524 0.001831126 -0.021287867
v -0.007344524 0.001831126 0.021708229
v -0.007344524 0.003795371 -0.021029268
v -0.007344524 0.003795371 0.021449631
v -0.007344524 0.003879807 -0.021088053
v -0.007344524 0.003879807 0.021508415
v -0.007344524 0.007289104 -0.020174534
v -0.007344524 0.007289104 0.020594895999999998
v -0.007344524 0.0073328360000000006 -0.020081408
v -0.007344524 0.0073328360000000006 0.020501770000000002
v -0.007344524 0.009163221000000001 -0.019323236
v -0.007344524 0.009163221000000001 0.019743601000000003
v -0.007344524 0.009259994 -0.019358164
v -0.007344524 0.009259994 0.019778526
v -0.007344524 0.012316687 -0.017593381999999998
v -0.007344524 0.012316687 0.018013743999999998
v -0.007344524 0.012334826 -0.017492111
v -0.007344524 0.012334826 0.017912474
v -0.007344524 0.013906612 -0.016286036
v -0.007344524 0.013906612 0.016706398
v -0.007344524 0.014009128000000001 -0.016294727000000002
v -0.007344524 0.014009128000000001 0.016715090000000002
v -0.007344524 0.016496216 -0.013696432
v -0.007344524 0.016496216 0.014116795
v -0.007344524 0.016504908000000002 -0.013798947
v -0.007344524 0.016504908000000002 0.01421931
v -0.007344524 0.017702291 -0.012124644
v -0.007344524 0.017702291 0.012545007
v -0.007344524 0.017803562 -0.012106506
v -0.007344524 0.017803562 0.012526869
v -0.007344524 0.019533419 -0.00895304
v -0.007344524 0.019533419 0.009373404
v -0.007344524 0.019568346 -0.009049813
v -0.007344524 0.019568346 0.009470176
v -0.007344524 0.020291588000000003 -0.007122655
v -0.007344524 0.020291588000000003 0.007543018
v -0.007344524 0.020384713999999998 -0.007078924
v -0.007344524 0.020384713999999998 0.007499287
v -0.007344524 0.021239449 -0.003585191
v -0.007344524 0.021239449 0.004005553
v -0.007344524 0.021298233 -0.003669626
v -0.007344524 0.021298233 0.004089988
v -0.007344524 0.021498047 -0.0016209450000000002
v -0.007344524 0.021498047 0.002041308
v -0.007344524 0.021576681 -0.0015546009999999999
v -0.007344524 0.021576681 0.001974964
v -0.0051223020000000005 -0.021576683 -0.0015546009999999999
v -0.0051223020000000005 -0.021576683 0.001974964
v -0.0051223020000000005 -0.021498049 -0.0016209450000000002
v -0.0051223020000000005 -0.021498049 0.002041308
v -0.0051223020000000005 -0.021298235 -0.003669626
v -0.0051223020000000005 -0.021298235 0.004089988
v -0.0051223020000000005 -0.021239450000000003 -0.003585191
v -0.0051223020000000005 -0.021239450000000003 0.004005553
v -0.0051223020000000005 -0.020384716 -0.007078924
v -0.0051223020000000005 -0.020384716 0.007499287
v -0.0051223020000000005 -0.020291589999999998 -0.007122655
v -0.0051223020000000005 -0.020291589999999998 0.007543018
v -0.0051223020000000005 -0.019568346 -0.009049813
v -0.0051223020000000005 -0.019568346 0.009470176
v -0.0051223020000000005 -0.019533419 -0.00895304
v -0.0051223020000000005 -0.019533419 0.009373404
v -0.0051223020000000005 -0.017803564 -0.012106506
v -0.0051223020000000005 -0.017803564 0.012526869
v -0.0051223020000000005 -0.017702293 -0.012124644
v -0.0051223020000000005 -0.017702293 0.012545007
v -0.0051223020000000005 -0.016504908000000002 -0.013798947
v -0.0051223020000000005 -0.016504908000000002 0.01421931
v -0.0051223020000000005 -0.016496218 -0.013696432
v -0.0051223020000000005 -0.016496218 0.014116795
v -0.0051223020000000005 -0.014009129 -0.016294727000000002
v -0.0051223020000000005 -0.014009129 0.016715090000000002
v -0.0051223020000000005 -0.013906614 -0.016286036
v -0.0051223020000000005 -0.013906614 0.016706398
v -0.0051223020000000005 -0.012334826 -0.017492111
v -0.0051223020000000005 -0.012334826 0.017912474
v -0.0051223020000000005 -0.012316689 -0.017593381999999998
v -0.0051223020000000005 -0.012316689 0.018013743999999998
v -0.0051223020000000005 -0.009259995 -0.019358164
v -0.0051223020000000005 -0.009259995 0.019778526
v -0.0051223020000000005 -0.009163221999999999 -0.019323236
v -0.0051223020000000005 -0.009163221999999999 0.019743601000000003
v -0.0051223020000000005 -0.007332837 -0.020081408
v -0.0051223020000000005 -0.007332837 0.020501770000000002
v -0.0051223020000000005 -0.007289106 -0.020174534
v -0.0051223020000000005 -0.007289106 0.020594895999999998
v -0.0051223020000000005 -0.003879808 -0.021088053
v -0.0051223020000000005 -0.003879808 0.021508415
v -0.0051223020000000005 -0.003795372 -0.021029268
v -0.0051223020000000005 -0.003795372 0.021449631
v -0.0051223020000000005 -0.0018311269999999999 -0.021287867
v -0.0051223020000000005 -0.0018311269999999999 0.021708229
v -0.0051223020000000005 -0.001764783 -0.021366501
v -0.0051223020000000005 -0.001764783 0.021786863
v -0.0051223020000000005 0.0017647820000000001 -0.021366501
v -0.0051223020000000005 0.0017647820000000001 0.021786863
v -0.0051223020000000005 0.001831126 -0.021287867
v -0.0051223020000000005 0.001831126 0.021708229
v -0.0051223020000000005 0.003795371 -0.021029268
v -0.0051223020000000005 0.003795371 0.021449631
v -0.0051223020000000005 0.003879807 -0.021088053
v -0.0051223020000000005 0.003879807 0.021508415
v -0.0051223020000000005 0.007289104 -0.020174534
v -0.0051223020000000005 0.007289104 0.020594895999999998
v -0.0051223020000000005 0.0073328360000000006 -0.020081408
v -0.0051223020000000005 0.0073328360000000006 0.020501770000000002
v -0.0051223020000000005 0.009163221000000001 -0.019323236
v -0.0051223020000000005 0.009163221000000001 0.019743601000000003
v -0.0051223020000000005 0.009259994 -0.019358164
v -0.0051223020000000005 0.009259994 0.019778526
v -0.0051223020000000005 0.012316687 -0.017593381999999998
v -0.0051223020000000005 0.012316687 0.018013743999999998
v -0.0051223020000000005 0.012334826 -0.017492111
v -0.0051223020000000005 0.012334826 0.017912474
v -0.0051223020000000005 0.013906612 -0.016286036
v -0.0051223020000000005 0.013906612 0.016706398
v -0.0051223020000000005 0.014009128000000001 -0.016294727000000002
v -0.0051223020000000005 0.014009128000000001 0.016715090000000002
v -0.0051223020000000005 0.016496216 -0.013696432
v -0.0051223020000000005 0.016496216 0.014116795
v -0.0051223020000000005 0.016504908000000002 -0.013798947
v -0.0051223020000000005 0.016504908000000002 0.01421931
v -0.0051223020000000005 0.017702291 -0.012124644
v -0.0051223020000000005 0.017702291 0.012545007
v -0.0051223020000000005 0.017803562 -0.012106506
v -0.0051223020000000005 0.017803562 0.012526869
v -0.0051223020000000005 0.019533419 -0.00895304
v -0.0051223020000000005 0.019533419 0.009373404
v -0.0051223020000000005 0.019568346 -0.009049813
v -0.0051223020000000005 0.019568346 0.009470176
v -0.0051223020000000005 0.020291588000000003 -0.007122655
v -0.0051223020000000005 0.020291588000000003 0.007543018
v -0.0051223020000000005 0.020384713999999998 -0.007078924
v -0.0051223020000000005 0.020384713999999998 0.007499287
v -0.0051223020000000005 0.021239449 -0.003585191
v -0.0051223020000000005 0.021239449 0.004005553
v -0.0051223020000000005 0.021298233 -0.003669626
v -0.0051223020000000005 0.021298233 0.004089988
v -0.0051223020000000005 0.021498047 -0.0016209450000000002
v -0.0051223020000000005 0.021498047 0.002041308
v -0.0051223020000000005 0.021576681 -0.0015546009999999999
v -0.0051223020000000005 0.021576681 0.001974964
v -0.00290008 -0.021576683 -0.0015546009999999999
v -0.00290008 -0.021576683 0.001974964
v -0.00290008 -0.021498049 -0.0016209450000000002
v -0.00290008 -0.021498049 0.002041308
v -0.00290008 -0.021298235 -0.003669626
v -0.00290008 -0.021298235 0.004089988
v -0.00290008 -0.021239450000000003 -0.003585191
v -0.00290008 -0.021239450000000003 0.004005553
v -0.00290008 -0.020384716 -0.007078924
v -0.00290008 -0.020384716 0.007499287
v -0.00290008 -0.020291589999999998 -0.007122655
v -0.00290008 -0.020291589999999998 0.007543018
v -0.00290008 -0.019568346 -0.009049813
v -0.00290008 -0.019568346 0.009470176
v -0.00290008 -0.019533419 -0.00895304
v -0.00290008 -0.019533419 0.009373404
v -0.00290008 -0.017803564 -0.012106506
v -0.00290008 -0.017803564 0.012526869
v -0.00290008 -0.017702293 -0.012124644
v -0.00290008 -0.017702293 0.012545007
v -0.00290008 -0.016504908000000002 -0.013798947
v -0.00290008 -0.016504908000000002 0.01421931
v -0.00290008 -0.016496218 -0.013696432
v -0.00290008 -0.016496218 0.014116795
v -0.00290008 -0.014009129 -0.016294727000000002
v -0.00290008 -0.014009129 0.016715090000000002
v -0.00290008 -0.013906614 -0.016286036
v -0.00290008 -0.013906614 0.016706398
v -0.00290008 -0.012334826 -0.017492111
v -0.00290008 -0.012334826 0.017912474
v -0.00290008 -0.012316689 -0.017593381999999998
v -0.00290008 -0.012316689 0.018013743999999998
v -0.00290008 -0.009259995 -0.019358164
v -0.00290008 -0.009259995 0.019778526
v -0.00290008 -0.009163221999999999 -0.019323236
v -0.00290008 -0.009163221999999999 0.019743601000000003
v -0.00290008 -0.007332837 -0.020081408
v -0.00290008 -0.007332837 0.020501770000000002
v -0.00290008 -0.007289106 -0.020174534
v -0.00290008 -0.007289106 0.020594895999999998
v -0.00290008 -0.003879808 -0.021088053
v -0.00290008 -0.003879808 0.021508415
v -0.00290008 -0.003795372 -0.021029268
v -0.00290008 -0.003795372 0.021449631
v -0.00290008 -0.0018311269999999999 -0.021287867
v -0.00290008 -0.0018311269999999999 0.021708229
v -0.00290008 -0.001764783 -0.021366501
v -0.00290008 -0.001764783 0.021786863
v -0.00290008 0.0017647820000000001 -0.021366501
v -0.00290008 0.0017647820000000001 0.021786863
v -0.00290008 0.001831126 -0.021287867
v -0.00290008 0.001831126 0.021708229
v -0.00290008 0.003795371 -0.021029268
v -0.00290008 0.003795371 0.021449631
v -0.00290008 0.003879807 -0.021088053
v -0.00290008 0.003879807 0.021508415
v -0.00290008 0.007289104 -0.020174534
v -0.00290008 0.007289104 0.020594895999999998
v -0.00290008 0.0073328360000000006 -0.020081408
v -0.00290008 0.0073328360000000006 0.020501770000000002
v -0.00290008 0.009163221000000001 -0.019323236
v -0.00290008 0.009163221000000001 0.019743601000000003
v -0.00290008 0.009259994 -0.019358164
v -0.00290008 0.009259994 0.019778526
v -0.00290008 0.012316687 -0.017593381999999998
v -0.00290008 0.012316687 0.018013743999999998
v -0.00290008 0.012334826 -0.017492111
v -0.00290008 0.012334826 0.017912474
v -0.00290008 0.013906612 -0.016286036
v -0.00290008 0.013906612 0.016706398
v -0.00290008 0.014009128000000001 -0.016294727000000002
v -0.00290008 0.014009128000000001 0.016715090000000002
v -0.00290008 0.016496216 -0.013696432
v -0.00290008 0.016496216 0.014116795
v -0.00290008 0.016504908000000002 -0.013798947
v -0.00290008 0.016504908000000002 0.01421931
v -0.00290008 0.017702291 -0.012124644
v -0.00290008 0.017702291 0.012545007
v -0.00290008 0.017803562 -0.012106506
v -0.00290008 0.017803562 0.012526869
v -0.00290008 0.019533419 -0.00895304
v -0.00290008 0.019533419 0.009373404
v -0.00290008 0.019568346 -0.009049813
v -0.00290008 0.019568346 0.009470176
v -0.00290008 0.020291588000000003 -0.007122655
v -0.00290008 0.020291588000000003 0.007543018
v -0.00290008 0.020384713999999998 -0.007078924
v -0.00290008 0.020384713999999998 0.007499287
v -0.00290008 0.021239449 -0.003585191
v -0.00290008 0.021239449 0.004005553
v -0.00290008 0.021298233 -0.003669626
v -0.00290008 0.021298233 0.004089988
v -0.00290008 0.021498047 -0.0016209450000000002
v -0.00290008 0.021498047 0.002041308
v -0.00290008 0.021576681 -0.0015546009999999999
v -0.00290008 0.021576681 0.001974964
v -0.0006778579999999999 -0.021576683 -0.0015546009999999999
v -0.0006778579999999999 -0.021576683 0.001974964
v -0.0006778579999999999 -0.021498049 -0.0016209450000000002
v -0.0006778579999999999 -0.021498049 0.002041308
v -0.0006778579999999999 -0.021298235 -0.003669626
v -0.0006778579999999999 -0.021298235 0.004089988
v -0.0006778579999999999 -0.021239450000000003 -0.003585191
v -0.0006778579999999999 -0.021239450000000003 0.004005553
v -0.0006778579999999999 -0.020384716 -0.007078924
v -0.0006778579999999999 -0.020384716 0.007499287
v -0.0006778579999999999 -0.020291589999999998 -0.007122655
v -0.0006778579999999999 -0.020291589999999998 0.007543018
v -0.0006778579999999999 -0.019568346 -0.009049813
v -0.0006778579999999999 -0.019568346 0.009470176
v -0.0006778579999999999 -0.019533419 -0.00895304
v -0.0006778579999999999 -0.019533419 0.009373404
v -0.0006778579999999999 -0.017803564 -0.012106506
v -0.0006778579999999999 -0.017803564 0.012526869
v -0.0006778579999999999 -0.017702293 -0.012124644
v -0.0006778579999999999 -0.017702293 0.012545007
v -0.0006778579999999999 -0.016504908000000002 -0.013798947
v -0.0006778579999999999 -0.016504908000000002 0.01421931
v -0.0006778579999999999 -0.016496218 -0.013696432
v -0.0006778579999999999 -0.016496218 0.014116795
v -0.0006778579999999999 -0.014009129 -0.016294727000000002
v -0.0006778579999999999 -0.014009129 0.016715090000000002
v -0.0006778579999999999 -0.013906614 -0.016286036
v -0.0006778579999999999 -0.013906614 0.016706398
v -0.0006778579999999999 -0.012334826 -0.017492111
v -0.0006778579999999999 -0.012334826 0.017912474
v -0.0006778579999999999 -0.012316689 -0.017593381999999998
v -0.0006778579999999999 -0.012316689 0.018013743999999998
v -0.0006778579999999999 -0.009259995 -0.019358164
v -0.0006778579999999999 -0.009259995 0.019778526
v -0.0006778579999999999 -0.009163221999999999 -0.019323236
v -0.0006778579999999999 -0.009163221999999999 0.019743601000000003
v -0.0006778579999999999 -0.007332837 -0.020081408
v -0.0006778579999999999 -0.007332837 0.020501770000000002
v -0.0006778579999999999 -0.007289106 -0.020174534
v -0.0006778579999999999 -0.007289106 0.020594895999999998
v -0.0006778579999999999 -0.003879808 -0.021088053
v -0.0006778579999999999 -0.003879808 0.021508415
v -0.0006778579999999999 -0.003795372 -0.021029268
v -0.0006778579999999999 -0.003795372 0.021449631
v -0.0006778579999999999 -0.0018311269999999999 -0.021287867
v -0.0006778579999999999 -0.0018311269999999999 0.021708229
v -0.0006778579999999999 -0.001764783 -0.021366501
v -0.0006778579999999999 -0.001764783 0.021786863
v -0.0006778579999999999 0.0017647820000000001 -0.021366501
v -0.0006778579999999999 0.0017647820000000001 0.021786863
v -0.0006778579999999999 0.001831126 -0.021287867
v -0.0006778579999999999 0.001831126 0.021708229
v -0.0006778579999999999 0.003795371 -0.021029268
v -0.0006778579999999999 0.003795371 0.021449631
v -0.0006778579999999999 0.003879807 -0.021088053
v -0.0006778579999999999 0.003879807 0.021508415
v -0.0006778579999999999 0.007289104 -0.020174534
v -0.0006778579999999999 0.007289104 0.020594895999999998
v -0.0006778579999999999 0.0073328360000000006 -0.020081408
v -0.0006778579999999999 0.0073328360000000006 0.020501770000000002
v -0.0006778579999999999 0.009163221000000001 -0.019323236
v -0.0006778579999999999 0.009163221000000001 0.019743601000000003
v -0.0006778579999999999 0.009259994 -0.019358164
v -0.0006778579999999999 0.009259994 0.019778526
v -0.0006778579999999999 0.012316687 -0.017593381999999998
v -0.0006778579999999999 0.012316687 0.018013743999999998
v -0.0006778579999999999 0.012334826 -0.017492111
v -0.0006778579999999999 0.012334826 0.017912474
v -0.0006778579999999999 0.013906612 -0.016286036
v -0.0006778579999999999 0.013906612 0.016706398
v -0.0006778579999999999 0.014009128000000001 -0.016294727000000002
v -0.0006778579999999999 0.014009128000000001 0.016715090000000002
v -0.0006778579999999999 0.016496216 -0.013696432
v -0.0006778579999999999 0.016496216 0.014116795
v -0.0006778579999999999 0.016504908000000002 -0.013798947
v -0.0006778579999999999 0.016504908000000002 0.01421931
v -0.0006778579999999999 0.017702291 -0.012124644
v -0.0006778579999999999 0.017702291 0.012545007
v -0.0006778579999999999 0.017803562 -0.012106506
v -0.0006778579999999999 0.017803562 0.012526869
v -0.0006778579999999999 0.019533419 -0.00895304
v -0.0006778579999999999 0.019533419 0.009373404
v -0.0006778579999999999 0.019568346 -0.009049813
v -0.0006778579999999999 0.019568346 0.009470176
v -0.0006778579999999999 0.020291588000000003 -0.007122655
v -0.0006778579999999999 0.020291588000000003 0.007543018
v -0.0006778579999999999 0.020384713999999998 -0.007078924
v -0.0006778579999999999 0.020384713999999998 0.007499287
v -0.0006778579999999999 0.021239449 -0.003585191
v -0.0006778579999999999 0.021239449 0.004005553
v -0.0006778579999999999 0.021298233 -0.003669626
v -0.0006778579999999999 0.021298233 0.004089988
v -0.0006778579999999999 0.021498047 -0.0016209450000000002
v -0.0006778579999999999 0.021498047 0.002041308
v -0.0006778579999999999 0.021576681 -0.0015546009999999999
v -0.0006778579999999999 0.021576681 0.001974964
v 0.001544365 -0.025998906999999998 -2.8332e-05
v 0.001544365 -0.025998906999999998 0.00044869500000000004
v 0.001544365 -0.025990154 -0.0005052790000000001
v 0.001544365 -0.025990154 0.000925641
v 0.001544365 -0.025289736 -0.0058254840000000006
v 0.001544365 -0.025289736 0.0062458470000000006
v 0.001544365 -0.025174747 -0.006288445
v 0.001544365 -0.025174747 0.006708807000000001
v 0.001544365 -0.025126648 -0.000927065
v 0.001544365 -0.025126648 0.0013474280000000001
v 0.001544365 -0.025051283 -0.006749217
v 0.001544365 -0.025051283 0.00716958
v 0.001544365 -0.024919388 -0.007207647
v 0.001544365 -0.024919388 0.00762801
v 0.001544365 -0.024564819 -0.005194577
v 0.001544365 -0.024564819 0.00561494
v 0.001544365 -0.02425071 -0.001265295
v 0.001544365 -0.02425071 0.001685657
v 0.001544365 -0.023976137 -0.007391569
v 0.001544365 -0.023976137 0.007811932
v 0.001544365 -0.023806267 -0.004641163
v 0.001544365 -0.023806267 0.005061526
v 0.001544365 -0.023366304 -0.001504431
v 0.001544365 -0.023366304 0.001924793
v 0.001544365 -0.023042504999999998 -0.007491564000000001
v 0.001544365 -0.023042504999999998 0.007911927000000001
v 0.001544365 -0.023013891 -0.004181275000000001
v 0.001544365 -0.023013891 0.0046016370000000004
v 0.001544365 -0.022922619 -0.0015767230000000001
v 0.001544365 -0.022922619 0.001997086
v 0.001544365 -0.022865864 -0.012165289
v 0.001544365 -0.022865864 0.012585651
v 0.001544365 -0.02263497 -0.012582713
v 0.001544365 -0.02263497 0.013003076
v 0.001544365 -0.022604034 -0.003996611000000001
v 0.001544365 -0.022604034 0.004416974
v 0.001544365 -0.022479855 -0.001600068
v 0.001544365 -0.022479855 0.00202043
v 0.001544365 -0.022396458 -0.012995831000000001
v 0.001544365 -0.022396458 0.013416193
v 0.001544365 -0.022328938000000003 -0.011368258000000001
v 0.001544365 -0.022328938000000003 0.01178862
v 0.001544365 -0.022182398 -0.003859467
v 0.001544365 -0.022182398 0.004279829000000001
v 0.001544365 -0.022150404000000002 -0.013404503
v 0.001544365 -0.022150404000000002 0.013824865
v 0.001544365 -0.022126343 -0.007493651
v 0.001544365 -0.022126343 0.007914013
v 0.001544365 -0.021739467999999998 -0.010637373
v 0.001544365 -0.021739467999999998 0.011057734999999999
v 0.001544365 -0.021679064 -0.007448646000000001
v 0.001544365 -0.021679064 0.007869009
v 0.001544365 -0.021677893 -0.001536125
v 0.001544365 -0.021677893 0.001956488
v 0.001544365 -0.021576683 -0.0015546009999999999
v 0.001544365 -0.021576683 0.001974964
v 0.001544365 -0.021498049 -0.0016209450000000002
v 0.001544365 -0.021498049 0.002041308
v 0.001544365 -0.021462799 -0.0017176000000000001
v 0.001544365 -0.021462799 0.002137963
v 0.001544365 -0.021401558 -0.002308028
v 0.001544365 -0.021401558 0.0027283909999999997
v 0.001544365 -0.021391214000000002 -0.0037136680000000003
v 0.001544365 -0.021391214000000002 0.00413403
v 0.001544365 -0.021324078 -0.0028965450000000004
v 0.001544365 -0.021324078 0.0033169080000000004
v 0.001544365 -0.021298235 -0.003669626
v 0.001544365 -0.021298235 0.004089988
v 0.001544365 -0.021245344 -0.007356599
v 0.001544365 -0.021245344 0.007776962
v 0.001544365 -0.021239450000000003 -0.003585191
v 0.001544365 -0.021239450000000003 0.004005553
v 0.001544365 -0.021230416999999998 -0.0034827050000000004
v 0.001544365 -0.021230416999999998 0.0039030680000000004
v 0.001544365 -0.021191692 -0.013338027
v 0.001544365 -0.021191692 0.013758389
v 0.001544365 -0.021093119 -0.009988072
v 0.001544365 -0.021093119 0.010408435
v 0.001544365 -0.020745022 -0.009703623
v 0.001544365 -0.020745022 0.010123985
v 0.001544365 -0.020487259 -0.0070872719999999995
v 0.001544365 -0.020487259 0.0075076349999999995
v 0.001544365 -0.020384716 -0.007078924
v 0.001544365 -0.020384716 0.007499287
v 0.001544365 -0.020373249000000003 -0.009462024
v 0.001544365 -0.020373249000000003 0.009882386
v 0.001544365 -0.020291589999999998 -0.007122655
v 0.001544365 -0.020291589999999998 0.007543018
v 0.001544365 -0.020263991999999998 -0.013192971999999999
v 0.001544365 -0.020263991999999998 0.013613336
v 0.001544365 -0.020232524999999998 -0.007206893
v 0.001544365 -0.020232524999999998 0.007627256
v 0.001544365 -0.020020557 -0.0077613529999999995
v 0.001544365 -0.020020557 0.008181716
v 0.001544365 -0.019793398 -0.008309763999999999
v 0.001544365 -0.019793398 0.008730126000000001
v 0.001544365 -0.019646759 -0.009116419
v 0.001544365 -0.019646759 0.009536781
v 0.001544365 -0.019568346 -0.009049813
v 0.001544365 -0.019568346 0.009470176
v 0.001544365 -0.01955122 -0.008851709
v 0.001544365 -0.01955122 0.009272072
v 0.001544365 -0.019533419 -0.00895304
v 0.001544365 -0.019533419 0.009373404
v 0.001544365 -0.019378508 -0.012957867999999999
v 0.001544365 -0.019378508 0.013378230000000001
v 0.001544365 -0.018958118 -0.012798633
v 0.001544365 -0.018958118 0.013218995
v 0.001544365 -0.018883722 -0.017661726000000003
v 0.001544365 -0.018883722 0.018082088
v 0.001544365 -0.018571377 -0.016752886
v 0.001544365 -0.018571377 0.017173248000000002
v 0.001544365 -0.018563 -0.012597467000000001
v 0.001544365 -0.018563 0.013017830000000001
v 0.001544365 -0.018552658 -0.018005167
v 0.001544365 -0.018552658 0.018425529000000003
v 0.001544365 -0.018215349 -0.018342476000000003
v 0.001544365 -0.018215349 0.018762838
v 0.001544365 -0.01819116 -0.01589434
v 0.001544365 -0.01819116 0.016314703000000003
v 0.001544365 -0.017900452 -0.01214111
v 0.001544365 -0.017900452 0.012561473
v 0.001544365 -0.017871908000000002 -0.01867354
v 0.001544365 -0.017871908000000002 0.019093903000000002
v 0.001544365 -0.017803564 -0.012106506
v 0.001544365 -0.017803564 0.012526869
v 0.001544365 -0.017734886 -0.015099876
v 0.001544365 -0.017734886 0.015520239
v 0.001544365 -0.017702293 -0.012124644
v 0.001544365 -0.017702293 0.012545007
v 0.001544365 -0.017623438 -0.012190725000000001
v 0.001544365 -0.017623438 0.012611088000000001
v 0.001544365 -0.017472271 -0.014735024
v 0.001544365 -0.017472271 0.015155387
v 0.001544365 -0.017275188 -0.012671431
v 0.001544365 -0.017275188 0.013091793
v 0.001544365 -0.017175697 -0.014405436
v 0.001544365 -0.017175697 0.014825798000000001
v 0.001544365 -0.016963068 -0.018361197000000003
v 0.001544365 -0.016963068 0.018781559000000003
v 0.001544365 -0.01691383 -0.013142362000000001
v 0.001544365 -0.01691383 0.013562724
v 0.001544365 -0.01656341 -0.013883578
v 0.001544365 -0.01656341 0.014303941
v 0.001544365 -0.016539639000000002 -0.013603161
v 0.001544365 -0.016539639000000002 0.014023523000000001
v 0.001544365 -0.016504908000000002 -0.013798947
v 0.001544365 -0.016504908000000002 0.01421931
v 0.001544365 -0.016496218 -0.013696432
v 0.001544365 -0.016496218 0.014116795
v 0.001544365 -0.016104523 -0.017980978
v 0.001544365 -0.016104523 0.018401340000000002
v 0.001544365 -0.015310059 -0.017524704
v 0.001544365 -0.015310059 0.017945066000000003
v 0.001544365 -0.015000000999999999 0.000210181
v 0.001544365 -0.014945207 -0.017262089
v 0.001544365 -0.014945207 0.017682451000000002
v 0.001544365 -0.014905684 -0.0014692860000000002
v 0.001544365 -0.014905684 0.001889648
v 0.001544365 -0.014623919 -0.003127633
v 0.001544365 -0.014623919 0.003547995
v 0.001544365 -0.014615618 -0.016965515
v 0.001544365 -0.014615618 0.017385878
v 0.001544365 -0.014158251 -0.004744005
v 0.001544365 -0.014158251 0.0051643670000000004
v 0.001544365 -0.01409376 -0.016353228
v 0.001544365 -0.01409376 0.016773589999999998
v 0.001544365 -0.014009129 -0.016294727000000002
v 0.001544365 -0.014009129 0.016715090000000002
v 0.001544365 -0.013906614 -0.016286036
v 0.001544365 -0.013906614 0.016706398
v 0.001544365 -0.013813343 -0.016329456
v 0.001544365 -0.013813343 0.016749819
v 0.001544365 -0.013614684 -0.021940222
v 0.001544365 -0.013614684 0.022360584
v 0.001544365 -0.013548208 -0.020981510000000002
v 0.001544365 -0.013548208 0.021401873
v 0.001544365 -0.013514534 -0.006298075
v 0.001544365 -0.013514534 0.006718437
v 0.001544365 -0.013403154 -0.02005381
v 0.001544365 -0.013403154 0.020474173000000002
v 0.001544365 -0.013352544000000001 -0.016703648
v 0.001544365 -0.013352544000000001 0.01712401
v 0.001544365 -0.013206013 -0.022186275
v 0.001544365 -0.013206013 0.022606638000000002
v 0.001544365 -0.013168049999999999 -0.019168325
v 0.001544365 -0.013168049999999999 0.019588688
v 0.001544365 -0.013008813999999999 -0.018747936
v 0.001544365 -0.013008813999999999 0.019168299
v 0.001544365 -0.012881613 -0.017065006
v 0.001544365 -0.012881613 0.017485369
v 0.001544365 -0.012807648999999999 -0.018352818
v 0.001544365 -0.012807648999999999 0.01877318
v 0.001544365 -0.012792895 -0.022424788
v 0.001544365 -0.012792895 0.022845152
v 0.001544365 -0.012700864 -0.0077703
v 0.001544365 -0.012700864 0.008190662
v 0.001544365 -0.012400908 -0.017413256000000002
v 0.001544365 -0.012400908 0.017833618000000002
v 0.001544365 -0.012375470999999999 -0.022655684000000002
v 0.001544365 -0.012375470999999999 0.023076046000000003
v 0.001544365 -0.012351293000000001 -0.017690271
v 0.001544365 -0.012351293000000001 0.018110634
v 0.001544365 -0.012334826 -0.017492111
v 0.001544365 -0.012334826 0.017912474
v 0.001544365 -0.012316689 -0.017593381999999998
v 0.001544365 -0.012316689 0.018013743999999998
v 0.001544365 -0.011727473 -0.009142166
v 0.001544365 -0.011727473 0.009562529
v 0.001544365 -0.01157844 -0.022118757
v 0.001544365 -0.01157844 0.02253912
v 0.001544365 -0.010847555 -0.021529285000000002
v 0.001544365 -0.010847555 0.021949648
v 0.001544365 -0.010606603 -0.010396420000000002
v 0.001544365 -0.010606603 0.010816783
v 0.001544365 -0.010198255 -0.020882936
v 0.001544365 -0.010198255 0.021303299
v 0.001544365 -0.009913805 -0.02053484
v 0.001544365 -0.009913805 0.020955202
v 0.001544365 -0.009672206 -0.020163067000000003
v 0.001544365 -0.009672206 0.020583429
v 0.001544365 -0.009352347 -0.011517291
v 0.001544365 -0.009352347 0.011937654
v 0.001544365 -0.009326601 -0.019436577
v 0.001544365 -0.009326601 0.019856939
v 0.001544365 -0.009259995 -0.019358164
v 0.001544365 -0.009259995 0.019778526
v 0.001544365 -0.009163221999999999 -0.019323236
v 0.001544365 -0.009163221999999999 0.019743601000000003
v 0.001544365 -0.009061892 -0.019341038
v 0.001544365 -0.009061892 0.0197614
v 0.001544365 -0.008519945 -0.019583216
v 0.001544365 -0.008519945 0.020003578
v 0.001544365 -0.007980482 -0.012490682
v 0.001544365 -0.007980482 0.012911044
v 0.001544365 -0.007971535 -0.019810375
v 0.001544365 -0.007971535 0.020230737999999998
v 0.001544365 -0.007703833 -0.021916161
v 0.001544365 -0.007703833 0.022336523
v 0.001544365 -0.007701746 -0.022832322999999998
v 0.001544365 -0.007701746 0.023252686
v 0.001544365 -0.007658828 -0.021468882
v 0.001544365 -0.007658828 0.021889244000000002
v 0.001544365 -0.007601751 -0.023765955000000002
v 0.001544365 -0.007601751 0.024186317
v 0.001544365 -0.007566781 -0.021035162
v 0.001544365 -0.007566781 0.021455524
v 0.001544365 -0.007417829000000001 -0.024709205999999997
v 0.001544365 -0.007417829000000001 0.025129567999999998
v 0.001544365 -0.007417076 -0.020022343
v 0.001544365 -0.007417076 0.020442705000000002
v 0.001544365 -0.007332837 -0.020081408
v 0.001544365 -0.007332837 0.020501770000000002
v 0.001544365 -0.007297454 -0.020277076999999998
v 0.001544365 -0.007297454 0.020697438999999998
v 0.001544365 -0.007289106 -0.020174534
v 0.001544365 -0.007289106 0.020594895999999998
v 0.001544365 -0.006959399000000001 -0.024841100999999997
v 0.001544365 -0.006959399000000001 0.025261465
v 0.001544365 -0.006508257000000001 -0.013304352
v 0.001544365 -0.006508257000000001 0.013724714
v 0.001544365 -0.0064986259999999995 -0.024964565
v 0.001544365 -0.0064986259999999995 0.025384927999999998
v 0.001544365 -0.006035666 -0.025079556
v 0.001544365 -0.006035666 0.025499918
v 0.001544365 -0.005404759 -0.024354637000000002
v 0.001544365 -0.005404759 0.024775
v 0.001544365 -0.004954186 -0.013948069
v 0.001544365 -0.004954186 0.014368431
v 0.001544365 -0.004851346 -0.023596085
v 0.001544365 -0.004851346 0.024016449000000002
v 0.001544365 -0.004391457 -0.022803709000000002
v 0.001544365 -0.004391457 0.023224072
v 0.001544365 -0.004206793 -0.022393852
v 0.001544365 -0.004206793 0.022814215000000002
v 0.001544365 -0.004069648 -0.021972216
v 0.001544365 -0.004069648 0.022392578
v 0.001544365 -0.0039238499999999996 -0.021181032
v 0.001544365 -0.0039238499999999996 0.021601395
v 0.001544365 -0.003879808 -0.021088053
v 0.001544365 -0.003879808 0.021508415
v 0.001544365 -0.003795372 -0.021029268
v 0.001544365 -0.003795372 0.021449631
v 0.001544365 -0.0036928869999999997 -0.021020235
v 0.001544365 -0.0036928869999999997 0.021440598
v 0.001544365 -0.003337815 -0.014413737
v 0.001544365 -0.003337815 0.0148341
v 0.001544365 -0.0031067269999999997 -0.021113895
v 0.001544365 -0.0031067269999999997 0.021534258
v 0.001544365 -0.00251821 -0.021191376
v 0.001544365 -0.00251821 0.021611738
v 0.001544365 -0.001927782 -0.021252617
v 0.001544365 -0.001927782 0.021672979000000002
v 0.001544365 -0.0018311269999999999 -0.021287867
v 0.001544365 -0.0018311269999999999 0.021708229
v 0.001544365 -0.00181025 -0.022269672
v 0.001544365 -0.00181025 0.022690035
v 0.001544365 -0.001786905 -0.022712437000000002
v 0.001544365 -0.001786905 0.023132799
v 0.001544365 -0.001764783 -0.021366501
v 0.001544365 -0.001764783 0.021786863
v 0.001544365 -0.0017463070000000001 -0.02146771
v 0.001544365 -0.0017463070000000001 0.021888072999999997
v 0.001544365 -0.001714613 -0.023156122
v 0.001544365 -0.001714613 0.023576485
v 0.001544365 -0.001679468 -0.014695502
v 0.001544365 -0.001679468 0.015115865
v 0.001544365 -0.001475477 -0.024040527000000003
v 0.001544365 -0.001475477 0.02446089
v 0.001544365 -0.0011372469999999999 -0.024916466
v 0.001544365 -0.0011372469999999999 0.025336828000000002
v 0.001544365 -0.000715461 -0.025779972
v 0.001544365 -0.000715461 0.026200336
v 0.001544365 -0.000238514 -0.025788725
v 0.001544365 -0.000238514 0.026209087000000002
v 0.001544365 -1e-09 -0.014789819
v 0.001544365 -1e-09 0.015210181000000001
v 0.001544365 0.000238513 -0.025788725
v 0.001544365 0.000238513 0.026209087000000002
v 0.001544365 0.000715459 -0.025779972
v 0.001544365 0.000715459 0.026200336
v 0.001544365 0.001137246 -0.024916466
v 0.001544365 0.001137246 0.025336828000000002
v 0.001544365 0.0014754750000000002 -0.024040527000000003
v 0.001544365 0.0014754750000000002 0.02446089
v 0.001544365 0.001679466 -0.014695502
v 0.001544365 0.001679466 0.015115865
v 0.001544365 0.0017146110000000002 -0.023156122
v 0.001544365 0.0017146110000000002 0.023576485
v 0.001544365 0.001746306 -0.02146771
v 0.001544365 0.001746306 0.021888072999999997
v 0.001544365 0.0017647820000000001 -0.021366501
v 0.001544365 0.0017647820000000001 0.021786863
v 0.001544365 0.0017869040000000002 -0.022712437000000002
v 0.001544365 0.0017869040000000002 0.023132799
v 0.001544365 0.0018102480000000002 -0.022269672
v 0.001544365 0.0018102480000000002 0.022690035
v 0.001544365 0.001831126 -0.021287867
v 0.001544365 0.001831126 0.021708229
v 0.001544365 0.001927781 -0.021252617
v 0.001544365 0.001927781 0.021672979000000002
v 0.001544365 0.002518209 -0.021191376
v 0.001544365 0.002518209 0.021611738
v 0.001544365 0.003106726 -0.021113895
v 0.001544365 0.003106726 0.021534258
v 0.001544365 0.0033378130000000002 -0.014413737
v 0.001544365 0.0033378130000000002 0.0148341
v 0.001544365 0.0036928860000000003 -0.021020235
v 0.001544365 0.0036928860000000003 0.021440598
v 0.001544365 0.003795371 -0.021029268
v 0.001544365 0.003795371 0.021449631
v 0.001544365 0.003879807 -0.021088053
v 0.001544365 0.003879807 0.021508415
v 0.001544365 0.003923848 -0.021181032
v 0.001544365 0.003923848 0.021601395
v 0.001544365 0.004069647 -0.021972216
v 0.001544365 0.004069647 0.022392578
v 0.001544365 0.004206792 -0.022393852
v 0.001544365 0.004206792 0.022814215000000002
v 0.001544365 0.004391456 -0.022803709000000002
v 0.001544365 0.004391456 0.023224072
v 0.001544365 0.0048513440000000005 -0.023596085
v 0.001544365 0.0048513440000000005 0.024016449000000002
v 0.001544365 0.004954185 -0.013948069
v 0.001544365 0.004954185 0.014368431
v 0.001544365 0.005404758 -0.024354637000000002
v 0.001544365 0.005404758 0.024775
v 0.001544365 0.006035665 -0.025079556
v 0.001544365 0.006035665 0.025499918
v 0.001544365 0.006498625 -0.024964565
v 0.001544365 0.006498625 0.025384927999999998
v 0.001544365 0.006508255 -0.013304352
v 0.001544365 0.006508255 0.013724714
v 0.001544365 0.006959398 -0.024841100999999997
v 0.001544365 0.006959398 0.025261465
v 0.001544365 0.007289104 -0.020174534
v 0.001544365 0.007289104 0.020594895999999998
v 0.001544365 0.007297453 -0.020277076999999998
v 0.001544365 0.007297453 0.020697438999999998
v 0.001544365 0.0073328360000000006 -0.020081408
v 0.001544365 0.0073328360000000006 0.020501770000000002
v 0.001544365 0.007417074000000001 -0.020022343
v 0.001544365 0.007417074000000001 0.020442705000000002
v 0.001544365 0.0074178280000000004 -0.024709205999999997
v 0.001544365 0.0074178280000000004 0.025129567999999998
v 0.001544365 0.0075667799999999995 -0.021035162
v 0.001544365 0.0075667799999999995 0.021455524
v 0.001544365 0.00760175 -0.023765955000000002
v 0.001544365 0.00760175 0.024186317
v 0.001544365 0.007658827 -0.021468882
v 0.001544365 0.007658827 0.021889244000000002
v 0.001544365 0.007701745 -0.022832322999999998
v 0.001544365 0.007701745 0.023252686
v 0.001544365 0.007703832000000001 -0.021916161
v 0.001544365 0.007703832000000001 0.022336523
v 0.001544365 0.007971534 -0.019810375
v 0.001544365 0.007971534 0.020230737999999998
v 0.001544365 0.007980481000000001 -0.012490682
v 0.001544365 0.007980481000000001 0.012911044
v 0.001544365 0.008519944000000002 -0.019583216
v 0.001544365 0.008519944000000002 0.020003578
v 0.001544365 0.009061890999999999 -0.019341038
v 0.001544365 0.009061890999999999 0.0197614
v 0.001544365 0.009163221000000001 -0.019323236
v 0.001544365 0.009163221000000001 0.019743601000000003
v 0.001544365 0.009259994 -0.019358164
v 0.001544365 0.009259994 0.019778526
v 0.001544365 0.009326599 -0.019436577
v 0.001544365 0.009326599 0.019856939
v 0.001544365 0.009352346000000001 -0.011517291
v 0.001544365 0.009352346000000001 0.011937654
v 0.001544365 0.009672204 -0.020163067000000003
v 0.001544365 0.009672204 0.020583429
v 0.001544365 0.009913803 -0.02053484
v 0.001544365 0.009913803 0.020955202
v 0.001544365 0.010198254 -0.020882936
v 0.001544365 0.010198254 0.021303299
v 0.001544365 0.010606601 -0.010396420000000002
v 0.001544365 0.010606601 0.010816783
v 0.001544365 0.010847554 -0.021529285000000002
v 0.001544365 0.010847554 0.021949648
v 0.001544365 0.011578438 -0.022118757
v 0.001544365 0.011578438 0.02253912
v 0.001544365 0.011727471 -0.009142166
v 0.001544365 0.011727471 0.009562529
v 0.001544365 0.012316687 -0.017593381999999998
v 0.001544365 0.012316687 0.018013743999999998
v 0.001544365 0.012334826 -0.017492111
v 0.001544365 0.012334826 0.017912474
v 0.001544365 0.012351291 -0.017690271
v 0.001544365 0.012351291 0.018110634
v 0.001544365 0.01237547 -0.022655684000000002
v 0.001544365 0.01237547 0.023076046000000003
v 0.001544365 0.012400906000000001 -0.017413256000000002
v 0.001544365 0.012400906000000001 0.017833618000000002
v 0.001544365 0.012700862 -0.0077703
v 0.001544365 0.012700862 0.008190662
v 0.001544365 0.012792893 -0.022424788
v 0.001544365 0.012792893 0.022845152
v 0.001544365 0.012807648000000001 -0.018352818
v 0.001544365 0.012807648000000001 0.01877318
v 0.001544365 0.012881612 -0.017065006
v 0.001544365 0.012881612 0.017485369
v 0.001544365 0.013008813000000001 -0.018747936
v 0.001544365 0.013008813000000001 0.019168299
v 0.001544365 0.013168049 -0.019168325
v 0.001544365 0.013168049 0.019588688
v 0.001544365 0.013206011 -0.022186275
v 0.001544365 0.013206011 0.022606638000000002
v 0.001544365 0.013352542 -0.016703648
v 0.001544365 0.013352542 0.01712401
v 0.001544365 0.013403153 -0.02005381
v 0.001544365 0.013403153 0.020474173000000002
v 0.001544365 0.013514532000000001 -0.006298075
v 0.001544365 0.013514532000000001 0.006718437
v 0.001544365 0.013548207 -0.020981510000000002
v 0.001544365 0.013548207 0.021401873
v 0.001544365 0.013614682999999999 -0.021940222
v 0.001544365 0.013614682999999999 0.022360584
v 0.001544365 0.013813341 -0.016329456
v 0.001544365 0.013813341 0.016749819
v 0.001544365 0.013906612 -0.016286036
v 0.001544365 0.013906612 0.016706398
v 0.001544365 0.014009128000000001 -0.016294727000000002
v 0.001544365 0.014009128000000001 0.016715090000000002
v 0.001544365 0.014093759 -0.016353228
v 0.001544365 0.014093759 0.016773589999999998
v 0.001544365 0.014158249 -0.004744005
v 0.001544365 0.014158249 0.0051643670000000004
v 0.001544365 0.014615617000000001 -0.016965515
v 0.001544365 0.014615617000000001 0.017385878
v 0.001544365 0.014623918 -0.003127633
v 0.001544365 0.014623918 0.003547995
v 0.001544365 0.014905683 -0.0014692860000000002
v 0.001544365 0.014905683 0.001889648
v 0.001544365 0.014945206 -0.017262089
v 0.001544365 0.014945206 0.017682451000000002
v 0.001544365 0.014999999000000002 0.000210181
v 0.001544365 0.015310057 -0.017524704
v 0.001544365 0.015310057 0.017945066000000003
v 0.001544365 0.016104521 -0.017980978
v 0.001544365 0.016104521 0.018401340000000002
v 0.001544365 0.016496216 -0.013696432
v 0.001544365 0.016496216 0.014116795
v 0.001544365 0.016504908000000002 -0.013798947
v 0.001544365 0.016504908000000002 0.01421931
v 0.001544365 0.016539637 -0.013603161
v 0.001544365 0.016539637 0.014023523000000001
v 0.001544365 0.016563407999999998 -0.013883578
v 0.001544365 0.016563407999999998 0.014303941
v 0.001544365 0.016913828 -0.013142362000000001
v 0.001544365 0.016913828 0.013562724
v 0.001544365 0.016963066000000002 -0.018361197000000003
v 0.001544365 0.016963066000000002 0.018781559000000003
v 0.001544365 0.017175695 -0.014405436
v 0.001544365 0.017175695 0.014825798000000001
v 0.001544365 0.017275187 -0.012671431
v 0.001544365 0.017275187 0.013091793
v 0.001544365 0.017472271 -0.014735024
v 0.001544365 0.017472271 0.015155387
v 0.001544365 0.017623436000000003 -0.012190725000000001
v 0.001544365 0.017623436000000003 0.012611088000000001
v 0.001544365 0.017702291 -0.012124644
v 0.001544365 0.017702291 0.012545007
v 0.001544365 0.017734884000000003 -0.015099876
v 0.001544365 0.017734884000000003 0.015520239
v 0.001544365 0.017803562 -0.012106506
v 0.001544365 0.017803562 0.012526869
v 0.001544365 0.017871906 -0.01867354
v 0.001544365 0.017871906 0.019093903000000002
v 0.001544365 0.017900452 -0.01214111
v 0.001544365 0.017900452 0.012561473
v 0.001544365 0.018191158000000002 -0.01589434
v 0.001544365 0.018191158000000002 0.016314703000000003
v 0.001544365 0.018215347000000003 -0.018342476000000003
v 0.001544365 0.018215347000000003 0.018762838
v 0.001544365 0.018552656 -0.018005167
v 0.001544365 0.018552656 0.018425529000000003
v 0.001544365 0.018562998 -0.012597467000000001
v 0.001544365 0.018562998 0.013017830000000001
v 0.001544365 0.018571377 -0.016752886
v 0.001544365 0.018571377 0.017173248000000002
v 0.001544365 0.01888372 -0.017661726000000003
v 0.001544365 0.01888372 0.018082088
v 0.001544365 0.018958117000000003 -0.012798633
v 0.001544365 0.018958117000000003 0.013218995
v 0.001544365 0.019378506000000004 -0.012957867999999999
v 0.001544365 0.019378506000000004 0.013378230000000001
v 0.001544365 0.019533419 -0.00895304
v 0.001544365 0.019533419 0.009373404
v 0.001544365 0.019551218 -0.008851709
v 0.001544365 0.019551218 0.009272072
v 0.001544365 0.019568346 -0.009049813
v 0.001544365 0.019568346 0.009470176
v 0.001544365 0.019646757 -0.009116419
v 0.001544365 0.019646757 0.009536781
v 0.001544365 0.019793396 -0.008309763999999999
v 0.001544365 0.019793396 0.008730126000000001
v 0.001544365 0.020020555000000002 -0.0077613529999999995
v 0.001544365 0.020020555000000002 0.008181716
v 0.001544365 0.020232523000000002 -0.007206893
v 0.001544365 0.020232523000000002 0.007627256
v 0.001544365 0.02026399 -0.013192971999999999
v 0.001544365 0.02026399 0.013613336
v 0.001544365 0.020291588000000003 -0.007122655
v 0.001544365 0.020291588000000003 0.007543018
v 0.001544365 0.020373247 -0.009462024
v 0.001544365 0.020373247 0.009882386
v 0.001544365 0.020384713999999998 -0.007078924
v 0.001544365 0.020384713999999998 0.007499287
v 0.001544365 0.020487257 -0.0070872719999999995
v 0.001544365 0.020487257 0.0075076349999999995
v 0.001544365 0.02074502 -0.009703623
v 0.001544365 0.02074502 0.010123985
v 0.001544365 0.021093117 -0.009988072
v 0.001544365 0.021093117 0.010408435
v 0.001544365 0.021191690000000003 -0.013338027
v 0.001544365 0.021191690000000003 0.013758389
v 0.001544365 0.021230416999999998 -0.0034827050000000004
v 0.001544365 0.021230416999999998 0.0039030680000000004
v 0.001544365 0.021239449 -0.003585191
v 0.001544365 0.021239449 0.004005553
v 0.001544365 0.021245342 -0.007356599
v 0.001544365 0.021245342 0.007776962
v 0.001544365 0.021298233 -0.003669626
v 0.001544365 0.021298233 0.004089988
v 0.001544365 0.021324076 -0.0028965450000000004
v 0.001544365 0.021324076 0.0033169080000000004
v 0.001544365 0.021391212 -0.0037136680000000003
v 0.001544365 0.021391212 0.00413403
v 0.001544365 0.021401556 -0.002308028
v 0.001544365 0.021401556 0.0027283909999999997
v 0.001544365 0.021462797 -0.0017176000000000001
v 0.001544365 0.021462797 0.002137963
v 0.001544365 0.021498047 -0.0016209450000000002
v 0.001544365 0.021498047 0.002041308
v 0.001544365 0.021576681 -0.0015546009999999999
v 0.001544365 0.021576681 0.001974964
v 0.001544365 0.021677890999999998 -0.001536125
v 0.001544365 0.021677890999999998 0.001956488
v 0.001544365 0.021679062 -0.007448646000000001
v 0.001544365 0.021679062 0.007869009
v 0.001544365 0.021739467999999998 -0.010637373
v 0.001544365 0.021739467999999998 0.011057734999999999
v 0.001544365 0.022126341 -0.007493651
v 0.001544365 0.022126341 0.007914013
v 0.001544365 0.022150404000000002 -0.013404503
v 0.001544365 0.022150404000000002 0.013824865
v 0.001544365 0.022182398 -0.003859467
v 0.001544365 0.022182398 0.004279829000000001
v 0.001544365 0.022328938000000003 -0.011368258000000001
v 0.001544365 0.022328938000000003 0.01178862
v 0.001544365 0.022396456000000002 -0.012995831000000001
v 0.001544365 0.022396456000000002 0.013416193
v 0.001544365 0.022479852999999998 -0.001600068
v 0.001544365 0.022479852999999998 0.00202043
v 0.001544365 0.022604033000000003 -0.003996611000000001
v 0.001544365 0.022604033000000003 0.004416974
v 0.001544365 0.02263497 -0.012582713
v 0.001544365 0.02263497 0.013003076
v 0.001544365 0.022865864 -0.012165289
v 0.001544365 0.022865864 0.012585651
v 0.001544365 0.022922617 -0.0015767230000000001
v 0.001544365 0.022922617 0.001997086
v 0.001544365 0.023013889 -0.004181275000000001
v 0.001544365 0.023013889 0.0046016370000000004
v 0.001544365 0.023042503 -0.007491564000000001
v 0.001544365 0.023042503 0.007911927000000001
v 0.001544365 0.023366302000000002 -0.001504431
v 0.001544365 0.023366302000000002 0.001924793
v 0.001544365 0.023806267 -0.004641163
v 0.001544365 0.023806267 0.005061526
v 0.001544365 0.023976135 -0.007391569
v 0.001544365 0.023976135 0.007811932
v 0.001544365 0.024250708 -0.001265295
v 0.001544365 0.024250708 0.001685657
v 0.001544365 0.024564817000000003 -0.005194577
v 0.001544365 0.024564817000000003 0.00561494
v 0.001544365 0.024919385999999998 -0.007207647
v 0.001544365 0.024919385999999998 0.00762801
v 0.001544365 0.025051283 -0.006749217
v 0.001544365 0.025051283 0.00716958
v 0.001544365 0.025126646000000002 -0.000927065
v 0.001544365 0.025126646000000002 0.0013474280000000001
v 0.001544365 0.025174745999999998 -0.006288445
v 0.001544365 0.025174745999999998 0.006708807000000001
v 0.001544365 0.025289736 -0.0058254840000000006
v 0.001544365 0.025289736 0.0062458470000000006
v 0.001544365 0.025990154 -0.0005052790000000001
v 0.001544365 0.025990154 0.000925641
v 0.001544365 0.025998905000000003 -2.8332e-05
v 0.001544365 0.025998905000000003 0.00044869500000000004
v 0.018211031 -0.015000000999999999 0.000210181
v 0.018211031 -0.014905684 -0.0014692860000000002
v 0.018211031 -0.014905684 0.001889648
v 0.018211031 -0.014623919 -0.003127633
v 0.018211031 -0.014623919 0.003547995
v 0.018211031 -0.014158251 -0.004744005
v 0.018211031 -0.014158251 0.0051643670000000004
v 0.018211031 -0.013514534 -0.006298075
v 0.018211031 -0.013514534 0.006718437
v 0.018211031 -0.012700864 -0.0077703
v 0.018211031 -0.012700864 0.008190662
v 0.018211031 -0.011727473 -0.009142166
v 0.018211031 -0.011727473 0.009562529
v 0.018211031 -0.010606603 -0.010396420000000002
v 0.018211031 -0.010606603 0.010816783
v 0.018211031 -0.009352347 -0.011517291
v 0.018211031 -0.009352347 0.011937654
v 0.018211031 -0.007980482 -0.012490682
v 0.018211031 -0.007980482 0.012911044
v 0.018211031 -0.006508257000000001 -0.013304352
v 0.018211031 -0.006508257000000001 0.013724714
v 0.018211031 -0.004954186 -0.013948069
v 0.018211031 -0.003337815 -0.014413737
v 0.018211031 -0.001679468 -0.014695502
v 0.018211031 -1e-09 -0.014789819
v 0.018211031 0.001679466 -0.014695502
v 0.018211031 0.0033378130000000002 -0.014413737
v 0.018211031 0.004954185 -0.013948069
v 0.018211031 0.006508255 -0.013304352
v 0.018211031 0.006508255 0.013724714
v 0.018211031 0.007980481000000001 -0.012490682
v 0.018211031 0.007980481000000001 0.012911044
v 0.018211031 0.009352346000000001 -0.011517291
v 0.018211031 0.009352346000000001 0.011937654
v 0.018211031 0.010606601 -0.010396420000000002
v 0.018211031 0.010606601 0.010816783
v 0.018211031 0.011727471 -0.009142166
v 0.018211031 0.011727471 0.009562529
v 0.018211031 0.012700862 -0.0077703
v 0.018211031 0.012700862 0.008190662
v 0.018211031 0.013514532000000001 -0.006298075
v 0.018211031 0.013514532000000001 0.006718437
v 0.018211031 0.014158249 -0.004744005
v 0.018211031 0.014158249 0.0051643670000000004
v 0.018211031 0.014623918 -0.003127633
v 0.018211031 0.014623918 0.003547995
v 0.018211031 0.014905683 -0.0014692860000000002
v 0.018211031 0.014905683 0.001889648
v 0.018211031 0.014999999000000002 0.000210181
v 0.026544365 -0.005 0.010210181
v 0.026544365 -0.005 0.014352317
v 0.026544365 -0.003369372 0.014826861
v 0.026544365 -0.001695554 0.015114043
v 0.026544365 -1e-09 0.015210181000000001
v 0.026544365 0.001695552 0.015114043
v 0.026544365 0.0033693710000000003 0.014826861
v 0.026544365 0.005 0.010210181
v 0.026544365 0.005 0.014352317
v 0.051544365 -0.015000000999999999 0.000210181
v 0.051544365 -0.014905684 -0.0014692860000000002
v 0.051544365 -0.014905684 0.001889648
v 0.051544365 -0.014623919 -0.003127633
v 0.051544365 -0.014623919 0.003547995
v 0.051544365 -0.014158251 -0.004744005
v 0.051544365 -0.014158251 0.0051643670000000004
v 0.051544365 -0.013514534 -0.006298075
v 0.051544365 -0.013514534 0.006718437
v 0.051544365 -0.012700864 -0.0077703
v 0.051544365 -0.012700864 0.008190662
v 0.051544365 -0.012494072 -0.000174757
v 0.051544365 -0.012446678000000001 0.001363536
v 0.051544365 -0.012352069 -0.001707214
v 0.051544365 -0.012210605 0.0028843450000000004
v 0.051544365 -0.012022821000000001 -0.003210606
v 0.051544365 -0.011789431000000001 0.004364616
v 0.051544365 -0.011727473 -0.009142166
v 0.051544365 -0.011727473 0.009562529
v 0.051544365 -0.011511319 -0.004662142
v 0.051544365 -0.011189542 0.005781911
v 0.051544365 -0.010825317999999999 -0.006039819
v 0.051544365 -0.010606603 -0.010396420000000002
v 0.051544365 -0.010606603 0.010816783
v 0.051544365 -0.010420031 0.007114743
v 0.051544365 -0.009975216 -0.007322752000000001
v 0.051544365 -0.009492562 0.00834291
v 0.051544365 -0.009352347 -0.011517291
v 0.051544365 -0.009352347 0.011937654
v 0.051544365 -0.0089739 -0.008491493000000001
v 0.051544365 -0.008421196 0.009447793000000001
v 0.051544365 -0.007980482 -0.012490682
v 0.051544365 -0.007980482 0.012911044
v 0.051544365 -0.007836548 -0.009528326
v 0.051544365 -0.007222174 0.010412642
v 0.051544365 -0.006580402999999999 -0.010417533000000001
v 0.051544365 -0.006508257000000001 -0.013304352
v 0.051544365 -0.006508257000000001 0.013724714
v 0.051544365 -0.00591367 0.011222834000000001
v 0.051544365 -0.005224505 -0.011145635000000001
v 0.051544365 -0.004954186 -0.013948069
v 0.051544365 -0.004954186 0.014368431
v 0.051544365 -0.004515522 0.011866084
v 0.051544365 -0.003789409 -0.011701593000000001
v 0.051544365 -0.003337815 -0.014413737
v 0.051544365 -0.003337815 0.0148341
v 0.051544365 -0.0030489220000000004 0.012332642999999999
v 0.051544365 -0.0022968700000000003 -0.012076982
v 0.051544365 -0.001679468 -0.014695502
v 0.051544365 -0.001679468 0.015115865
v 0.051544365 -0.001536104 0.012615438
v 0.051544365 -0.000769512 -0.01226611
v 0.051544365 -1e-09 -0.014789819
v 0.051544365 -1e-09 0.012710181000000001
v 0.051544365 -1e-09 0.015210181000000001
v 0.051544365 0.000769511 -0.01226611
v 0.051544365 0.001536103 0.012615438
v 0.051544365 0.001679466 -0.014695502
v 0.051544365 0.001679466 0.015115865
v 0.051544365 0.002296868 -0.012076982
v 0.051544365 0.003048921 0.012332642999999999
v 0.051544365 0.0033378130000000002 -0.014413737
v 0.051544365 0.0033378130000000002 0.0148341
v 0.051544365 0.0037894079999999998 -0.011701593000000001
v 0.051544365 0.00451552 0.011866084
v 0.051544365 0.004954185 -0.013948069
v 0.051544365 0.004954185 0.014368431
v 0.051544365 0.005224504 -0.011145635000000001
v 0.051544365 0.005913669 0.011222834000000001
v 0.051544365 0.006508255 -0.013304352
v 0.051544365 0.006508255 0.013724714
v 0.051544365 0.0065804010000000005 -0.010417533000000001
v 0.051544365 0.007222172 0.010412642
v 0.051544365 0.007836547000000001 -0.009528326
v 0.051544365 0.007980481000000001 -0.012490682
v 0.051544365 0.007980481000000001 0.012911044
v 0.051544365 0.008421195000000001 0.009447793000000001
v 0.051544365 0.008973898000000001 -0.008491493000000001
v 0.051544365 0.009352346000000001 -0.011517291
v 0.051544365 0.009352346000000001 0.011937654
v 0.051544365 0.009492559999999999 0.00834291
v 0.051544365 0.009975215 -0.007322752000000001
v 0.051544365 0.010420028999999999 0.007114743
v 0.051544365 0.010606601 -0.010396420000000002
v 0.051544365 0.010606601 0.010816783
v 0.051544365 0.010825316000000001 -0.006039819
v 0.051544365 0.011189541 0.005781911
v 0.051544365 0.011511318 -0.004662142
v 0.051544365 0.011727471 -0.009142166
v 0.051544365 0.011727471 0.009562529
v 0.051544365 0.01178943 0.004364616
v 0.051544365 0.01202282 -0.003210606
v 0.051544365 0.012210604 0.0028843450000000004
v 0.051544365 0.012352067999999999 -0.001707214
v 0.051544365 0.012446676 0.001363536
v 0.051544365 0.012494071 -0.000174757
v 0.051544365 0.012700862 -0.0077703
v 0.051544365 0.012700862 0.008190662
v 0.051544365 0.013514532000000001 -0.006298075
v 0.051544365 0.013514532000000001 0.006718437
v 0.051544365 0.014158249 -0.004744005
v 0.051544365 0.014158249 0.0051643670000000004
v 0.051544365 0.014623918 -0.003127633
v 0.051544365 0.014623918 0.003547995
v 0.051544365 0.014905683 -0.0014692860000000002
v 0.051544365 0.014905683 0.001889648
v 0.051544365 0.014999999000000002 0.000210181
v 0.076044365 -0.012494072 0.00059512
v 0.076044365 -0.012446678000000001 -0.0009431730000000001
v 0.076044365 -0.012352069 0.0021275770000000003
v 0.076044365 -0.012210605 -0.002463982
v 0.076044365 -0.012022821000000001 0.003630969
v 0.076044365 -0.011789431000000001 -0.003944254
v 0.076044365 -0.011511319 0.005082505
v 0.076044365 -0.011189542 -0.005361548
v 0.076044365 -0.010825317999999999 0.006460181000000001
v 0.076044365 -0.010420031 -0.006694381
v 0.076044365 -0.009975216 0.007743114000000001
v 0.076044365 -0.009492562 -0.007922547
v 0.076044365 -0.0089739 0.008911856000000001
v 0.076044365 -0.008421196 -0.009027431
v 0.076044365 -0.007836548 0.009948689
v 0.076044365 -0.007222174 -0.00999228
v 0.076044365 -0.006580402999999999 0.010837895
v 0.076044365 -0.00591367 -0.010802471000000001
v 0.076044365 -0.005224505 0.011565997
v 0.076044365 -0.004515522 -0.011445722
v 0.076044365 -0.003789409 0.012121956000000001
v 0.076044365 -0.0030489220000000004 -0.01191228
v 0.076044365 -0.0022968700000000003 0.012497345
v 0.076044365 -0.001536104 -0.012195075
v 0.076044365 -0.000769512 0.012686473
v 0.076044365 -1e-09 -0.012289819
v 0.076044365 0.000769511 0.012686473
v 0.076044365 0.001536103 -0.012195075
v 0.076044365 0.002296868 0.012497345
v 0.076044365 0.003048921 -0.01191228
v 0.076044365 0.0037894079999999998 0.012121956000000001
v 0.076044365 0.00451552 -0.011445722
v 0.076044365 0.005224504 0.011565997
v 0.076044365 0.005913669 -0.010802471000000001
v 0.076044365 0.0065804010000000005 0.010837895
v 0.076044365 0.007222172 -0.00999228
v 0.076044365 0.007836547000000001 0.009948689
v 0.076044365 0.008421195000000001 -0.009027431
v 0.076044365 0.008973898000000001 0.008911856000000001
v 0.076044365 0.009492559999999999 -0.007922547
v 0.076044365 0.009975215 0.007743114000000001
v 0.076044365 0.010420028999999999 -0.006694381
v 0.076044365 0.010825316000000001 0.006460181000000001
v 0.076044365 0.011189541 -0.005361548
v 0.076044365 0.011511318 0.005082505
v 0.076044365 0.01178943 -0.003944254
v 0.076044365 0.01202282 0.003630969
v 0.076044365 0.012210604 -0.002463982
v 0.076044365 0.012352067999999999 0.0021275770000000003
v 0.076044365 0.012446676 -0.0009431730000000001
v 0.076044365 0.012494071 0.00059512
v 0.100544365 -0.012494072 -0.000174757
v 0.100544365 -0.012446678000000001 0.001363536
v 0.100544365 -0.012352069 -0.001707214
v 0.100544365 -0.012210605 0.0028843450000000004
v 0.100544365 -0.012022821000000001 -0.003210606
v 0.100544365 -0.011789431000000001 0.004364616
v 0.100544365 -0.011511319 -0.004662142
v 0.100544365 -0.011189542 0.005781911
v 0.100544365 -0.010825317999999999 -0.006039819
v 0.100544365 -0.010420031 0.007114743
v 0.100544365 -0.009975216 -0.007322752000000001
v 0.100544365 -0.009492562 0.00834291
v 0.100544365 -0.0089739 -0.008491493000000001
v 0.100544365 -0.008421196 0.009447793000000001
v 0.100544365 -0.007836548 -0.009528326
v 0.100544365 -0.007222174 0.010412642
v 0.100544365 -0.006580402999999999 -0.010417533000000001
v 0.100544365 -0.00591367 0.011222834000000001
v 0.100544365 -0.005224505 -0.011145635000000001
v 0.100544365 -0.004515522 0.011866084
v 0.100544365 -0.003789409 -0.011701593000000001
v 0.100544365 -0.0030489220000000004 0.012332642999999999
v 0.100544365 -0.0022968700000000003 -0.012076982
v 0.100544365 -0.001536104 0.012615438
v 0.100544365 -0.000769512 -0.01226611
v 0.100544365 -1e-09 0.012710181000000001
v 0.100544365 0.000769511 -0.01226611
v 0.100544365 0.001536103 0.012615438
v 0.100544365 0.002296868 -0.012076982
v 0.100544365 0.003048921 0.012332642999999999
v 0.100544365 0.0037894079999999998 -0.011701593000000001
v 0.100544365 0.00451552 0.011866084
v 0.100544365 0.005224504 -0.011145635000000001
v 0.100544365 0.005913669 0.011222834000000001
v 0.100544365 0.0065804010000000005 -0.010417533000000001
v 0.100544365 0.007222172 0.010412642
v 0.100544365 0.007836547000000001 -0.009528326
v 0.100544365 0.008421195000000001 0.009447793000000001
v 0.100544365 0.008973898000000001 -0.008491493000000001
v 0.100544365 0.009492559999999999 0.00834291
v 0.100544365 0.009975215 -0.007322752000000001
v 0.100544365 0.010420028999999999 0.007114743
v 0.100544365 0.010825316000000001 -0.006039819
v 0.100544365 0.011189541 0.005781911
v 0.100544365 0.011511318 -0.004662142
v 0.100544365 0.01178943 0.004364616
v 0.100544365 0.01202282 -0.003210606
v 0.100544365 0.012210604 0.0028843450000000004
v 0.100544365 0.012352067999999999 -0.001707214
v 0.100544365 0.012446676 0.001363536
v 0.100544365 0.012494071 -0.000174757
v 0.101544365 -0.011494092000000001 0.000578774
v 0.101544365 -0.01144686 -0.0008940829999999999
v 0.101544365 -0.011352592 0.0020455800000000004
v 0.101544365 -0.011211672 -0.0023488090000000003
v 0.101544365 -0.011024681 0.003482249
v 0.101544365 -0.010792388000000002 -0.0037615170000000002
v 0.101544365 -0.010515746 0.00486519
v 0.101544365 -0.010195892000000002 -0.005109009
v 0.101544365 -0.009834143 0.006171696
v 0.101544365 -0.009431982 -0.0063691600000000004
v 0.101544365 -0.008991063 0.007380314000000001
v 0.101544365 -0.008513198 -0.007521279
v 0.101544365 -0.00800035 0.008471199
v 0.101544365 -0.007454627 -0.008546447
v 0.101544365 -0.006878272 0.009426437999999999
v 0.101544365 -0.006273652 -0.009427832
v 0.101544365 -0.0056432520000000005 0.010230347
v 0.101544365 -0.004989664 -0.010150961
v 0.101544365 -0.004315571000000001 0.010869724
v 0.101544365 -0.0036237450000000003 -0.010703958999999999
v 0.101544365 -0.0029170280000000003 0.011334072
v 0.101544365 -0.002198325 -0.011077749000000001
v 0.101544365 -0.001470588 0.011615767
v 0.101544365 -0.000736808 -0.011266191
v 0.101544365 -1e-09 0.011710181
v 0.101544365 0.000736807 -0.011266191
v 0.101544365 0.0014705870000000002 0.011615767
v 0.101544365 0.002198323 -0.011077749000000001
v 0.101544365 0.002917027 0.011334072
v 0.101544365 0.003623744 -0.010703958999999999
v 0.101544365 0.00431557 0.010869724
v 0.101544365 0.004989662 -0.010150961
v 0.101544365 0.005643251 0.010230347
v 0.101544365 0.006273651 -0.009427832
v 0.101544365 0.006878271 0.009426437999999999
v 0.101544365 0.007454626000000001 -0.008546447
v 0.101544365 0.008000349 0.008471199
v 0.101544365 0.008513196 -0.007521279
v 0.101544365 0.008991061 0.007380314000000001
v 0.101544365 0.00943198 -0.0063691600000000004
v 0.101544365 0.009834141000000001 0.006171696
v 0.101544365 0.010195891 -0.005109009
v 0.101544365 0.010515744 0.00486519
v 0.101544365 0.010792386000000001 -0.0037615170000000002
v 0.101544365 0.011024679 0.003482249
v 0.101544365 0.01121167 -0.0023488090000000003
v 0.101544365 0.01135259 0.0020455800000000004
v 0.101544365 0.011446859 -0.0008940829999999999
v 0.101544365 0.011494091 0.000578774
usemtl 222,222,213
f 2591 2592 2590
f 2590 2592 2593
f 2590 2593 2594
f 2590 2594 2597
f 2597 2594 2595
f 2597 2595 2596
f 2596 2598 2597
f 260 2591 259
f 259 2591 2590
f 2598 267 2597
f 2597 267 266
f 267 265 266
f 266 265 264
f 266 264 263
f 266 263 259
f 259 263 262
f 259 262 261
f 261 260 259
f 2590 2597 259
f 259 2597 266
f 23 73 25
f 25 73 75
f 25 75 77
f 73 23 71
f 71 23 21
f 71 21 69
f 69 21 19
f 69 19 67
f 67 19 17
f 67 17 65
f 65 17 15
f 65 15 63
f 63 15 13
f 63 13 61
f 61 13 11
f 61 11 59
f 59 11 9
f 59 9 57
f 57 9 7
f 57 7 55
f 55 7 5
f 55 5 53
f 53 5 3
f 53 3 51
f 51 3 1
f 51 1 50
f 50 1 2
f 50 2 52
f 52 2 4
f 52 4 54
f 54 4 6
f 54 6 56
f 56 6 8
f 56 8 58
f 58 8 10
f 58 10 60
f 60 10 12
f 60 12 62
f 62 12 14
f 62 14 64
f 64 14 16
f 64 16 66
f 66 16 18
f 66 18 68
f 68 18 20
f 68 20 70
f 70 20 22
f 70 22 72
f 72 22 24
f 72 24 74
f 74 24 26
f 74 26 76
f 76 26 78
f 78 26 28
f 78 28 80
f 80 28 30
f 80 30 82
f 82 30 32
f 82 32 84
f 84 32 34
f 84 34 86
f 86 34 36
f 86 36 88
f 88 36 38
f 88 38 90
f 90 38 40
f 90 40 92
f 92 40 42
f 92 42 94
f 94 42 44
f 94 44 96
f 96 44 46
f 96 46 98
f 98 46 48
f 98 48 100
f 100 48 49
f 100 49 99
f 99 49 47
f 99 47 97
f 97 47 45
f 97 45 95
f 95 45 43
f 95 43 93
f 93 43 41
f 93 41 91
f 91 41 39
f 91 39 89
f 89 39 37
f 89 37 87
f 87 37 35
f 87 35 85
f 85 35 33
f 85 33 83
f 83 33 31
f 83 31 81
f 81 31 29
f 81 29 79
f 79 29 27
f 79 27 77
f 77 27 25
f 208 127 205
f 205 127 125
f 205 125 202
f 202 125 123
f 202 123 198
f 198 123 121
f 198 121 194
f 194 121 119
f 194 119 190
f 190 119 117
f 190 117 186
f 186 117 115
f 186 115 182
f 182 115 113
f 182 113 178
f 178 113 111
f 178 111 176
f 176 111 109
f 176 109 172
f 172 109 107
f 172 107 168
f 168 107 105
f 168 105 166
f 166 105 103
f 166 103 164
f 164 103 101
f 164 101 163
f 163 101 102
f 163 102 165
f 165 102 104
f 165 104 167
f 167 104 106
f 167 106 171
f 171 106 108
f 171 108 173
f 173 108 110
f 173 110 177
f 177 110 112
f 177 112 181
f 181 112 114
f 181 114 185
f 185 114 116
f 185 116 187
f 187 116 118
f 187 118 191
f 191 118 120
f 191 120 195
f 195 120 122
f 195 122 199
f 199 122 124
f 199 124 203
f 203 124 126
f 203 126 207
f 207 126 128
f 207 128 211
f 211 128 130
f 211 130 215
f 215 130 132
f 215 132 219
f 219 132 134
f 219 134 223
f 223 134 136
f 223 136 225
f 225 136 138
f 225 138 229
f 229 138 140
f 229 140 233
f 233 140 142
f 233 142 237
f 237 142 144
f 237 144 239
f 239 144 146
f 239 146 243
f 243 146 148
f 243 148 245
f 245 148 150
f 245 150 247
f 247 150 151
f 247 151 246
f 246 151 149
f 246 149 244
f 244 149 147
f 244 147 242
f 242 147 145
f 242 145 238
f 238 145 143
f 238 143 234
f 234 143 141
f 234 141 232
f 232 141 139
f 232 139 228
f 228 139 137
f 228 137 224
f 224 137 135
f 224 135 220
f 220 135 133
f 220 133 216
f 216 133 131
f 216 131 212
f 212 131 129
f 212 129 208
f 208 129 127
f 73 125 75
f 75 125 127
f 75 127 77
f 77 127 129
f 77 129 79
f 79 129 131
f 79 131 81
f 81 131 133
f 81 133 83
f 83 133 135
f 83 135 85
f 85 135 137
f 85 137 87
f 87 137 139
f 87 139 89
f 89 139 141
f 89 141 91
f 91 141 143
f 91 143 93
f 93 143 145
f 93 145 95
f 95 145 147
f 95 147 97
f 97 147 149
f 97 149 99
f 99 149 151
f 99 151 100
f 100 151 150
f 100 150 98
f 98 150 148
f 98 148 96
f 96 148 146
f 96 146 94
f 94 146 144
f 94 144 92
f 92 144 142
f 92 142 90
f 90 142 140
f 90 140 88
f 88 140 138
f 88 138 86
f 86 138 136
f 86 136 84
f 84 136 134
f 84 134 82
f 82 134 132
f 82 132 80
f 80 132 130
f 80 130 78
f 78 130 128
f 78 128 76
f 76 128 126
f 76 126 74
f 74 126 124
f 74 124 72
f 72 124 122
f 72 122 70
f 70 122 120
f 70 120 68
f 68 120 118
f 68 118 66
f 66 118 116
f 66 116 64
f 64 116 114
f 64 114 62
f 62 114 112
f 62 112 60
f 60 112 110
f 60 110 58
f 58 110 108
f 58 108 56
f 56 108 106
f 56 106 54
f 54 106 104
f 54 104 52
f 52 104 102
f 52 102 50
f 50 102 101
f 50 101 51
f 51 101 103
f 51 103 53
f 53 103 105
f 53 105 55
f 55 105 107
f 55 107 57
f 57 107 109
f 57 109 59
f 59 109 111
f 59 111 61
f 61 111 113
f 61 113 63
f 63 113 115
f 63 115 65
f 65 115 117
f 65 117 67
f 67 117 119
f 67 119 69
f 69 119 121
f 69 121 71
f 71 121 123
f 71 123 73
f 73 123 125
f 25 27 23
f 23 27 21
f 21 27 29
f 21 29 19
f 19 29 31
f 19 31 17
f 17 31 33
f 17 33 15
f 15 33 35
f 15 35 13
f 13 35 37
f 13 37 11
f 11 37 39
f 11 39 9
f 9 39 41
f 9 41 7
f 7 41 43
f 7 43 5
f 5 43 45
f 5 45 3
f 3 45 47
f 3 47 1
f 1 47 49
f 1 49 2
f 2 49 48
f 2 48 4
f 4 48 46
f 4 46 6
f 6 46 44
f 6 44 8
f 8 44 42
f 8 42 10
f 10 42 40
f 10 40 12
f 12 40 38
f 12 38 14
f 14 38 36
f 14 36 16
f 16 36 34
f 16 34 18
f 18 34 32
f 18 32 20
f 20 32 30
f 20 30 22
f 22 30 28
f 22 28 24
f 24 28 26
f 2784 2782 2832
f 2832 2782 2780
f 2832 2780 2830
f 2830 2780 2778
f 2830 2778 2828
f 2828 2778 2776
f 2828 2776 2826
f 2826 2776 2774
f 2826 2774 2824
f 2824 2774 2772
f 2824 2772 2822
f 2822 2772 2770
f 2822 2770 2820
f 2820 2770 2768
f 2820 2768 2818
f 2818 2768 2766
f 2818 2766 2816
f 2816 2766 2764
f 2816 2764 2814
f 2814 2764 2762
f 2814 2762 2812
f 2812 2762 2760
f 2812 2760 2810
f 2810 2760 2758
f 2810 2758 2808
f 2808 2758 2757
f 2808 2757 2809
f 2809 2757 2759
f 2809 2759 2811
f 2811 2759 2761
f 2811 2761 2813
f 2813 2761 2763
f 2813 2763 2815
f 2815 2763 2765
f 2815 2765 2817
f 2817 2765 2767
f 2817 2767 2819
f 2819 2767 2769
f 2819 2769 2821
f 2821 2769 2771
f 2821 2771 2823
f 2823 2771 2773
f 2823 2773 2825
f 2825 2773 2775
f 2825 2775 2827
f 2827 2775 2777
f 2827 2777 2829
f 2829 2777 2779
f 2829 2779 2831
f 2831 2779 2781
f 2831 2781 2783
f 2831 2783 2833
f 2833 2783 2785
f 2833 2785 2835
f 2835 2785 2787
f 2835 2787 2837
f 2837 2787 2789
f 2837 2789 2839
f 2839 2789 2791
f 2839 2791 2841
f 2841 2791 2793
f 2841 2793 2843
f 2843 2793 2795
f 2843 2795 2845
f 2845 2795 2797
f 2845 2797 2847
f 2847 2797 2799
f 2847 2799 2849
f 2849 2799 2801
f 2849 2801 2851
f 2851 2801 2803
f 2851 2803 2853
f 2853 2803 2805
f 2853 2805 2855
f 2855 2805 2807
f 2855 2807 2856
f 2856 2807 2806
f 2856 2806 2854
f 2854 2806 2804
f 2854 2804 2852
f 2852 2804 2802
f 2852 2802 2850
f 2850 2802 2800
f 2850 2800 2848
f 2848 2800 2798
f 2848 2798 2846
f 2846 2798 2796
f 2846 2796 2844
f 2844 2796 2794
f 2844 2794 2842
f 2842 2794 2792
f 2842 2792 2840
f 2840 2792 2790
f 2840 2790 2838
f 2838 2790 2788
f 2838 2788 2836
f 2836 2788 2786
f 2836 2786 2834
f 2834 2786 2784
f 2834 2784 2832
f 2649 2730 2652
f 2652 2730 2732
f 2652 2732 2655
f 2655 2732 2734
f 2655 2734 2659
f 2659 2734 2736
f 2659 2736 2663
f 2663 2736 2738
f 2663 2738 2667
f 2667 2738 2740
f 2667 2740 2671
f 2671 2740 2742
f 2671 2742 2675
f 2675 2742 2744
f 2675 2744 2679
f 2679 2744 2746
f 2679 2746 2681
f 2681 2746 2748
f 2681 2748 2685
f 2685 2748 2750
f 2685 2750 2689
f 2689 2750 2752
f 2689 2752 2691
f 2691 2752 2754
f 2691 2754 2693
f 2693 2754 2756
f 2693 2756 2694
f 2694 2756 2755
f 2694 2755 2692
f 2692 2755 2753
f 2692 2753 2690
f 2690 2753 2751
f 2690 2751 2686
f 2686 2751 2749
f 2686 2749 2684
f 2684 2749 2747
f 2684 2747 2680
f 2680 2747 2745
f 2680 2745 2676
f 2676 2745 2743
f 2676 2743 2672
f 2672 2743 2741
f 2672 2741 2670
f 2670 2741 2739
f 2670 2739 2666
f 2666 2739 2737
f 2666 2737 2662
f 2662 2737 2735
f 2662 2735 2658
f 2658 2735 2733
f 2658 2733 2654
f 2654 2733 2731
f 2654 2731 2650
f 2650 2731 2729
f 2650 2729 2646
f 2646 2729 2727
f 2646 2727 2642
f 2642 2727 2725
f 2642 2725 2638
f 2638 2725 2723
f 2638 2723 2634
f 2634 2723 2721
f 2634 2721 2632
f 2632 2721 2719
f 2632 2719 2628
f 2628 2719 2717
f 2628 2717 2624
f 2624 2717 2715
f 2624 2715 2620
f 2620 2715 2713
f 2620 2713 2618
f 2618 2713 2711
f 2618 2711 2614
f 2614 2711 2709
f 2614 2709 2612
f 2612 2709 2707
f 2612 2707 2610
f 2610 2707 2706
f 2610 2706 2611
f 2611 2706 2708
f 2611 2708 2613
f 2613 2708 2710
f 2613 2710 2615
f 2615 2710 2712
f 2615 2712 2619
f 2619 2712 2714
f 2619 2714 2623
f 2623 2714 2716
f 2623 2716 2625
f 2625 2716 2718
f 2625 2718 2629
f 2629 2718 2720
f 2629 2720 2633
f 2633 2720 2722
f 2633 2722 2637
f 2637 2722 2724
f 2637 2724 2641
f 2641 2724 2726
f 2641 2726 2645
f 2645 2726 2728
f 2645 2728 2649
f 2649 2728 2730
f 2784 2732 2782
f 2782 2732 2730
f 2782 2730 2780
f 2780 2730 2728
f 2780 2728 2778
f 2778 2728 2726
f 2778 2726 2776
f 2776 2726 2724
f 2776 2724 2774
f 2774 2724 2722
f 2774 2722 2772
f 2772 2722 2720
f 2772 2720 2770
f 2770 2720 2718
f 2770 2718 2768
f 2768 2718 2716
f 2768 2716 2766
f 2766 2716 2714
f 2766 2714 2764
f 2764 2714 2712
f 2764 2712 2762
f 2762 2712 2710
f 2762 2710 2760
f 2760 2710 2708
f 2760 2708 2758
f 2758 2708 2706
f 2758 2706 2757
f 2757 2706 2707
f 2757 2707 2759
f 2759 2707 2709
f 2759 2709 2761
f 2761 2709 2711
f 2761 2711 2763
f 2763 2711 2713
f 2763 2713 2765
f 2765 2713 2715
f 2765 2715 2767
f 2767 2715 2717
f 2767 2717 2769
f 2769 2717 2719
f 2769 2719 2771
f 2771 2719 2721
f 2771 2721 2773
f 2773 2721 2723
f 2773 2723 2775
f 2775 2723 2725
f 2775 2725 2777
f 2777 2725 2727
f 2777 2727 2779
f 2779 2727 2729
f 2779 2729 2781
f 2781 2729 2731
f 2781 2731 2783
f 2783 2731 2733
f 2783 2733 2785
f 2785 2733 2735
f 2785 2735 2787
f 2787 2735 2737
f 2787 2737 2789
f 2789 2737 2739
f 2789 2739 2791
f 2791 2739 2741
f 2791 2741 2793
f 2793 2741 2743
f 2793 2743 2795
f 2795 2743 2745
f 2795 2745 2797
f 2797 2745 2747
f 2797 2747 2799
f 2799 2747 2749
f 2799 2749 2801
f 2801 2749 2751
f 2801 2751 2803
f 2803 2751 2753
f 2803 2753 2805
f 2805 2753 2755
f 2805 2755 2807
f 2807 2755 2756
f 2807 2756 2806
f 2806 2756 2754
f 2806 2754 2804
f 2804 2754 2752
f 2804 2752 2802
f 2802 2752 2750
f 2802 2750 2800
f 2800 2750 2748
f 2800 2748 2798
f 2798 2748 2746
f 2798 2746 2796
f 2796 2746 2744
f 2796 2744 2794
f 2794 2744 2742
f 2794 2742 2792
f 2792 2742 2740
f 2792 2740 2790
f 2790 2740 2738
f 2790 2738 2788
f 2788 2738 2736
f 2788 2736 2786
f 2786 2736 2734
f 2786 2734 2784
f 2784 2734 2732
f 2832 2830 2834
f 2834 2830 2836
f 2836 2830 2828
f 2836 2828 2838
f 2838 2828 2826
f 2838 2826 2840
f 2840 2826 2824
f 2840 2824 2842
f 2842 2824 2822
f 2842 2822 2844
f 2844 2822 2820
f 2844 2820 2846
f 2846 2820 2818
f 2846 2818 2848
f 2848 2818 2816
f 2848 2816 2850
f 2850 2816 2814
f 2850 2814 2852
f 2852 2814 2812
f 2852 2812 2854
f 2854 2812 2810
f 2854 2810 2856
f 2856 2810 2808
f 2856 2808 2855
f 2855 2808 2809
f 2855 2809 2853
f 2853 2809 2811
f 2853 2811 2851
f 2851 2811 2813
f 2851 2813 2849
f 2849 2813 2815
f 2849 2815 2847
f 2847 2815 2817
f 2847 2817 2845
f 2845 2817 2819
f 2845 2819 2843
f 2843 2819 2821
f 2843 2821 2841
f 2841 2821 2823
f 2841 2823 2839
f 2839 2823 2825
f 2839 2825 2837
f 2837 2825 2827
f 2837 2827 2835
f 2835 2827 2829
f 2835 2829 2833
f 2833 2829 2831
f 201 206 205
f 205 206 210
f 205 210 208
f 208 210 214
f 208 214 212
f 212 214 218
f 212 218 216
f 216 218 222
f 216 222 220
f 220 222 227
f 220 227 224
f 224 227 231
f 224 231 228
f 228 231 236
f 228 236 232
f 232 236 241
f 232 241 234
f 234 241 249
f 234 249 238
f 238 249 251
f 238 251 242
f 242 251 253
f 242 253 255
f 242 255 244
f 244 255 257
f 244 257 246
f 246 257 258
f 246 258 247
f 247 258 256
f 247 256 245
f 245 256 254
f 245 254 243
f 243 254 252
f 243 252 239
f 239 252 250
f 239 250 237
f 237 250 248
f 237 248 233
f 233 248 240
f 233 240 229
f 229 240 235
f 229 235 225
f 225 235 230
f 225 230 226
f 225 226 223
f 223 226 221
f 223 221 219
f 219 221 217
f 219 217 215
f 215 217 213
f 215 213 211
f 211 213 209
f 211 209 207
f 207 209 204
f 207 204 203
f 203 204 200
f 203 200 199
f 199 200 196
f 199 196 195
f 195 196 192
f 195 192 191
f 191 192 188
f 191 188 187
f 187 188 183
f 187 183 185
f 185 183 179
f 185 179 174
f 185 174 181
f 181 174 169
f 181 169 177
f 177 169 161
f 177 161 173
f 173 161 159
f 173 159 171
f 171 159 157
f 171 157 167
f 167 157 155
f 167 155 165
f 165 155 153
f 165 153 163
f 163 153 152
f 163 152 164
f 164 152 154
f 164 154 166
f 166 154 156
f 166 156 168
f 168 156 158
f 168 158 160
f 168 160 172
f 172 160 162
f 172 162 176
f 176 162 170
f 176 170 178
f 178 170 175
f 178 175 182
f 182 175 180
f 182 180 186
f 186 180 184
f 186 184 190
f 190 184 189
f 190 189 194
f 194 189 193
f 194 193 198
f 198 193 197
f 198 197 202
f 202 197 201
f 202 201 205
f 261 193 260
f 260 193 189
f 260 189 1016
f 1016 189 1014
f 1016 1014 2559
f 2559 1014 2557
f 2559 2557 2627
f 2627 2557 2622
f 2622 2557 2555
f 2622 2555 2617
f 2617 2555 2553
f 2617 2553 2609
f 2609 2553 2551
f 2609 2551 2607
f 2607 2551 2549
f 2607 2549 2605
f 2605 2549 2547
f 2605 2547 2603
f 2603 2547 2545
f 2603 2545 2601
f 2601 2545 2543
f 2601 2543 2599
f 2599 2543 2541
f 2599 2541 2600
f 2600 2541 2542
f 2600 2542 2602
f 2602 2542 2544
f 2602 2544 2604
f 2604 2544 2546
f 2604 2546 2606
f 2606 2546 2548
f 2606 2548 2608
f 2608 2548 2550
f 2608 2550 2616
f 2616 2550 2552
f 2616 2552 2621
f 2621 2552 2554
f 2621 2554 2626
f 2626 2554 2556
f 2626 2556 2630
f 2630 2556 2558
f 2630 2558 2635
f 2635 2558 2560
f 2635 2560 2639
f 2639 2560 2562
f 2639 2562 2643
f 2643 2562 2563
f 2643 2563 2647
f 2647 2563 2564
f 2647 2564 2651
f 2651 2564 2565
f 2651 2565 2656
f 2656 2565 2566
f 2656 2566 2660
f 2660 2566 2567
f 2660 2567 2664
f 2664 2567 2568
f 2664 2568 2668
f 2668 2568 2569
f 2668 2569 2673
f 2673 2569 2571
f 2673 2571 2677
f 2677 2571 2573
f 2677 2573 2682
f 2682 2573 2575
f 2682 2575 2687
f 2687 2575 2577
f 2687 2577 2695
f 2695 2577 2579
f 2695 2579 2697
f 2697 2579 2581
f 2697 2581 2699
f 2699 2581 2583
f 2699 2583 2701
f 2701 2583 2585
f 2701 2585 2703
f 2703 2585 2587
f 2703 2587 2705
f 2705 2587 2589
f 2705 2589 2704
f 2704 2589 2588
f 2704 2588 2702
f 2702 2588 2586
f 2702 2586 2700
f 2700 2586 2584
f 2700 2584 2698
f 2698 2584 2582
f 2698 2582 2696
f 2696 2582 2580
f 2696 2580 2688
f 2688 2580 2578
f 2688 2578 2683
f 2683 2578 2576
f 2683 2576 2678
f 2678 2576 2574
f 2678 2574 2674
f 2674 2574 2572
f 2674 2572 2669
f 2669 2572 2570
f 2669 2570 2598
f 2598 2570 1025
f 2598 1025 267
f 267 1025 222
f 267 222 218
f 193 261 197
f 197 261 262
f 197 262 201
f 201 262 263
f 201 263 206
f 206 263 210
f 210 263 264
f 210 264 214
f 214 264 265
f 214 265 218
f 218 265 267
f 2669 2598 2665
f 2665 2598 2596
f 2665 2596 2661
f 2661 2596 2595
f 2661 2595 2657
f 2657 2595 2594
f 2657 2594 2653
f 2653 2594 2648
f 2648 2594 2593
f 2648 2593 2644
f 2644 2593 2592
f 2644 2592 2640
f 2640 2592 2591
f 2640 2591 2636
f 2636 2591 2561
f 2636 2561 2631
f 2631 2561 2559
f 2631 2559 2627
f 2591 260 2561
f 2561 260 1016
f 2561 1016 2559
f 189 184 1014
f 1014 184 1012
f 1014 1012 2557
f 2557 1012 2555
f 184 180 1012
f 1012 180 1010
f 1012 1010 2555
f 2555 1010 2553
f 180 175 1010
f 1010 175 1008
f 1010 1008 2553
f 2553 1008 2551
f 175 170 1008
f 1008 170 1006
f 1008 1006 2551
f 2551 1006 2549
f 170 162 1006
f 1006 162 1004
f 1006 1004 2549
f 2549 1004 2547
f 162 160 1004
f 1004 160 1002
f 1004 1002 2547
f 2547 1002 2545
f 160 158 1002
f 1002 158 1000
f 1002 1000 2545
f 2545 1000 2543
f 158 156 1000
f 1000 156 998
f 1000 998 2543
f 2543 998 2541
f 156 154 998
f 998 154 996
f 998 996 2541
f 2541 996 2542
f 154 152 996
f 996 152 997
f 996 997 2542
f 2542 997 2544
f 152 153 997
f 997 153 999
f 997 999 2544
f 2544 999 2546
f 153 155 999
f 999 155 1001
f 999 1001 2546
f 2546 1001 2548
f 155 157 1001
f 1001 157 1003
f 1001 1003 2548
f 2548 1003 2550
f 157 159 1003
f 1003 159 1005
f 1003 1005 2550
f 2550 1005 2552
f 159 161 1005
f 1005 161 1007
f 1005 1007 2552
f 2552 1007 2554
f 161 169 1007
f 1007 169 1009
f 1007 1009 2554
f 2554 1009 2556
f 169 174 1009
f 1009 174 1011
f 1009 1011 2556
f 2556 1011 2558
f 174 179 1011
f 1011 179 1013
f 1011 1013 2558
f 2558 1013 2560
f 179 183 1013
f 1013 183 1015
f 1013 1015 2560
f 2560 1015 2562
f 183 188 1015
f 1015 188 1017
f 1015 1017 2562
f 2562 1017 2563
f 188 192 1017
f 1017 192 1018
f 1017 1018 2563
f 2563 1018 2564
f 192 196 1018
f 1018 196 1019
f 1018 1019 2564
f 2564 1019 2565
f 196 200 1019
f 1019 200 1020
f 1019 1020 2565
f 2565 1020 2566
f 200 204 1020
f 1020 204 1021
f 1020 1021 2566
f 2566 1021 2567
f 204 209 1021
f 1021 209 1022
f 1021 1022 2567
f 2567 1022 2568
f 209 213 1022
f 1022 213 1023
f 1022 1023 2568
f 2568 1023 2569
f 213 217 1023
f 1023 217 1024
f 1023 1024 2569
f 2569 1024 2571
f 217 221 1024
f 1024 221 1026
f 1024 1026 2571
f 2571 1026 2573
f 221 226 1026
f 1026 226 1028
f 1026 1028 2573
f 2573 1028 2575
f 226 230 1028
f 1028 230 1030
f 1028 1030 2575
f 2575 1030 2577
f 230 235 1030
f 1030 235 1032
f 1030 1032 2577
f 2577 1032 2579
f 235 240 1032
f 1032 240 1034
f 1032 1034 2579
f 2579 1034 2581
f 240 248 1034
f 1034 248 1036
f 1034 1036 2581
f 2581 1036 2583
f 248 250 1036
f 1036 250 1038
f 1036 1038 2583
f 2583 1038 2585
f 250 252 1038
f 1038 252 1040
f 1038 1040 2585
f 2585 1040 2587
f 252 254 1040
f 1040 254 1042
f 1040 1042 2587
f 2587 1042 2589
f 254 256 1042
f 1042 256 1044
f 1042 1044 2589
f 2589 1044 2588
f 256 258 1044
f 1044 258 1043
f 1044 1043 2588
f 2588 1043 2586
f 258 257 1043
f 1043 257 1041
f 1043 1041 2586
f 2586 1041 2584
f 257 255 1041
f 1041 255 1039
f 1041 1039 2584
f 2584 1039 2582
f 255 253 1039
f 1039 253 1037
f 1039 1037 2582
f 2582 1037 2580
f 253 251 1037
f 1037 251 1035
f 1037 1035 2580
f 2580 1035 2578
f 251 249 1035
f 1035 249 1033
f 1035 1033 2578
f 2578 1033 2576
f 249 241 1033
f 1033 241 1031
f 1033 1031 2576
f 2576 1031 2574
f 241 236 1031
f 1031 236 1029
f 1031 1029 2574
f 2574 1029 2572
f 236 231 1029
f 1029 231 1027
f 1029 1027 2572
f 2572 1027 2570
f 231 227 1027
f 1027 227 1025
f 1027 1025 2570
f 227 222 1025
f 2655 2657 2652
f 2652 2657 2653
f 2652 2653 2648
f 2657 2655 2661
f 2661 2655 2659
f 2661 2659 2665
f 2665 2659 2663
f 2665 2663 2669
f 2669 2663 2667
f 2669 2667 2674
f 2674 2667 2671
f 2674 2671 2678
f 2678 2671 2675
f 2678 2675 2683
f 2683 2675 2679
f 2683 2679 2688
f 2688 2679 2681
f 2688 2681 2696
f 2696 2681 2685
f 2696 2685 2698
f 2698 2685 2689
f 2698 2689 2700
f 2700 2689 2702
f 2702 2689 2691
f 2702 2691 2704
f 2704 2691 2693
f 2704 2693 2705
f 2705 2693 2694
f 2705 2694 2703
f 2703 2694 2692
f 2703 2692 2701
f 2701 2692 2690
f 2701 2690 2699
f 2699 2690 2686
f 2699 2686 2697
f 2697 2686 2684
f 2697 2684 2695
f 2695 2684 2680
f 2695 2680 2687
f 2687 2680 2676
f 2687 2676 2682
f 2682 2676 2672
f 2682 2672 2677
f 2677 2672 2673
f 2673 2672 2670
f 2673 2670 2668
f 2668 2670 2666
f 2668 2666 2664
f 2664 2666 2662
f 2664 2662 2660
f 2660 2662 2658
f 2660 2658 2656
f 2656 2658 2654
f 2656 2654 2651
f 2651 2654 2650
f 2651 2650 2647
f 2647 2650 2646
f 2647 2646 2643
f 2643 2646 2642
f 2643 2642 2639
f 2639 2642 2638
f 2639 2638 2635
f 2635 2638 2634
f 2635 2634 2630
f 2630 2634 2632
f 2630 2632 2626
f 2626 2632 2621
f 2621 2632 2628
f 2621 2628 2616
f 2616 2628 2624
f 2616 2624 2608
f 2608 2624 2620
f 2608 2620 2606
f 2606 2620 2618
f 2606 2618 2604
f 2604 2618 2614
f 2604 2614 2602
f 2602 2614 2612
f 2602 2612 2600
f 2600 2612 2610
f 2600 2610 2599
f 2599 2610 2611
f 2599 2611 2601
f 2601 2611 2613
f 2601 2613 2603
f 2603 2613 2615
f 2603 2615 2605
f 2605 2615 2607
f 2607 2615 2619
f 2607 2619 2609
f 2609 2619 2623
f 2609 2623 2617
f 2617 2623 2625
f 2617 2625 2622
f 2622 2625 2629
f 2622 2629 2627
f 2627 2629 2633
f 2627 2633 2631
f 2631 2633 2637
f 2631 2637 2636
f 2636 2637 2641
f 2636 2641 2640
f 2640 2641 2645
f 2640 2645 2644
f 2644 2645 2649
f 2644 2649 2648
f 2648 2649 2652
usemtl 156,156,156
f 2190 1855 2192
f 2192 1855 1759
f 2192 1759 1663
f 1663 1759 1661
f 1663 1661 1565
f 1565 1661 2186
f 1565 2186 545
f 1855 2190 1853
f 1853 2190 2188
f 1853 2188 2186
f 547 940 545
f 545 940 1085
f 545 1085 1181
f 1181 1085 1183
f 1181 1183 1279
f 1279 1183 551
f 1279 551 2192
f 940 547 942
f 942 547 549
f 942 549 551
f 1759 1855 1757
f 1757 1855 1853
f 1757 1853 2186
f 1279 2192 1567
f 1567 2192 1663
f 1567 1663 1565
f 1279 1567 1277
f 1277 1567 1565
f 1277 1565 545
f 942 551 1087
f 1087 551 1183
f 1087 1183 1085
f 940 942 1087
f 940 1087 1085
f 2186 1661 1757
f 1757 1661 1759
f 545 1181 1277
f 1277 1181 1279
f 2186 2184 545
f 545 2184 543
f 519 936 517
f 517 936 1081
f 517 1081 1177
f 1177 1081 1179
f 1177 1179 1275
f 1275 1179 521
f 1275 521 2162
f 936 519 938
f 938 519 523
f 938 523 521
f 2164 1851 2162
f 2162 1851 1755
f 2162 1755 1659
f 1659 1755 1657
f 1659 1657 1561
f 1561 1657 2158
f 1561 2158 517
f 1851 2164 1849
f 1849 2164 2160
f 1849 2160 2158
f 1081 936 1083
f 1083 936 938
f 1083 938 521
f 1561 517 1273
f 1273 517 1177
f 1273 1177 1275
f 1561 1273 1563
f 1563 1273 1275
f 1563 1275 2162
f 1849 2158 1753
f 1753 2158 1657
f 1753 1657 1755
f 1851 1849 1753
f 1851 1753 1755
f 521 1179 1083
f 1083 1179 1081
f 2162 1659 1563
f 1563 1659 1561
f 521 513 2162
f 2162 513 2154
f 2136 1847 2138
f 2138 1847 1751
f 2138 1751 1655
f 1655 1751 1653
f 1655 1653 1557
f 1557 1653 2132
f 1557 2132 491
f 1847 2136 1845
f 1845 2136 2134
f 1845 2134 2132
f 493 932 491
f 491 932 1077
f 491 1077 1173
f 1173 1077 1175
f 1173 1175 1271
f 1271 1175 497
f 1271 497 2138
f 932 493 934
f 934 493 495
f 934 495 497
f 1751 1847 1749
f 1749 1847 1845
f 1749 1845 2132
f 1271 2138 1559
f 1559 2138 1655
f 1559 1655 1557
f 1271 1559 1269
f 1269 1559 1557
f 1269 1557 491
f 934 497 1079
f 1079 497 1175
f 1079 1175 1077
f 932 934 1079
f 932 1079 1077
f 2132 1653 1749
f 1749 1653 1751
f 491 1173 1269
f 1269 1173 1271
f 2132 2128 491
f 491 2128 487
f 471 928 465
f 465 928 1073
f 465 1073 1169
f 1169 1073 1171
f 1169 1171 1267
f 1267 1171 469
f 1267 469 2110
f 928 471 930
f 930 471 473
f 930 473 469
f 2114 1843 2110
f 2110 1843 1747
f 2110 1747 1651
f 1651 1747 1649
f 1651 1649 1553
f 1553 1649 2106
f 1553 2106 465
f 1843 2114 1841
f 1841 2114 2112
f 1841 2112 2106
f 1073 928 1075
f 1075 928 930
f 1075 930 469
f 1553 465 1265
f 1265 465 1169
f 1265 1169 1267
f 1553 1265 1555
f 1555 1265 1267
f 1555 1267 2110
f 1841 2106 1745
f 1745 2106 1649
f 1745 1649 1747
f 1843 1841 1745
f 1843 1745 1747
f 469 1171 1075
f 1075 1171 1073
f 2110 1651 1555
f 1555 1651 1553
f 469 459 2110
f 2110 459 2100
f 2078 1839 2080
f 2080 1839 1743
f 2080 1743 1647
f 1647 1743 1645
f 1647 1645 1549
f 1549 1645 2074
f 1549 2074 433
f 1839 2078 1837
f 1837 2078 2076
f 1837 2076 2074
f 435 924 433
f 433 924 1069
f 433 1069 1165
f 1165 1069 1167
f 1165 1167 1263
f 1263 1167 439
f 1263 439 2080
f 924 435 926
f 926 435 437
f 926 437 439
f 1743 1839 1741
f 1741 1839 1837
f 1741 1837 2074
f 1263 2080 1551
f 1551 2080 1647
f 1551 1647 1549
f 1263 1551 1261
f 1261 1551 1549
f 1261 1549 433
f 926 439 1071
f 1071 439 1167
f 1071 1167 1069
f 924 926 1071
f 924 1071 1069
f 2074 1645 1741
f 1741 1645 1743
f 433 1165 1261
f 1261 1165 1263
f 2074 2070 433
f 433 2070 429
f 416 922 412
f 412 922 1067
f 412 1067 1163
f 1163 1067 1161
f 1163 1161 1257
f 1257 1161 410
f 1257 410 2051
f 922 416 920
f 920 416 414
f 920 414 410
f 2055 1833 2051
f 2051 1833 1737
f 2051 1737 1641
f 1641 1737 1643
f 1641 1643 1547
f 1547 1643 2053
f 1547 2053 412
f 1833 2055 1835
f 1835 2055 2057
f 1835 2057 2053
f 1067 922 1065
f 1065 922 920
f 1065 920 410
f 1547 412 1259
f 1259 412 1163
f 1259 1163 1257
f 1547 1259 1545
f 1545 1259 1257
f 1545 1257 2051
f 1835 2053 1739
f 1739 2053 1643
f 1739 1643 1737
f 1833 1835 1739
f 1833 1739 1737
f 410 1161 1065
f 1065 1161 1067
f 2051 1641 1545
f 1545 1641 1547
f 410 404 2051
f 2051 404 2045
f 2037 1831 2039
f 2039 1831 1735
f 2039 1735 1639
f 1639 1735 1637
f 1639 1637 1541
f 1541 1637 2029
f 1541 2029 388
f 1831 2037 1829
f 1829 2037 2033
f 1829 2033 2029
f 392 916 388
f 388 916 1061
f 388 1061 1157
f 1157 1061 1159
f 1157 1159 1255
f 1255 1159 398
f 1255 398 2039
f 916 392 918
f 918 392 396
f 918 396 398
f 1735 1831 1733
f 1733 1831 1829
f 1733 1829 2029
f 1255 2039 1543
f 1543 2039 1639
f 1543 1639 1541
f 1255 1543 1253
f 1253 1543 1541
f 1253 1541 388
f 918 398 1063
f 1063 398 1159
f 1063 1159 1061
f 916 918 1063
f 916 1063 1061
f 2029 1637 1733
f 1733 1637 1735
f 388 1157 1253
f 1253 1157 1255
f 2029 2021 388
f 388 2021 380
f 370 914 368
f 368 914 1059
f 368 1059 1155
f 1155 1059 1153
f 1155 1153 1249
f 1249 1153 364
f 1249 364 2005
f 914 370 912
f 912 370 366
f 912 366 364
f 2007 1825 2005
f 2005 1825 1729
f 2005 1729 1633
f 1633 1729 1635
f 1633 1635 1539
f 1539 1635 2009
f 1539 2009 368
f 1825 2007 1827
f 1827 2007 2011
f 1827 2011 2009
f 1059 914 1057
f 1057 914 912
f 1057 912 364
f 1539 368 1251
f 1251 368 1155
f 1251 1155 1249
f 1539 1251 1537
f 1537 1251 1249
f 1537 1249 2005
f 1827 2009 1731
f 1731 2009 1635
f 1731 1635 1729
f 1825 1827 1731
f 1825 1731 1729
f 364 1153 1057
f 1057 1153 1059
f 2005 1633 1537
f 1537 1633 1539
f 364 352 2005
f 2005 352 1993
f 1995 1823 1999
f 1999 1823 1727
f 1999 1727 1631
f 1631 1727 1629
f 1631 1629 1533
f 1533 1629 1989
f 1533 1989 348
f 1823 1995 1821
f 1821 1995 1991
f 1821 1991 1989
f 350 908 348
f 348 908 1053
f 348 1053 1149
f 1149 1053 1151
f 1149 1151 1247
f 1247 1151 358
f 1247 358 1999
f 908 350 910
f 910 350 354
f 910 354 358
f 1727 1823 1725
f 1725 1823 1821
f 1725 1821 1989
f 1247 1999 1535
f 1535 1999 1631
f 1535 1631 1533
f 1247 1535 1245
f 1245 1535 1533
f 1245 1533 348
f 910 358 1055
f 1055 358 1151
f 1055 1151 1053
f 908 910 1055
f 908 1055 1053
f 1989 1629 1725
f 1725 1629 1727
f 348 1149 1245
f 1245 1149 1247
f 1989 1977 348
f 348 1977 336
f 338 906 340
f 340 906 1051
f 340 1051 1147
f 1147 1051 1145
f 1147 1145 1241
f 1241 1145 330
f 1241 330 1971
f 906 338 904
f 904 338 334
f 904 334 330
f 1975 1817 1971
f 1971 1817 1721
f 1971 1721 1625
f 1625 1721 1627
f 1625 1627 1531
f 1531 1627 1981
f 1531 1981 340
f 1817 1975 1819
f 1819 1975 1979
f 1819 1979 1981
f 1051 906 1049
f 1049 906 904
f 1049 904 330
f 1531 340 1243
f 1243 340 1147
f 1243 1147 1241
f 1531 1243 1529
f 1529 1243 1241
f 1529 1241 1971
f 1819 1981 1723
f 1723 1981 1627
f 1723 1627 1721
f 1817 1819 1723
f 1817 1723 1721
f 330 1145 1049
f 1049 1145 1051
f 1971 1625 1529
f 1529 1625 1531
f 330 310 1971
f 1971 310 1951
f 1965 1815 1967
f 1967 1815 1719
f 1967 1719 1623
f 1623 1719 1621
f 1623 1621 1525
f 1525 1621 1961
f 1525 1961 320
f 1815 1965 1813
f 1813 1965 1963
f 1813 1963 1961
f 322 900 320
f 320 900 1045
f 320 1045 1141
f 1141 1045 1143
f 1141 1143 1239
f 1239 1143 326
f 1239 326 1967
f 900 322 902
f 902 322 324
f 902 324 326
f 1719 1815 1717
f 1717 1815 1813
f 1717 1813 1961
f 1239 1967 1527
f 1527 1967 1623
f 1527 1623 1525
f 1239 1527 1237
f 1237 1527 1525
f 1237 1525 320
f 902 326 1047
f 1047 326 1143
f 1047 1143 1045
f 900 902 1047
f 900 1047 1045
f 1961 1621 1717
f 1717 1621 1719
f 320 1141 1237
f 1237 1141 1239
f 1961 1945 320
f 320 1945 304
f 325 903 327
f 327 903 1048
f 327 1048 1144
f 1144 1048 1142
f 1144 1142 1238
f 1238 1142 321
f 1238 321 1962
f 903 325 901
f 901 325 323
f 901 323 321
f 1964 1814 1962
f 1962 1814 1718
f 1962 1718 1622
f 1622 1718 1624
f 1622 1624 1528
f 1528 1624 1968
f 1528 1968 327
f 1814 1964 1816
f 1816 1964 1966
f 1816 1966 1968
f 1048 903 1046
f 1046 903 901
f 1046 901 321
f 1528 327 1240
f 1240 327 1144
f 1240 1144 1238
f 1528 1240 1526
f 1526 1240 1238
f 1526 1238 1962
f 1816 1968 1720
f 1720 1968 1624
f 1720 1624 1718
f 1814 1816 1720
f 1814 1720 1718
f 321 1142 1046
f 1046 1142 1048
f 1962 1622 1526
f 1526 1622 1528
f 321 305 1962
f 1962 305 1946
f 1980 1820 1982
f 1982 1820 1724
f 1982 1724 1628
f 1628 1724 1626
f 1628 1626 1530
f 1530 1626 1972
f 1530 1972 331
f 1820 1980 1818
f 1818 1980 1976
f 1818 1976 1972
f 335 905 331
f 331 905 1050
f 331 1050 1146
f 1146 1050 1148
f 1146 1148 1244
f 1244 1148 341
f 1244 341 1982
f 905 335 907
f 907 335 339
f 907 339 341
f 1724 1820 1722
f 1722 1820 1818
f 1722 1818 1972
f 1244 1982 1532
f 1532 1982 1628
f 1532 1628 1530
f 1244 1532 1242
f 1242 1532 1530
f 1242 1530 331
f 907 341 1052
f 1052 341 1148
f 1052 1148 1050
f 905 907 1052
f 905 1052 1050
f 1972 1626 1722
f 1722 1626 1724
f 331 1146 1242
f 1242 1146 1244
f 1972 1952 331
f 331 1952 311
f 355 911 359
f 359 911 1056
f 359 1056 1152
f 1152 1056 1150
f 1152 1150 1246
f 1246 1150 349
f 1246 349 1990
f 911 355 909
f 909 355 351
f 909 351 349
f 1992 1822 1990
f 1990 1822 1726
f 1990 1726 1630
f 1630 1726 1632
f 1630 1632 1536
f 1536 1632 2000
f 1536 2000 359
f 1822 1992 1824
f 1824 1992 1996
f 1824 1996 2000
f 1056 911 1054
f 1054 911 909
f 1054 909 349
f 1536 359 1248
f 1248 359 1152
f 1248 1152 1246
f 1536 1248 1534
f 1534 1248 1246
f 1534 1246 1990
f 1824 2000 1728
f 1728 2000 1632
f 1728 1632 1726
f 1822 1824 1728
f 1822 1728 1726
f 349 1150 1054
f 1054 1150 1056
f 1990 1630 1534
f 1534 1630 1536
f 349 337 1990
f 1990 337 1978
f 2012 1828 2010
f 2010 1828 1732
f 2010 1732 1636
f 1636 1732 1634
f 1636 1634 1538
f 1538 1634 2006
f 1538 2006 365
f 1828 2012 1826
f 1826 2012 2008
f 1826 2008 2006
f 367 913 365
f 365 913 1058
f 365 1058 1154
f 1154 1058 1156
f 1154 1156 1252
f 1252 1156 369
f 1252 369 2010
f 913 367 915
f 915 367 371
f 915 371 369
f 1732 1828 1730
f 1730 1828 1826
f 1730 1826 2006
f 1252 2010 1540
f 1540 2010 1636
f 1540 1636 1538
f 1252 1540 1250
f 1250 1540 1538
f 1250 1538 365
f 915 369 1060
f 1060 369 1156
f 1060 1156 1058
f 913 915 1060
f 913 1060 1058
f 2006 1634 1730
f 1730 1634 1732
f 365 1154 1250
f 1250 1154 1252
f 2006 1994 365
f 365 1994 353
f 397 919 399
f 399 919 1064
f 399 1064 1160
f 1160 1064 1158
f 1160 1158 1254
f 1254 1158 389
f 1254 389 2030
f 919 397 917
f 917 397 393
f 917 393 389
f 2034 1830 2030
f 2030 1830 1734
f 2030 1734 1638
f 1638 1734 1640
f 1638 1640 1544
f 1544 1640 2040
f 1544 2040 399
f 1830 2034 1832
f 1832 2034 2038
f 1832 2038 2040
f 1064 919 1062
f 1062 919 917
f 1062 917 389
f 1544 399 1256
f 1256 399 1160
f 1256 1160 1254
f 1544 1256 1542
f 1542 1256 1254
f 1542 1254 2030
f 1832 2040 1736
f 1736 2040 1640
f 1736 1640 1734
f 1830 1832 1736
f 1830 1736 1734
f 389 1158 1062
f 1062 1158 1064
f 2030 1638 1542
f 1542 1638 1544
f 389 381 2030
f 2030 381 2022
f 2058 1836 2054
f 2054 1836 1740
f 2054 1740 1644
f 1644 1740 1642
f 1644 1642 1546
f 1546 1642 2052
f 1546 2052 411
f 1836 2058 1834
f 1834 2058 2056
f 1834 2056 2052
f 415 921 411
f 411 921 1066
f 411 1066 1162
f 1162 1066 1164
f 1162 1164 1260
f 1260 1164 413
f 1260 413 2054
f 921 415 923
f 923 415 417
f 923 417 413
f 1740 1836 1738
f 1738 1836 1834
f 1738 1834 2052
f 1260 2054 1548
f 1548 2054 1644
f 1548 1644 1546
f 1260 1548 1258
f 1258 1548 1546
f 1258 1546 411
f 923 413 1068
f 1068 413 1164
f 1068 1164 1066
f 921 923 1068
f 921 1068 1066
f 2052 1642 1738
f 1738 1642 1740
f 411 1162 1258
f 1258 1162 1260
f 2052 2046 411
f 411 2046 405
f 438 927 440
f 440 927 1072
f 440 1072 1168
f 1168 1072 1166
f 1168 1166 1262
f 1262 1166 434
f 1262 434 2075
f 927 438 925
f 925 438 436
f 925 436 434
f 2077 1838 2075
f 2075 1838 1742
f 2075 1742 1646
f 1646 1742 1648
f 1646 1648 1552
f 1552 1648 2081
f 1552 2081 440
f 1838 2077 1840
f 1840 2077 2079
f 1840 2079 2081
f 1072 927 1070
f 1070 927 925
f 1070 925 434
f 1552 440 1264
f 1264 440 1168
f 1264 1168 1262
f 1552 1264 1550
f 1550 1264 1262
f 1550 1262 2075
f 1840 2081 1744
f 1744 2081 1648
f 1744 1648 1742
f 1838 1840 1744
f 1838 1744 1742
f 434 1166 1070
f 1070 1166 1072
f 2075 1646 1550
f 1550 1646 1552
f 434 430 2075
f 2075 430 2071
f 2113 1842 2107
f 2107 1842 1746
f 2107 1746 1650
f 1650 1746 1652
f 1650 1652 1556
f 1556 1652 2111
f 1556 2111 470
f 1842 2113 1844
f 1844 2113 2115
f 1844 2115 2111
f 474 931 470
f 470 931 1076
f 470 1076 1172
f 1172 1076 1170
f 1172 1170 1266
f 1266 1170 466
f 1266 466 2107
f 931 474 929
f 929 474 472
f 929 472 466
f 1746 1842 1748
f 1748 1842 1844
f 1748 1844 2111
f 1266 2107 1554
f 1554 2107 1650
f 1554 1650 1556
f 1266 1554 1268
f 1268 1554 1556
f 1268 1556 470
f 929 466 1074
f 1074 466 1170
f 1074 1170 1076
f 931 929 1074
f 931 1074 1076
f 2111 1652 1748
f 1748 1652 1746
f 470 1172 1268
f 1268 1172 1266
f 2111 2101 470
f 470 2101 460
f 496 935 498
f 498 935 1080
f 498 1080 1176
f 1176 1080 1174
f 1176 1174 1270
f 1270 1174 492
f 1270 492 2133
f 935 496 933
f 933 496 494
f 933 494 492
f 2135 1846 2133
f 2133 1846 1750
f 2133 1750 1654
f 1654 1750 1656
f 1654 1656 1560
f 1560 1656 2139
f 1560 2139 498
f 1846 2135 1848
f 1848 2135 2137
f 1848 2137 2139
f 1080 935 1078
f 1078 935 933
f 1078 933 492
f 1560 498 1272
f 1272 498 1176
f 1272 1176 1270
f 1560 1272 1558
f 1558 1272 1270
f 1558 1270 2133
f 1848 2139 1752
f 1752 2139 1656
f 1752 1656 1750
f 1846 1848 1752
f 1846 1752 1750
f 492 1174 1078
f 1078 1174 1080
f 2133 1654 1558
f 1558 1654 1560
f 492 488 2133
f 2133 488 2129
f 2161 1850 2159
f 2159 1850 1754
f 2159 1754 1658
f 1658 1754 1660
f 1658 1660 1564
f 1564 1660 2163
f 1564 2163 522
f 1850 2161 1852
f 1852 2161 2165
f 1852 2165 2163
f 524 939 522
f 522 939 1084
f 522 1084 1180
f 1180 1084 1178
f 1180 1178 1274
f 1274 1178 518
f 1274 518 2159
f 939 524 937
f 937 524 520
f 937 520 518
f 1754 1850 1756
f 1756 1850 1852
f 1756 1852 2163
f 1274 2159 1562
f 1562 2159 1658
f 1562 1658 1564
f 1274 1562 1276
f 1276 1562 1564
f 1276 1564 522
f 937 518 1082
f 1082 518 1178
f 1082 1178 1084
f 939 937 1082
f 939 1082 1084
f 2163 1660 1756
f 1756 1660 1754
f 522 1180 1276
f 1276 1180 1274
f 2163 2155 522
f 522 2155 514
f 550 943 552
f 552 943 1088
f 552 1088 1184
f 1184 1088 1182
f 1184 1182 1278
f 1278 1182 546
f 1278 546 2187
f 943 550 941
f 941 550 548
f 941 548 546
f 2189 1854 2187
f 2187 1854 1758
f 2187 1758 1662
f 1662 1758 1664
f 1662 1664 1568
f 1568 1664 2193
f 1568 2193 552
f 1854 2189 1856
f 1856 2189 2191
f 1856 2191 2193
f 1088 943 1086
f 1086 943 941
f 1086 941 546
f 1568 552 1280
f 1280 552 1184
f 1280 1184 1278
f 1568 1280 1566
f 1566 1280 1278
f 1566 1278 2187
f 1856 2193 1760
f 1760 2193 1664
f 1760 1664 1758
f 1854 1856 1760
f 1854 1760 1758
f 546 1182 1086
f 1086 1182 1088
f 2187 1662 1566
f 1566 1662 1568
f 546 544 2187
f 2187 544 2185
f 2203 1858 2201
f 2201 1858 1762
f 2201 1762 1666
f 1666 1762 1668
f 1666 1668 1572
f 1572 1668 2211
f 1572 2211 570
f 1858 2203 1860
f 1860 2203 2209
f 1860 2209 2211
f 568 947 570
f 570 947 1092
f 570 1092 1188
f 1188 1092 1186
f 1188 1186 1282
f 1282 1186 560
f 1282 560 2201
f 947 568 945
f 945 568 562
f 945 562 560
f 1762 1858 1764
f 1764 1858 1860
f 1764 1860 2211
f 1282 2201 1570
f 1570 2201 1666
f 1570 1666 1572
f 1282 1570 1284
f 1284 1570 1572
f 1284 1572 570
f 945 560 1090
f 1090 560 1186
f 1090 1186 1092
f 947 945 1090
f 947 1090 1092
f 2211 1668 1764
f 1764 1668 1762
f 570 1188 1284
f 1284 1188 1282
f 2211 2205 570
f 570 2205 564
f 606 951 608
f 608 951 1096
f 608 1096 1192
f 1192 1096 1190
f 1192 1190 1286
f 1286 1190 598
f 1286 598 2239
f 951 606 949
f 949 606 600
f 949 600 598
f 2241 1862 2239
f 2239 1862 1766
f 2239 1766 1670
f 1670 1766 1672
f 1670 1672 1576
f 1576 1672 2249
f 1576 2249 608
f 1862 2241 1864
f 1864 2241 2247
f 1864 2247 2249
f 1096 951 1094
f 1094 951 949
f 1094 949 598
f 1576 608 1288
f 1288 608 1192
f 1288 1192 1286
f 1576 1288 1574
f 1574 1288 1286
f 1574 1286 2239
f 1864 2249 1768
f 1768 2249 1672
f 1768 1672 1766
f 1862 1864 1768
f 1862 1768 1766
f 598 1190 1094
f 1094 1190 1096
f 2239 1670 1574
f 1574 1670 1576
f 598 604 2239
f 2239 604 2245
f 2259 1866 2257
f 2257 1866 1770
f 2257 1770 1674
f 1674 1770 1676
f 1674 1676 1580
f 1580 1676 2263
f 1580 2263 622
f 1866 2259 1868
f 1868 2259 2261
f 1868 2261 2263
f 620 955 622
f 622 955 1100
f 622 1100 1196
f 1196 1100 1194
f 1196 1194 1290
f 1290 1194 616
f 1290 616 2257
f 955 620 953
f 953 620 618
f 953 618 616
f 1770 1866 1772
f 1772 1866 1868
f 1772 1868 2263
f 1290 2257 1578
f 1578 2257 1674
f 1578 1674 1580
f 1290 1578 1292
f 1292 1578 1580
f 1292 1580 622
f 953 616 1098
f 1098 616 1194
f 1098 1194 1100
f 955 953 1098
f 955 1098 1100
f 2263 1676 1772
f 1772 1676 1770
f 622 1196 1292
f 1292 1196 1290
f 2263 2265 622
f 622 2265 624
f 648 959 650
f 650 959 1104
f 650 1104 1200
f 1200 1104 1198
f 1200 1198 1294
f 1294 1198 646
f 1294 646 2287
f 959 648 957
f 957 648 644
f 957 644 646
f 2285 1870 2287
f 2287 1870 1774
f 2287 1774 1678
f 1678 1774 1680
f 1678 1680 1584
f 1584 1680 2291
f 1584 2291 650
f 1870 2285 1872
f 1872 2285 2289
f 1872 2289 2291
f 1104 959 1102
f 1102 959 957
f 1102 957 646
f 1584 650 1296
f 1296 650 1200
f 1296 1200 1294
f 1584 1296 1582
f 1582 1296 1294
f 1582 1294 2287
f 1872 2291 1776
f 1776 2291 1680
f 1776 1680 1774
f 1870 1872 1776
f 1870 1776 1774
f 646 1198 1102
f 1102 1198 1104
f 2287 1678 1582
f 1582 1678 1584
f 646 654 2287
f 2287 654 2295
f 2313 1874 2311
f 2311 1874 1778
f 2311 1778 1682
f 1682 1778 1684
f 1682 1684 1588
f 1588 1684 2317
f 1588 2317 676
f 1874 2313 1876
f 1876 2313 2315
f 1876 2315 2317
f 674 963 676
f 676 963 1108
f 676 1108 1204
f 1204 1108 1202
f 1204 1202 1298
f 1298 1202 670
f 1298 670 2311
f 963 674 961
f 961 674 672
f 961 672 670
f 1778 1874 1780
f 1780 1874 1876
f 1780 1876 2317
f 1298 2311 1586
f 1586 2311 1682
f 1586 1682 1588
f 1298 1586 1300
f 1300 1586 1588
f 1300 1588 676
f 961 670 1106
f 1106 670 1202
f 1106 1202 1108
f 963 961 1106
f 963 1106 1108
f 2317 1684 1780
f 1780 1684 1778
f 676 1204 1300
f 1300 1204 1298
f 2317 2321 676
f 676 2321 680
f 696 967 702
f 702 967 1112
f 702 1112 1208
f 1208 1112 1206
f 1208 1206 1302
f 1302 1206 698
f 1302 698 2339
f 967 696 965
f 965 696 694
f 965 694 698
f 2335 1878 2339
f 2339 1878 1782
f 2339 1782 1686
f 1686 1782 1688
f 1686 1688 1592
f 1592 1688 2343
f 1592 2343 702
f 1878 2335 1880
f 1880 2335 2337
f 1880 2337 2343
f 1112 967 1110
f 1110 967 965
f 1110 965 698
f 1592 702 1304
f 1304 702 1208
f 1304 1208 1302
f 1592 1304 1590
f 1590 1304 1302
f 1590 1302 2339
f 1880 2343 1784
f 1784 2343 1688
f 1784 1688 1782
f 1878 1880 1784
f 1878 1784 1782
f 698 1206 1110
f 1110 1206 1112
f 2339 1686 1590
f 1590 1686 1592
f 698 708 2339
f 2339 708 2349
f 2371 1882 2369
f 2369 1882 1786
f 2369 1786 1690
f 1690 1786 1692
f 1690 1692 1596
f 1596 1692 2375
f 1596 2375 734
f 1882 2371 1884
f 1884 2371 2373
f 1884 2373 2375
f 732 971 734
f 734 971 1116
f 734 1116 1212
f 1212 1116 1210
f 1212 1210 1306
f 1306 1210 728
f 1306 728 2369
f 971 732 969
f 969 732 730
f 969 730 728
f 1786 1882 1788
f 1788 1882 1884
f 1788 1884 2375
f 1306 2369 1594
f 1594 2369 1690
f 1594 1690 1596
f 1306 1594 1308
f 1308 1594 1596
f 1308 1596 734
f 969 728 1114
f 1114 728 1210
f 1114 1210 1116
f 971 969 1114
f 971 1114 1116
f 2375 1692 1788
f 1788 1692 1786
f 734 1212 1308
f 1308 1212 1306
f 2375 2379 734
f 734 2379 738
f 751 973 755
f 755 973 1118
f 755 1118 1214
f 1214 1118 1216
f 1214 1216 1312
f 1312 1216 757
f 1312 757 2398
f 973 751 975
f 975 751 753
f 975 753 757
f 2394 1888 2398
f 2398 1888 1792
f 2398 1792 1696
f 1696 1792 1694
f 1696 1694 1598
f 1598 1694 2396
f 1598 2396 755
f 1888 2394 1886
f 1886 2394 2392
f 1886 2392 2396
f 1118 973 1120
f 1120 973 975
f 1120 975 757
f 1598 755 1310
f 1310 755 1214
f 1310 1214 1312
f 1598 1310 1600
f 1600 1310 1312
f 1600 1312 2398
f 1886 2396 1790
f 1790 2396 1694
f 1790 1694 1792
f 1888 1886 1790
f 1888 1790 1792
f 757 1216 1120
f 1120 1216 1118
f 2398 1696 1600
f 1600 1696 1598
f 757 763 2398
f 2398 763 2404
f 2412 1890 2410
f 2410 1890 1794
f 2410 1794 1698
f 1698 1794 1700
f 1698 1700 1604
f 1604 1700 2420
f 1604 2420 779
f 1890 2412 1892
f 1892 2412 2416
f 1892 2416 2420
f 775 979 779
f 779 979 1124
f 779 1124 1220
f 1220 1124 1218
f 1220 1218 1314
f 1314 1218 769
f 1314 769 2410
f 979 775 977
f 977 775 771
f 977 771 769
f 1794 1890 1796
f 1796 1890 1892
f 1796 1892 2420
f 1314 2410 1602
f 1602 2410 1698
f 1602 1698 1604
f 1314 1602 1316
f 1316 1602 1604
f 1316 1604 779
f 977 769 1122
f 1122 769 1218
f 1122 1218 1124
f 979 977 1122
f 979 1122 1124
f 2420 1700 1796
f 1796 1700 1794
f 779 1220 1316
f 1316 1220 1314
f 2420 2428 779
f 779 2428 787
f 797 981 799
f 799 981 1126
f 799 1126 1222
f 1222 1126 1224
f 1222 1224 1320
f 1320 1224 803
f 1320 803 2444
f 981 797 983
f 983 797 801
f 983 801 803
f 2442 1896 2444
f 2444 1896 1800
f 2444 1800 1704
f 1704 1800 1702
f 1704 1702 1606
f 1606 1702 2440
f 1606 2440 799
f 1896 2442 1894
f 1894 2442 2438
f 1894 2438 2440
f 1126 981 1128
f 1128 981 983
f 1128 983 803
f 1606 799 1318
f 1318 799 1222
f 1318 1222 1320
f 1606 1318 1608
f 1608 1318 1320
f 1608 1320 2444
f 1894 2440 1798
f 1798 2440 1702
f 1798 1702 1800
f 1896 1894 1798
f 1896 1798 1800
f 803 1224 1128
f 1128 1224 1126
f 2444 1704 1608
f 1608 1704 1606
f 803 815 2444
f 2444 815 2456
f 2454 1898 2450
f 2450 1898 1802
f 2450 1802 1706
f 1706 1802 1708
f 1706 1708 1612
f 1612 1708 2460
f 1612 2460 819
f 1898 2454 1900
f 1900 2454 2458
f 1900 2458 2460
f 817 987 819
f 819 987 1132
f 819 1132 1228
f 1228 1132 1226
f 1228 1226 1322
f 1322 1226 809
f 1322 809 2450
f 987 817 985
f 985 817 813
f 985 813 809
f 1802 1898 1804
f 1804 1898 1900
f 1804 1900 2460
f 1322 2450 1610
f 1610 2450 1706
f 1610 1706 1612
f 1322 1610 1324
f 1324 1610 1612
f 1324 1612 819
f 985 809 1130
f 1130 809 1226
f 1130 1226 1132
f 987 985 1130
f 987 1130 1132
f 2460 1708 1804
f 1804 1708 1802
f 819 1228 1324
f 1324 1228 1322
f 2460 2472 819
f 819 2472 831
f 829 989 827
f 827 989 1134
f 827 1134 1230
f 1230 1134 1232
f 1230 1232 1328
f 1328 1232 837
f 1328 837 2478
f 989 829 991
f 991 829 833
f 991 833 837
f 2474 1904 2478
f 2478 1904 1808
f 2478 1808 1712
f 1712 1808 1710
f 1712 1710 1614
f 1614 1710 2468
f 1614 2468 827
f 1904 2474 1902
f 1902 2474 2470
f 1902 2470 2468
f 1134 989 1136
f 1136 989 991
f 1136 991 837
f 1614 827 1326
f 1326 827 1230
f 1326 1230 1328
f 1614 1326 1616
f 1616 1326 1328
f 1616 1328 2478
f 1902 2468 1806
f 1806 2468 1710
f 1806 1710 1808
f 1904 1902 1806
f 1904 1806 1808
f 837 1232 1136
f 1136 1232 1134
f 2478 1712 1616
f 1616 1712 1614
f 837 857 2478
f 2478 857 2498
f 2484 1906 2482
f 2482 1906 1810
f 2482 1810 1714
f 1714 1810 1716
f 1714 1716 1620
f 1620 1716 2488
f 1620 2488 847
f 1906 2484 1908
f 1908 2484 2486
f 1908 2486 2488
f 845 995 847
f 847 995 1140
f 847 1140 1236
f 1236 1140 1234
f 1236 1234 1330
f 1330 1234 841
f 1330 841 2482
f 995 845 993
f 993 845 843
f 993 843 841
f 1810 1906 1812
f 1812 1906 1908
f 1812 1908 2488
f 1330 2482 1618
f 1618 2482 1714
f 1618 1714 1620
f 1330 1618 1332
f 1332 1618 1620
f 1332 1620 847
f 993 841 1138
f 1138 841 1234
f 1138 1234 1140
f 995 993 1138
f 995 1138 1140
f 2488 1716 1812
f 1812 1716 1810
f 847 1236 1332
f 1332 1236 1330
f 2488 2504 847
f 847 2504 863
f 842 992 840
f 840 992 1137
f 840 1137 1233
f 1233 1137 1235
f 1233 1235 1331
f 1331 1235 846
f 1331 846 2487
f 992 842 994
f 994 842 844
f 994 844 846
f 2485 1907 2487
f 2487 1907 1811
f 2487 1811 1715
f 1715 1811 1713
f 1715 1713 1617
f 1617 1713 2481
f 1617 2481 840
f 1907 2485 1905
f 1905 2485 2483
f 1905 2483 2481
f 1137 992 1139
f 1139 992 994
f 1139 994 846
f 1617 840 1329
f 1329 840 1233
f 1329 1233 1331
f 1617 1329 1619
f 1619 1329 1331
f 1619 1331 2487
f 1905 2481 1809
f 1809 2481 1713
f 1809 1713 1811
f 1907 1905 1809
f 1907 1809 1811
f 846 1235 1139
f 1139 1235 1137
f 2487 1715 1619
f 1619 1715 1617
f 846 862 2487
f 2487 862 2503
f 2469 1901 2467
f 2467 1901 1805
f 2467 1805 1709
f 1709 1805 1711
f 1709 1711 1615
f 1615 1711 2477
f 1615 2477 836
f 1901 2469 1903
f 1903 2469 2473
f 1903 2473 2477
f 832 990 836
f 836 990 1135
f 836 1135 1231
f 1231 1135 1229
f 1231 1229 1325
f 1325 1229 826
f 1325 826 2467
f 990 832 988
f 988 832 828
f 988 828 826
f 1805 1901 1807
f 1807 1901 1903
f 1807 1903 2477
f 1325 2467 1613
f 1613 2467 1709
f 1613 1709 1615
f 1325 1613 1327
f 1327 1613 1615
f 1327 1615 836
f 988 826 1133
f 1133 826 1229
f 1133 1229 1135
f 990 988 1133
f 990 1133 1135
f 2477 1711 1807
f 1807 1711 1805
f 836 1231 1327
f 1327 1231 1325
f 2477 2497 836
f 836 2497 856
f 812 984 808
f 808 984 1129
f 808 1129 1225
f 1225 1129 1227
f 1225 1227 1323
f 1323 1227 818
f 1323 818 2459
f 984 812 986
f 986 812 816
f 986 816 818
f 2457 1899 2459
f 2459 1899 1803
f 2459 1803 1707
f 1707 1803 1705
f 1707 1705 1609
f 1609 1705 2449
f 1609 2449 808
f 1899 2457 1897
f 1897 2457 2453
f 1897 2453 2449
f 1129 984 1131
f 1131 984 986
f 1131 986 818
f 1609 808 1321
f 1321 808 1225
f 1321 1225 1323
f 1609 1321 1611
f 1611 1321 1323
f 1611 1323 2459
f 1897 2449 1801
f 1801 2449 1705
f 1801 1705 1803
f 1899 1897 1801
f 1899 1801 1803
f 818 1227 1131
f 1131 1227 1129
f 2459 1707 1611
f 1611 1707 1609
f 818 830 2459
f 2459 830 2471
f 2437 1893 2439
f 2439 1893 1797
f 2439 1797 1701
f 1701 1797 1703
f 1701 1703 1607
f 1607 1703 2443
f 1607 2443 802
f 1893 2437 1895
f 1895 2437 2441
f 1895 2441 2443
f 800 982 802
f 802 982 1127
f 802 1127 1223
f 1223 1127 1221
f 1223 1221 1317
f 1317 1221 798
f 1317 798 2439
f 982 800 980
f 980 800 796
f 980 796 798
f 1797 1893 1799
f 1799 1893 1895
f 1799 1895 2443
f 1317 2439 1605
f 1605 2439 1701
f 1605 1701 1607
f 1317 1605 1319
f 1319 1605 1607
f 1319 1607 802
f 980 798 1125
f 1125 798 1221
f 1125 1221 1127
f 982 980 1125
f 982 1125 1127
f 2443 1703 1799
f 1799 1703 1797
f 802 1223 1319
f 1319 1223 1317
f 2443 2455 802
f 802 2455 814
f 770 976 768
f 768 976 1121
f 768 1121 1217
f 1217 1121 1219
f 1217 1219 1315
f 1315 1219 778
f 1315 778 2419
f 976 770 978
f 978 770 774
f 978 774 778
f 2415 1891 2419
f 2419 1891 1795
f 2419 1795 1699
f 1699 1795 1697
f 1699 1697 1601
f 1601 1697 2409
f 1601 2409 768
f 1891 2415 1889
f 1889 2415 2411
f 1889 2411 2409
f 1121 976 1123
f 1123 976 978
f 1123 978 778
f 1601 768 1313
f 1313 768 1217
f 1313 1217 1315
f 1601 1313 1603
f 1603 1313 1315
f 1603 1315 2419
f 1889 2409 1793
f 1793 2409 1697
f 1793 1697 1795
f 1891 1889 1793
f 1891 1793 1795
f 778 1219 1123
f 1123 1219 1121
f 2419 1699 1603
f 1603 1699 1601
f 778 786 2419
f 2419 786 2427
f 2391 1885 2395
f 2395 1885 1789
f 2395 1789 1693
f 1693 1789 1695
f 1693 1695 1599
f 1599 1695 2397
f 1599 2397 756
f 1885 2391 1887
f 1887 2391 2393
f 1887 2393 2397
f 752 974 756
f 756 974 1119
f 756 1119 1215
f 1215 1119 1213
f 1215 1213 1309
f 1309 1213 754
f 1309 754 2395
f 974 752 972
f 972 752 750
f 972 750 754
f 1789 1885 1791
f 1791 1885 1887
f 1791 1887 2397
f 1309 2395 1597
f 1597 2395 1693
f 1597 1693 1599
f 1309 1597 1311
f 1311 1597 1599
f 1311 1599 756
f 972 754 1117
f 1117 754 1213
f 1117 1213 1119
f 974 972 1117
f 974 1117 1119
f 2397 1695 1791
f 1791 1695 1789
f 756 1215 1311
f 1311 1215 1309
f 2397 2403 756
f 756 2403 762
f 729 968 727
f 727 968 1113
f 727 1113 1209
f 1209 1113 1211
f 1209 1211 1307
f 1307 1211 733
f 1307 733 2374
f 968 729 970
f 970 729 731
f 970 731 733
f 2372 1883 2374
f 2374 1883 1787
f 2374 1787 1691
f 1691 1787 1689
f 1691 1689 1593
f 1593 1689 2368
f 1593 2368 727
f 1883 2372 1881
f 1881 2372 2370
f 1881 2370 2368
f 1113 968 1115
f 1115 968 970
f 1115 970 733
f 1593 727 1305
f 1305 727 1209
f 1305 1209 1307
f 1593 1305 1595
f 1595 1305 1307
f 1595 1307 2374
f 1881 2368 1785
f 1785 2368 1689
f 1785 1689 1787
f 1883 1881 1785
f 1883 1785 1787
f 733 1211 1115
f 1115 1211 1113
f 2374 1691 1595
f 1595 1691 1593
f 733 737 2374
f 2374 737 2378
f 2336 1879 2342
f 2342 1879 1783
f 2342 1783 1687
f 1687 1783 1685
f 1687 1685 1589
f 1589 1685 2338
f 1589 2338 697
f 1879 2336 1877
f 1877 2336 2334
f 1877 2334 2338
f 693 964 697
f 697 964 1109
f 697 1109 1205
f 1205 1109 1207
f 1205 1207 1303
f 1303 1207 701
f 1303 701 2342
f 964 693 966
f 966 693 695
f 966 695 701
f 1783 1879 1781
f 1781 1879 1877
f 1781 1877 2338
f 1303 2342 1591
f 1591 2342 1687
f 1591 1687 1589
f 1303 1591 1301
f 1301 1591 1589
f 1301 1589 697
f 966 701 1111
f 1111 701 1207
f 1111 1207 1109
f 964 966 1111
f 964 1111 1109
f 2338 1685 1781
f 1781 1685 1783
f 697 1205 1301
f 1301 1205 1303
f 2338 2348 697
f 697 2348 707
f 671 960 669
f 669 960 1105
f 669 1105 1201
f 1201 1105 1203
f 1201 1203 1299
f 1299 1203 675
f 1299 675 2316
f 960 671 962
f 962 671 673
f 962 673 675
f 2314 1875 2316
f 2316 1875 1779
f 2316 1779 1683
f 1683 1779 1681
f 1683 1681 1585
f 1585 1681 2310
f 1585 2310 669
f 1875 2314 1873
f 1873 2314 2312
f 1873 2312 2310
f 1105 960 1107
f 1107 960 962
f 1107 962 675
f 1585 669 1297
f 1297 669 1201
f 1297 1201 1299
f 1585 1297 1587
f 1587 1297 1299
f 1587 1299 2316
f 1873 2310 1777
f 1777 2310 1681
f 1777 1681 1779
f 1875 1873 1777
f 1875 1777 1779
f 675 1203 1107
f 1107 1203 1105
f 2316 1683 1587
f 1587 1683 1585
f 675 679 2316
f 2316 679 2320
f 2288 1871 2290
f 2290 1871 1775
f 2290 1775 1679
f 1679 1775 1677
f 1679 1677 1581
f 1581 1677 2286
f 1581 2286 645
f 1871 2288 1869
f 1869 2288 2284
f 1869 2284 2286
f 643 956 645
f 645 956 1101
f 645 1101 1197
f 1197 1101 1199
f 1197 1199 1295
f 1295 1199 649
f 1295 649 2290
f 956 643 958
f 958 643 647
f 958 647 649
f 1775 1871 1773
f 1773 1871 1869
f 1773 1869 2286
f 1295 2290 1583
f 1583 2290 1679
f 1583 1679 1581
f 1295 1583 1293
f 1293 1583 1581
f 1293 1581 645
f 958 649 1103
f 1103 649 1199
f 1103 1199 1101
f 956 958 1103
f 956 1103 1101
f 2286 1677 1773
f 1773 1677 1775
f 645 1197 1293
f 1293 1197 1295
f 2286 2294 645
f 645 2294 653
f 617 952 615
f 615 952 1097
f 615 1097 1193
f 1193 1097 1195
f 1193 1195 1291
f 1291 1195 621
f 1291 621 2262
f 952 617 954
f 954 617 619
f 954 619 621
f 2260 1867 2262
f 2262 1867 1771
f 2262 1771 1675
f 1675 1771 1673
f 1675 1673 1577
f 1577 1673 2256
f 1577 2256 615
f 1867 2260 1865
f 1865 2260 2258
f 1865 2258 2256
f 1097 952 1099
f 1099 952 954
f 1099 954 621
f 1577 615 1289
f 1289 615 1193
f 1289 1193 1291
f 1577 1289 1579
f 1579 1289 1291
f 1579 1291 2262
f 1865 2256 1769
f 1769 2256 1673
f 1769 1673 1771
f 1867 1865 1769
f 1867 1769 1771
f 621 1195 1099
f 1099 1195 1097
f 2262 1675 1579
f 1579 1675 1577
f 621 623 2262
f 2262 623 2264
f 2172 531 1413
f 1413 531 533
f 1413 533 537
f 1413 537 1415
f 1415 537 539
f 1415 539 1417
f 1417 539 541
f 1417 541 1419
f 1419 541 543
f 1419 543 2184
f 2184 2182 1419
f 1419 2182 2180
f 1419 2180 1417
f 1417 2180 2178
f 1417 2178 1415
f 1415 2178 2174
f 1415 2174 1413
f 1413 2174 2172
f 2156 515 2166
f 2166 515 525
f 2166 525 2170
f 2170 525 529
f 2170 529 2172
f 2172 529 531
f 2154 513 1409
f 1409 513 509
f 1409 509 505
f 1409 505 1405
f 1405 505 507
f 1405 507 1407
f 1407 507 511
f 1407 511 1411
f 1411 511 515
f 1411 515 2156
f 2156 2152 1411
f 1411 2152 2148
f 1411 2148 1407
f 1407 2148 2146
f 1407 2146 1405
f 1405 2146 2150
f 1405 2150 1409
f 1409 2150 2154
f 2108 467 1397
f 1397 467 477
f 1397 477 479
f 1397 479 1399
f 1399 479 483
f 1399 483 1401
f 1401 483 485
f 1401 485 1403
f 1403 485 487
f 1403 487 2128
f 2128 2126 1403
f 1403 2126 2124
f 1403 2124 1401
f 1401 2124 2120
f 1401 2120 1399
f 1399 2120 2118
f 1399 2118 1397
f 1397 2118 2108
f 2082 441 2092
f 2092 441 451
f 2092 451 2102
f 2102 451 461
f 2102 461 2108
f 2108 461 467
f 2100 459 1395
f 1395 459 455
f 1395 455 453
f 1395 453 1393
f 1393 453 447
f 1393 447 1391
f 1391 447 443
f 1391 443 1389
f 1389 443 441
f 1389 441 2082
f 2082 2084 1389
f 1389 2084 2088
f 1389 2088 1391
f 1391 2088 2094
f 1391 2094 1393
f 1393 2094 2096
f 1393 2096 1395
f 1395 2096 2100
f 2031 390 1381
f 1381 390 406
f 1381 406 418
f 1381 418 1383
f 1383 418 420
f 1383 420 1385
f 1385 420 423
f 1385 423 1387
f 1387 423 429
f 1387 429 2070
f 2070 2064 1387
f 1387 2064 2061
f 1387 2061 1385
f 1385 2061 2059
f 1385 2059 1383
f 1383 2059 2047
f 1383 2047 1381
f 1381 2047 2031
f 2017 376 2023
f 2023 376 382
f 2023 382 2025
f 2025 382 384
f 2025 384 2031
f 2031 384 390
f 2045 404 1379
f 1379 404 400
f 1379 400 394
f 1379 394 1377
f 1377 394 386
f 1377 386 1375
f 1375 386 378
f 1375 378 1373
f 1373 378 376
f 1373 376 2017
f 2017 2019 1373
f 1373 2019 2027
f 1373 2027 1375
f 1375 2027 2035
f 1375 2035 1377
f 1377 2035 2041
f 1377 2041 1379
f 1379 2041 2045
f 1953 312 1361
f 1361 312 342
f 1361 342 356
f 1361 356 1367
f 1367 356 372
f 1367 372 1369
f 1369 372 374
f 1369 374 1371
f 1371 374 380
f 1371 380 2021
f 2021 2015 1371
f 1371 2015 2013
f 1371 2013 1369
f 1369 2013 1997
f 1369 1997 1367
f 1367 1997 1983
f 1367 1983 1361
f 1361 1983 1953
f 1939 298 1941
f 1941 298 300
f 1941 300 1947
f 1947 300 306
f 1947 306 1953
f 1953 306 312
f 1993 352 1365
f 1365 352 346
f 1365 346 344
f 1365 344 1363
f 1363 344 316
f 1363 316 1357
f 1357 316 308
f 1357 308 1353
f 1353 308 298
f 1353 298 1939
f 1939 1949 1353
f 1353 1949 1957
f 1353 1957 1357
f 1357 1957 1985
f 1357 1985 1363
f 1363 1985 1987
f 1363 1987 1365
f 1365 1987 1993
f 1921 280 1339
f 1339 280 286
f 1339 286 292
f 1339 292 1345
f 1345 292 314
f 1345 314 1355
f 1355 314 318
f 1355 318 1359
f 1359 318 336
f 1359 336 1977
f 1977 1959 1359
f 1359 1959 1955
f 1359 1955 1355
f 1355 1955 1933
f 1355 1933 1345
f 1345 1933 1927
f 1345 1927 1339
f 1339 1927 1921
f 1913 272 1915
f 1915 272 274
f 1915 274 1919
f 1919 274 278
f 1919 278 1921
f 1921 278 280
f 1951 310 1351
f 1351 310 302
f 1351 302 294
f 1351 294 1347
f 1347 294 288
f 1347 288 1341
f 1341 288 282
f 1341 282 1335
f 1335 282 272
f 1335 272 1913
f 1913 1923 1335
f 1335 1923 1929
f 1335 1929 1341
f 1341 1929 1935
f 1341 1935 1347
f 1347 1935 1943
f 1347 1943 1351
f 1351 1943 1951
f 1911 270 1333
f 1333 270 276
f 1333 276 284
f 1333 284 1337
f 1337 284 290
f 1337 290 1343
f 1343 290 296
f 1343 296 1349
f 1349 296 304
f 1349 304 1945
f 1945 1937 1349
f 1349 1937 1931
f 1349 1931 1343
f 1343 1931 1925
f 1343 1925 1337
f 1337 1925 1917
f 1337 1917 1333
f 1333 1917 1911
f 1912 271 1910
f 1910 271 269
f 1910 269 1909
f 1909 269 268
f 1909 268 1911
f 1911 268 270
f 1946 305 1350
f 1350 305 297
f 1350 297 291
f 1350 291 1344
f 1344 291 285
f 1344 285 1338
f 1338 285 277
f 1338 277 1334
f 1334 277 271
f 1334 271 1912
f 1912 1918 1334
f 1334 1918 1926
f 1334 1926 1338
f 1338 1926 1932
f 1338 1932 1344
f 1344 1932 1938
f 1344 1938 1350
f 1350 1938 1946
f 1914 273 1336
f 1336 273 283
f 1336 283 289
f 1336 289 1342
f 1342 289 295
f 1342 295 1348
f 1348 295 303
f 1348 303 1352
f 1352 303 311
f 1352 311 1952
f 1952 1944 1352
f 1352 1944 1936
f 1352 1936 1348
f 1348 1936 1930
f 1348 1930 1342
f 1342 1930 1924
f 1342 1924 1336
f 1336 1924 1914
f 1922 281 1920
f 1920 281 279
f 1920 279 1916
f 1916 279 275
f 1916 275 1914
f 1914 275 273
f 1978 337 1360
f 1360 337 319
f 1360 319 315
f 1360 315 1356
f 1356 315 293
f 1356 293 1346
f 1346 293 287
f 1346 287 1340
f 1340 287 281
f 1340 281 1922
f 1922 1928 1340
f 1340 1928 1934
f 1340 1934 1346
f 1346 1934 1956
f 1346 1956 1356
f 1356 1956 1960
f 1356 1960 1360
f 1360 1960 1978
f 1940 299 1354
f 1354 299 309
f 1354 309 317
f 1354 317 1358
f 1358 317 345
f 1358 345 1364
f 1364 345 347
f 1364 347 1366
f 1366 347 353
f 1366 353 1994
f 1994 1988 1366
f 1366 1988 1986
f 1366 1986 1364
f 1364 1986 1958
f 1364 1958 1358
f 1358 1958 1950
f 1358 1950 1354
f 1354 1950 1940
f 1954 313 1948
f 1948 313 307
f 1948 307 1942
f 1942 307 301
f 1942 301 1940
f 1940 301 299
f 2022 381 1372
f 1372 381 375
f 1372 375 373
f 1372 373 1370
f 1370 373 357
f 1370 357 1368
f 1368 357 343
f 1368 343 1362
f 1362 343 313
f 1362 313 1954
f 1954 1984 1362
f 1362 1984 1998
f 1362 1998 1368
f 1368 1998 2014
f 1368 2014 1370
f 1370 2014 2016
f 1370 2016 1372
f 1372 2016 2022
f 2018 377 1374
f 1374 377 379
f 1374 379 387
f 1374 387 1376
f 1376 387 395
f 1376 395 1378
f 1378 395 401
f 1378 401 1380
f 1380 401 405
f 1380 405 2046
f 2046 2042 1380
f 1380 2042 2036
f 1380 2036 1378
f 1378 2036 2028
f 1378 2028 1376
f 1376 2028 2020
f 1376 2020 1374
f 1374 2020 2018
f 2032 391 2026
f 2026 391 385
f 2026 385 2024
f 2024 385 383
f 2024 383 2018
f 2018 383 377
f 2071 430 1388
f 1388 430 424
f 1388 424 421
f 1388 421 1386
f 1386 421 419
f 1386 419 1384
f 1384 419 407
f 1384 407 1382
f 1382 407 391
f 1382 391 2032
f 2032 2048 1382
f 1382 2048 2060
f 1382 2060 1384
f 1384 2060 2062
f 1384 2062 1386
f 1386 2062 2065
f 1386 2065 1388
f 1388 2065 2071
f 2083 442 1390
f 1390 442 444
f 1390 444 448
f 1390 448 1392
f 1392 448 454
f 1392 454 1394
f 1394 454 456
f 1394 456 1396
f 1396 456 460
f 1396 460 2101
f 2101 2097 1396
f 1396 2097 2095
f 1396 2095 1394
f 1394 2095 2089
f 1394 2089 1392
f 1392 2089 2085
f 1392 2085 1390
f 1390 2085 2083
f 2109 468 2103
f 2103 468 462
f 2103 462 2093
f 2093 462 452
f 2093 452 2083
f 2083 452 442
f 2129 488 1404
f 1404 488 486
f 1404 486 484
f 1404 484 1402
f 1402 484 480
f 1402 480 1400
f 1400 480 478
f 1400 478 1398
f 1398 478 468
f 1398 468 2109
f 2109 2119 1398
f 1398 2119 2121
f 1398 2121 1400
f 1400 2121 2125
f 1400 2125 1402
f 1402 2125 2127
f 1402 2127 1404
f 1404 2127 2129
f 2157 516 1412
f 1412 516 512
f 1412 512 508
f 1412 508 1408
f 1408 508 506
f 1408 506 1406
f 1406 506 510
f 1406 510 1410
f 1410 510 514
f 1410 514 2155
f 2155 2151 1410
f 1410 2151 2147
f 1410 2147 1406
f 1406 2147 2149
f 1406 2149 1408
f 1408 2149 2153
f 1408 2153 1412
f 1412 2153 2157
f 2173 532 2171
f 2171 532 530
f 2171 530 2167
f 2167 530 526
f 2167 526 2157
f 2157 526 516
f 2185 544 1420
f 1420 544 542
f 1420 542 540
f 1420 540 1418
f 1418 540 538
f 1418 538 1416
f 1416 538 534
f 1416 534 1414
f 1414 534 532
f 1414 532 2173
f 2173 2175 1414
f 1414 2175 2179
f 1414 2179 1416
f 1416 2179 2181
f 1416 2181 1418
f 1418 2181 2183
f 1418 2183 1420
f 1420 2183 2185
f 2221 580 1428
f 1428 580 578
f 1428 578 576
f 1428 576 1426
f 1426 576 572
f 1426 572 1424
f 1424 572 566
f 1424 566 1422
f 1422 566 564
f 1422 564 2205
f 2205 2207 1422
f 1422 2207 2213
f 1422 2213 1424
f 1424 2213 2217
f 1424 2217 1426
f 1426 2217 2219
f 1426 2219 1428
f 1428 2219 2221
f 2229 588 2227
f 2227 588 586
f 2227 586 2223
f 2223 586 582
f 2223 582 2221
f 2221 582 580
f 2245 604 1436
f 1436 604 602
f 1436 602 596
f 1436 596 1434
f 1434 596 592
f 1434 592 1432
f 1432 592 590
f 1432 590 1430
f 1430 590 588
f 1430 588 2229
f 2229 2231 1430
f 1430 2231 2233
f 1430 2233 1432
f 1432 2233 2237
f 1432 2237 1434
f 1434 2237 2243
f 1434 2243 1436
f 1436 2243 2245
f 2277 636 1444
f 1444 636 634
f 1444 634 630
f 1444 630 1442
f 1442 630 628
f 1442 628 1440
f 1440 628 626
f 1440 626 1438
f 1438 626 624
f 1438 624 2265
f 2265 2267 1438
f 1438 2267 2269
f 1438 2269 1440
f 1440 2269 2271
f 1440 2271 1442
f 1442 2271 2275
f 1442 2275 1444
f 1444 2275 2277
f 2293 652 2283
f 2283 652 642
f 2283 642 2279
f 2279 642 638
f 2279 638 2277
f 2277 638 636
f 2295 654 1448
f 1448 654 658
f 1448 658 662
f 1448 662 1452
f 1452 662 660
f 1452 660 1450
f 1450 660 656
f 1450 656 1446
f 1446 656 652
f 1446 652 2293
f 2293 2297 1446
f 1446 2297 2301
f 1446 2301 1450
f 1450 2301 2303
f 1450 2303 1452
f 1452 2303 2299
f 1452 2299 1448
f 1448 2299 2295
f 2341 700 1460
f 1460 700 690
f 1460 690 688
f 1460 688 1458
f 1458 688 684
f 1458 684 1456
f 1456 684 682
f 1456 682 1454
f 1454 682 680
f 1454 680 2321
f 2321 2323 1454
f 1454 2323 2325
f 1454 2325 1456
f 1456 2325 2329
f 1456 2329 1458
f 1458 2329 2331
f 1458 2331 1460
f 1460 2331 2341
f 2367 726 2357
f 2357 726 716
f 2357 716 2347
f 2347 716 706
f 2347 706 2341
f 2341 706 700
f 2349 708 1462
f 1462 708 712
f 1462 712 714
f 1462 714 1464
f 1464 714 720
f 1464 720 1466
f 1466 720 724
f 1466 724 1468
f 1468 724 726
f 1468 726 2367
f 2367 2365 1468
f 1468 2365 2361
f 1468 2361 1466
f 1466 2361 2355
f 1466 2355 1464
f 1464 2355 2353
f 1464 2353 1462
f 1462 2353 2349
f 2418 777 1476
f 1476 777 761
f 1476 761 749
f 1476 749 1474
f 1474 749 747
f 1474 747 1472
f 1472 747 744
f 1472 744 1470
f 1470 744 738
f 1470 738 2379
f 2379 2385 1470
f 1470 2385 2388
f 1470 2388 1472
f 1472 2388 2390
f 1472 2390 1474
f 1474 2390 2402
f 1474 2402 1476
f 1476 2402 2418
f 2432 791 2426
f 2426 791 785
f 2426 785 2424
f 2424 785 783
f 2424 783 2418
f 2418 783 777
f 2404 763 1478
f 1478 763 767
f 1478 767 773
f 1478 773 1480
f 1480 773 781
f 1480 781 1482
f 1482 781 789
f 1482 789 1484
f 1484 789 791
f 1484 791 2432
f 2432 2430 1484
f 1484 2430 2422
f 1484 2422 1482
f 1482 2422 2414
f 1482 2414 1480
f 1480 2414 2408
f 1480 2408 1478
f 1478 2408 2404
f 2496 855 1496
f 1496 855 825
f 1496 825 811
f 1496 811 1490
f 1490 811 795
f 1490 795 1488
f 1488 795 793
f 1488 793 1486
f 1486 793 787
f 1486 787 2428
f 2428 2434 1486
f 1486 2434 2436
f 1486 2436 1488
f 1488 2436 2452
f 1488 2452 1490
f 1490 2452 2466
f 1490 2466 1496
f 1496 2466 2496
f 2510 869 2508
f 2508 869 867
f 2508 867 2502
f 2502 867 861
f 2502 861 2496
f 2496 861 855
f 2456 815 1492
f 1492 815 821
f 1492 821 823
f 1492 823 1494
f 1494 823 851
f 1494 851 1500
f 1500 851 859
f 1500 859 1504
f 1504 859 869
f 1504 869 2510
f 2510 2500 1504
f 1504 2500 2492
f 1504 2492 1500
f 1500 2492 2464
f 1500 2464 1494
f 1494 2464 2462
f 1494 2462 1492
f 1492 2462 2456
f 2528 887 1518
f 1518 887 881
f 1518 881 875
f 1518 875 1512
f 1512 875 853
f 1512 853 1502
f 1502 853 849
f 1502 849 1498
f 1498 849 831
f 1498 831 2472
f 2472 2490 1498
f 1498 2490 2494
f 1498 2494 1502
f 1502 2494 2516
f 1502 2516 1512
f 1512 2516 2522
f 1512 2522 1518
f 1518 2522 2528
f 2536 895 2534
f 2534 895 893
f 2534 893 2530
f 2530 893 889
f 2530 889 2528
f 2528 889 887
f 2498 857 1506
f 1506 857 865
f 1506 865 873
f 1506 873 1510
f 1510 873 879
f 1510 879 1516
f 1516 879 885
f 1516 885 1522
f 1522 885 895
f 1522 895 2536
f 2536 2526 1522
f 1522 2526 2520
f 1522 2520 1516
f 1516 2520 2514
f 1516 2514 1510
f 1510 2514 2506
f 1510 2506 1506
f 1506 2506 2498
f 2538 897 1524
f 1524 897 891
f 1524 891 883
f 1524 883 1520
f 1520 883 877
f 1520 877 1514
f 1514 877 871
f 1514 871 1508
f 1508 871 863
f 1508 863 2504
f 2504 2512 1508
f 1508 2512 2518
f 1508 2518 1514
f 1514 2518 2524
f 1514 2524 1520
f 1520 2524 2532
f 1520 2532 1524
f 1524 2532 2538
f 2537 896 2539
f 2539 896 898
f 2539 898 2540
f 2540 898 899
f 2540 899 2538
f 2538 899 897
f 2503 862 1507
f 1507 862 870
f 1507 870 876
f 1507 876 1513
f 1513 876 882
f 1513 882 1519
f 1519 882 890
f 1519 890 1523
f 1523 890 896
f 1523 896 2537
f 2537 2531 1523
f 1523 2531 2523
f 1523 2523 1519
f 1519 2523 2517
f 1519 2517 1513
f 1513 2517 2511
f 1513 2511 1507
f 1507 2511 2503
f 2535 894 1521
f 1521 894 884
f 1521 884 878
f 1521 878 1515
f 1515 878 872
f 1515 872 1509
f 1509 872 864
f 1509 864 1505
f 1505 864 856
f 1505 856 2497
f 2497 2505 1505
f 1505 2505 2513
f 1505 2513 1509
f 1509 2513 2519
f 1509 2519 1515
f 1515 2519 2525
f 1515 2525 1521
f 1521 2525 2535
f 2527 886 2529
f 2529 886 888
f 2529 888 2533
f 2533 888 892
f 2533 892 2535
f 2535 892 894
f 2471 830 1497
f 1497 830 848
f 1497 848 852
f 1497 852 1501
f 1501 852 874
f 1501 874 1511
f 1511 874 880
f 1511 880 1517
f 1517 880 886
f 1517 886 2527
f 2527 2521 1517
f 1517 2521 2515
f 1517 2515 1511
f 1511 2515 2493
f 1511 2493 1501
f 1501 2493 2489
f 1501 2489 1497
f 1497 2489 2471
f 2509 868 1503
f 1503 868 858
f 1503 858 850
f 1503 850 1499
f 1499 850 822
f 1499 822 1493
f 1493 822 820
f 1493 820 1491
f 1491 820 814
f 1491 814 2455
f 2455 2461 1491
f 1491 2461 2463
f 1491 2463 1493
f 1493 2463 2491
f 1493 2491 1499
f 1499 2491 2499
f 1499 2499 1503
f 1503 2499 2509
f 2495 854 2501
f 2501 854 860
f 2501 860 2507
f 2507 860 866
f 2507 866 2509
f 2509 866 868
f 2427 786 1485
f 1485 786 792
f 1485 792 794
f 1485 794 1487
f 1487 794 810
f 1487 810 1489
f 1489 810 824
f 1489 824 1495
f 1495 824 854
f 1495 854 2495
f 2495 2465 1495
f 1495 2465 2451
f 1495 2451 1489
f 1489 2451 2435
f 1489 2435 1487
f 1487 2435 2433
f 1487 2433 1485
f 1485 2433 2427
f 2431 790 1483
f 1483 790 788
f 1483 788 780
f 1483 780 1481
f 1481 780 772
f 1481 772 1479
f 1479 772 766
f 1479 766 1477
f 1477 766 762
f 1477 762 2403
f 2403 2407 1477
f 1477 2407 2413
f 1477 2413 1479
f 1479 2413 2421
f 1479 2421 1481
f 1481 2421 2429
f 1481 2429 1483
f 1483 2429 2431
f 2417 776 2423
f 2423 776 782
f 2423 782 2425
f 2425 782 784
f 2425 784 2431
f 2431 784 790
f 2378 737 1469
f 1469 737 743
f 1469 743 746
f 1469 746 1471
f 1471 746 748
f 1471 748 1473
f 1473 748 760
f 1473 760 1475
f 1475 760 776
f 1475 776 2417
f 2417 2401 1475
f 1475 2401 2389
f 1475 2389 1473
f 1473 2389 2387
f 1473 2387 1471
f 1471 2387 2384
f 1471 2384 1469
f 1469 2384 2378
f 2366 725 1467
f 1467 725 723
f 1467 723 719
f 1467 719 1465
f 1465 719 713
f 1465 713 1463
f 1463 713 711
f 1463 711 1461
f 1461 711 707
f 1461 707 2348
f 2348 2352 1461
f 1461 2352 2354
f 1461 2354 1463
f 1463 2354 2360
f 1463 2360 1465
f 1465 2360 2364
f 1465 2364 1467
f 1467 2364 2366
f 2340 699 2346
f 2346 699 705
f 2346 705 2356
f 2356 705 715
f 2356 715 2366
f 2366 715 725
f 2320 679 1453
f 1453 679 681
f 1453 681 683
f 1453 683 1455
f 1455 683 687
f 1455 687 1457
f 1457 687 689
f 1457 689 1459
f 1459 689 699
f 1459 699 2340
f 2340 2330 1459
f 1459 2330 2328
f 1459 2328 1457
f 1457 2328 2324
f 1457 2324 1455
f 1455 2324 2322
f 1455 2322 1453
f 1453 2322 2320
f 2292 651 1445
f 1445 651 655
f 1445 655 659
f 1445 659 1449
f 1449 659 661
f 1449 661 1451
f 1451 661 657
f 1451 657 1447
f 1447 657 653
f 1447 653 2294
f 2294 2298 1447
f 1447 2298 2302
f 1447 2302 1451
f 1451 2302 2300
f 1451 2300 1449
f 1449 2300 2296
f 1449 2296 1445
f 1445 2296 2292
f 2276 635 2278
f 2278 635 637
f 2278 637 2282
f 2282 637 641
f 2282 641 2292
f 2292 641 651
f 2264 623 1437
f 1437 623 625
f 1437 625 627
f 1437 627 1439
f 1439 627 629
f 1439 629 1441
f 1441 629 633
f 1441 633 1443
f 1443 633 635
f 1443 635 2276
f 2276 2274 1443
f 1443 2274 2270
f 1443 2270 1441
f 1441 2270 2268
f 1441 2268 1439
f 1439 2268 2266
f 1439 2266 1437
f 1437 2266 2264
f 574 560 584
f 584 560 562
f 584 562 606
f 606 562 568
f 606 568 600
f 600 568 570
f 600 570 598
f 598 570 564
f 598 564 604
f 604 564 602
f 602 564 566
f 602 566 596
f 596 566 572
f 596 572 576
f 554 552 574
f 574 552 556
f 574 556 558
f 536 520 554
f 554 520 550
f 554 550 552
f 528 504 536
f 536 504 518
f 536 518 520
f 502 496 528
f 528 496 498
f 528 498 500
f 490 466 502
f 502 466 472
f 502 472 496
f 496 472 474
f 496 474 494
f 494 474 492
f 492 474 470
f 492 470 488
f 488 470 460
f 488 460 486
f 486 460 456
f 486 456 484
f 484 456 454
f 484 454 480
f 480 454 448
f 480 448 478
f 478 448 444
f 478 444 452
f 452 444 442
f 482 440 490
f 490 440 450
f 490 450 458
f 476 413 482
f 482 413 417
f 482 417 438
f 438 417 436
f 436 417 415
f 436 415 434
f 434 415 411
f 434 411 405
f 464 399 476
f 476 399 403
f 476 403 409
f 446 371 464
f 464 371 397
f 464 397 399
f 432 363 446
f 446 363 369
f 446 369 371
f 428 355 432
f 432 355 359
f 432 359 361
f 426 341 428
f 428 341 339
f 428 339 355
f 355 339 351
f 351 339 335
f 351 335 349
f 349 335 331
f 349 331 337
f 337 331 311
f 337 311 319
f 319 311 303
f 319 303 315
f 315 303 295
f 315 295 293
f 293 295 289
f 293 289 287
f 287 289 283
f 287 283 279
f 279 283 275
f 275 283 273
f 422 327 426
f 426 327 329
f 426 329 333
f 425 326 422
f 422 326 324
f 422 324 325
f 325 324 323
f 323 324 322
f 323 322 321
f 321 322 320
f 321 320 305
f 305 320 304
f 305 304 297
f 297 304 296
f 297 296 291
f 291 296 290
f 291 290 285
f 285 290 284
f 285 284 277
f 277 284 276
f 277 276 269
f 269 276 268
f 268 276 270
f 427 340 425
f 425 340 332
f 425 332 328
f 431 354 427
f 427 354 338
f 427 338 340
f 445 362 431
f 431 362 360
f 431 360 358
f 463 370 445
f 445 370 368
f 445 368 362
f 475 398 463
f 463 398 396
f 463 396 370
f 370 396 392
f 370 392 366
f 366 392 388
f 366 388 364
f 364 388 380
f 364 380 352
f 352 380 374
f 352 374 346
f 346 374 372
f 346 372 344
f 344 372 356
f 344 356 316
f 316 356 342
f 316 342 308
f 308 342 306
f 308 306 300
f 481 412 475
f 475 412 408
f 475 408 402
f 489 439 481
f 481 439 437
f 481 437 416
f 416 437 435
f 416 435 414
f 414 435 433
f 414 433 410
f 410 433 429
f 410 429 404
f 404 429 423
f 404 423 400
f 400 423 420
f 400 420 394
f 394 420 418
f 394 418 386
f 386 418 406
f 386 406 378
f 378 406 384
f 378 384 382
f 501 465 489
f 489 465 457
f 489 457 449
f 527 495 501
f 501 495 471
f 501 471 465
f 535 503 527
f 527 503 499
f 527 499 497
f 553 519 535
f 535 519 517
f 535 517 503
f 573 551 553
f 553 551 549
f 553 549 519
f 519 549 523
f 523 549 547
f 523 547 545
f 583 559 573
f 573 559 557
f 573 557 555
f 593 607 583
f 583 607 605
f 583 605 561
f 561 605 567
f 567 605 599
f 567 599 569
f 569 599 597
f 569 597 563
f 563 597 603
f 563 603 601
f 613 615 593
f 593 615 611
f 593 611 609
f 631 647 613
f 613 647 617
f 613 617 615
f 639 663 631
f 631 663 649
f 631 649 647
f 665 671 639
f 639 671 669
f 639 669 667
f 677 701 665
f 665 701 695
f 665 695 671
f 671 695 693
f 671 693 673
f 673 693 675
f 675 693 697
f 675 697 679
f 679 697 707
f 679 707 681
f 681 707 711
f 681 711 683
f 683 711 713
f 683 713 687
f 687 713 719
f 687 719 689
f 689 719 723
f 689 723 705
f 705 723 715
f 715 723 725
f 685 727 677
f 677 727 717
f 677 717 709
f 691 754 685
f 685 754 750
f 685 750 729
f 729 750 731
f 731 750 752
f 731 752 733
f 733 752 756
f 733 756 737
f 737 756 762
f 737 762 743
f 743 762 766
f 743 766 746
f 746 766 772
f 746 772 748
f 748 772 780
f 748 780 760
f 760 780 788
f 760 788 782
f 782 788 784
f 784 788 790
f 703 768 691
f 691 768 764
f 691 764 758
f 721 796 703
f 703 796 770
f 703 770 768
f 735 804 721
f 721 804 798
f 721 798 796
f 739 812 735
f 735 812 808
f 735 808 806
f 741 826 739
f 739 826 828
f 739 828 812
f 812 828 816
f 816 828 832
f 816 832 818
f 818 832 836
f 818 836 830
f 830 836 856
f 830 856 848
f 848 856 864
f 848 864 852
f 852 864 872
f 852 872 874
f 874 872 878
f 874 878 880
f 880 878 884
f 880 884 888
f 888 884 892
f 892 884 894
f 745 840 741
f 741 840 838
f 741 838 834
f 742 841 745
f 745 841 843
f 745 843 842
f 842 843 844
f 844 843 845
f 844 845 846
f 846 845 847
f 846 847 862
f 862 847 863
f 862 863 870
f 870 863 871
f 870 871 876
f 876 871 877
f 876 877 882
f 882 877 883
f 882 883 890
f 890 883 891
f 890 891 898
f 898 891 899
f 899 891 897
f 740 827 742
f 742 827 835
f 742 835 839
f 736 813 740
f 740 813 829
f 740 829 827
f 722 805 736
f 736 805 807
f 736 807 809
f 704 797 722
f 722 797 799
f 722 799 805
f 692 769 704
f 704 769 771
f 704 771 797
f 797 771 775
f 797 775 801
f 801 775 779
f 801 779 803
f 803 779 787
f 803 787 815
f 815 787 793
f 815 793 821
f 821 793 795
f 821 795 823
f 823 795 811
f 823 811 851
f 851 811 825
f 851 825 859
f 859 825 861
f 859 861 867
f 686 755 692
f 692 755 759
f 692 759 765
f 678 728 686
f 686 728 730
f 686 730 751
f 751 730 732
f 751 732 753
f 753 732 734
f 753 734 757
f 757 734 738
f 757 738 763
f 763 738 744
f 763 744 767
f 767 744 747
f 767 747 773
f 773 747 749
f 773 749 781
f 781 749 761
f 781 761 789
f 789 761 783
f 789 783 785
f 666 702 678
f 678 702 710
f 678 710 718
f 640 672 666
f 666 672 696
f 666 696 702
f 632 664 640
f 640 664 668
f 640 668 670
f 614 648 632
f 632 648 650
f 632 650 664
f 594 616 614
f 614 616 618
f 614 618 648
f 648 618 620
f 648 620 644
f 644 620 622
f 644 622 646
f 646 622 624
f 646 624 654
f 654 624 626
f 654 626 658
f 658 626 628
f 658 628 662
f 662 628 630
f 662 630 660
f 660 630 634
f 660 634 656
f 656 634 642
f 656 642 652
f 584 608 594
f 594 608 610
f 594 610 612
f 497 495 527
f 471 495 473
f 473 495 493
f 473 493 491
f 473 491 469
f 469 491 487
f 469 487 459
f 459 487 485
f 459 485 455
f 455 485 483
f 455 483 453
f 453 483 479
f 453 479 447
f 447 479 477
f 447 477 443
f 443 477 451
f 443 451 441
f 467 461 477
f 477 461 451
f 449 439 489
f 406 390 384
f 382 376 378
f 416 412 481
f 402 398 475
f 342 312 306
f 300 298 308
f 358 354 431
f 354 350 338
f 338 350 334
f 334 350 348
f 334 348 330
f 330 348 336
f 330 336 310
f 310 336 318
f 310 318 302
f 302 318 314
f 302 314 294
f 294 314 292
f 294 292 288
f 288 292 286
f 288 286 282
f 282 286 278
f 282 278 274
f 286 280 278
f 274 272 282
f 328 326 425
f 269 271 277
f 325 327 422
f 333 341 426
f 279 281 287
f 361 363 432
f 397 371 393
f 393 371 367
f 393 367 389
f 389 367 365
f 389 365 381
f 381 365 353
f 381 353 375
f 375 353 347
f 375 347 373
f 373 347 345
f 373 345 357
f 357 345 317
f 357 317 343
f 343 317 309
f 343 309 307
f 307 309 301
f 301 309 299
f 307 313 343
f 409 413 476
f 401 424 405
f 405 424 430
f 405 430 434
f 424 401 421
f 421 401 395
f 421 395 419
f 419 395 387
f 419 387 407
f 407 387 379
f 407 379 385
f 385 379 383
f 383 379 377
f 385 391 407
f 438 440 482
f 458 466 490
f 452 462 478
f 478 462 468
f 500 504 528
f 520 524 550
f 550 524 548
f 548 524 546
f 546 524 522
f 546 522 544
f 544 522 514
f 544 514 542
f 542 514 510
f 542 510 540
f 540 510 506
f 540 506 538
f 538 506 508
f 538 508 512
f 516 526 512
f 512 526 534
f 512 534 538
f 526 530 534
f 534 530 532
f 558 560 574
f 596 576 592
f 592 576 578
f 592 578 590
f 590 578 582
f 590 582 586
f 578 580 582
f 586 588 590
f 606 608 584
f 612 616 594
f 636 638 634
f 634 638 642
f 670 672 640
f 696 672 694
f 694 672 674
f 694 674 676
f 694 676 698
f 698 676 680
f 698 680 708
f 708 680 682
f 708 682 712
f 712 682 684
f 712 684 714
f 714 684 688
f 714 688 720
f 720 688 690
f 720 690 724
f 724 690 706
f 724 706 716
f 690 700 706
f 716 726 724
f 718 728 678
f 761 777 783
f 785 791 789
f 751 755 686
f 765 769 692
f 825 855 861
f 867 869 859
f 809 813 736
f 813 817 829
f 829 817 833
f 833 817 819
f 833 819 837
f 837 819 831
f 837 831 857
f 857 831 849
f 857 849 865
f 865 849 853
f 865 853 873
f 873 853 875
f 873 875 879
f 879 875 881
f 879 881 885
f 885 881 889
f 885 889 893
f 881 887 889
f 893 895 885
f 839 841 742
f 898 896 890
f 842 840 745
f 834 826 741
f 888 886 880
f 806 804 735
f 770 796 774
f 774 796 800
f 774 800 778
f 778 800 802
f 778 802 786
f 786 802 814
f 786 814 792
f 792 814 820
f 792 820 794
f 794 820 822
f 794 822 810
f 810 822 850
f 810 850 824
f 824 850 858
f 824 858 860
f 860 858 866
f 866 858 868
f 860 854 824
f 758 754 691
f 782 776 760
f 729 727 685
f 709 701 677
f 705 699 689
f 667 663 639
f 617 647 619
f 619 647 643
f 619 643 621
f 621 643 645
f 621 645 623
f 623 645 653
f 623 653 625
f 625 653 657
f 625 657 627
f 627 657 661
f 627 661 629
f 629 661 659
f 629 659 655
f 651 641 655
f 655 641 633
f 655 633 629
f 641 637 633
f 633 637 635
f 609 607 593
f 563 601 565
f 565 601 595
f 565 595 571
f 571 595 575
f 575 595 591
f 575 591 577
f 577 591 589
f 577 589 581
f 581 589 585
f 585 589 587
f 581 579 577
f 561 559 583
f 555 551 573
f 523 545 521
f 521 545 543
f 521 543 513
f 513 543 541
f 513 541 509
f 509 541 539
f 509 539 505
f 505 539 537
f 505 537 507
f 507 537 533
f 507 533 511
f 511 533 525
f 511 525 515
f 531 529 533
f 533 529 525
f 615 2256 611
f 611 2256 2252
f 611 2252 609
f 609 2252 2250
f 609 2250 607
f 607 2250 2248
f 669 2310 667
f 667 2310 2308
f 667 2308 663
f 663 2308 2304
f 663 2304 649
f 649 2304 2290
f 727 2368 717
f 717 2368 2358
f 717 2358 709
f 709 2358 2350
f 709 2350 701
f 701 2350 2342
f 768 2409 764
f 764 2409 2405
f 764 2405 758
f 758 2405 2399
f 758 2399 754
f 754 2399 2395
f 808 2449 806
f 806 2449 2447
f 806 2447 804
f 804 2447 2445
f 804 2445 798
f 798 2445 2439
f 840 2481 838
f 838 2481 2479
f 838 2479 834
f 834 2479 2475
f 834 2475 826
f 826 2475 2467
f 827 2468 835
f 835 2468 2476
f 835 2476 839
f 839 2476 2480
f 839 2480 841
f 841 2480 2482
f 799 2440 805
f 805 2440 2446
f 805 2446 807
f 807 2446 2448
f 807 2448 809
f 809 2448 2450
f 755 2396 759
f 759 2396 2400
f 759 2400 765
f 765 2400 2406
f 765 2406 769
f 769 2406 2410
f 702 2343 710
f 710 2343 2351
f 710 2351 718
f 718 2351 2359
f 718 2359 728
f 728 2359 2369
f 650 2291 664
f 664 2291 2305
f 664 2305 668
f 668 2305 2309
f 668 2309 670
f 670 2309 2311
f 608 2249 610
f 610 2249 2251
f 610 2251 612
f 612 2251 2253
f 612 2253 616
f 616 2253 2257
f 552 2193 556
f 556 2193 2197
f 556 2197 558
f 558 2197 2199
f 558 2199 560
f 560 2199 2201
f 498 2139 500
f 500 2139 2141
f 500 2141 504
f 504 2141 2145
f 504 2145 518
f 518 2145 2159
f 440 2081 450
f 450 2081 2091
f 450 2091 458
f 458 2091 2099
f 458 2099 466
f 466 2099 2107
f 399 2040 403
f 403 2040 2044
f 403 2044 409
f 409 2044 2050
f 409 2050 413
f 413 2050 2054
f 359 2000 361
f 361 2000 2002
f 361 2002 363
f 363 2002 2004
f 363 2004 369
f 369 2004 2010
f 327 1968 329
f 329 1968 1970
f 329 1970 333
f 333 1970 1974
f 333 1974 341
f 341 1974 1982
f 340 1981 332
f 332 1981 1973
f 332 1973 328
f 328 1973 1969
f 328 1969 326
f 326 1969 1967
f 368 2009 362
f 362 2009 2003
f 362 2003 360
f 360 2003 2001
f 360 2001 358
f 358 2001 1999
f 412 2053 408
f 408 2053 2049
f 408 2049 402
f 402 2049 2043
f 402 2043 398
f 398 2043 2039
f 465 2106 457
f 457 2106 2098
f 457 2098 449
f 449 2098 2090
f 449 2090 439
f 439 2090 2080
f 517 2158 503
f 503 2158 2144
f 503 2144 499
f 499 2144 2140
f 499 2140 497
f 497 2140 2138
f 2246 1863 2248
f 2248 1863 1767
f 2248 1767 1671
f 1671 1767 1669
f 1671 1669 1573
f 1573 1669 2238
f 1573 2238 597
f 1863 2246 1861
f 1861 2246 2240
f 1861 2240 2238
f 599 948 597
f 597 948 1093
f 597 1093 1189
f 1189 1093 1191
f 1189 1191 1287
f 1287 1191 607
f 1287 607 2248
f 948 599 950
f 950 599 605
f 950 605 607
f 1767 1863 1765
f 1765 1863 1861
f 1765 1861 2238
f 1287 2248 1575
f 1575 2248 1671
f 1575 1671 1573
f 1287 1575 1285
f 1285 1575 1573
f 1285 1573 597
f 950 607 1095
f 1095 607 1191
f 1095 1191 1093
f 948 950 1095
f 948 1095 1093
f 2238 1669 1765
f 1765 1669 1767
f 597 1189 1285
f 1285 1189 1287
f 2238 2244 597
f 597 2244 603
f 561 944 559
f 559 944 1089
f 559 1089 1185
f 1185 1089 1187
f 1185 1187 1283
f 1283 1187 569
f 1283 569 2210
f 944 561 946
f 946 561 567
f 946 567 569
f 2208 1859 2210
f 2210 1859 1763
f 2210 1763 1667
f 1667 1763 1665
f 1667 1665 1569
f 1569 1665 2200
f 1569 2200 559
f 1859 2208 1857
f 1857 2208 2202
f 1857 2202 2200
f 1089 944 1091
f 1091 944 946
f 1091 946 569
f 1569 559 1281
f 1281 559 1185
f 1281 1185 1283
f 1569 1281 1571
f 1571 1281 1283
f 1571 1283 2210
f 1857 2200 1761
f 1761 2200 1665
f 1761 1665 1763
f 1859 1857 1761
f 1859 1761 1763
f 569 1187 1091
f 1091 1187 1089
f 2210 1667 1571
f 1571 1667 1569
f 569 563 2210
f 2210 563 2204
f 2228 587 1429
f 1429 587 589
f 1429 589 591
f 1429 591 1431
f 1431 591 595
f 1431 595 1433
f 1433 595 601
f 1433 601 1435
f 1435 601 603
f 1435 603 2244
f 2244 2242 1435
f 1435 2242 2236
f 1435 2236 1433
f 1433 2236 2232
f 1433 2232 1431
f 1431 2232 2230
f 1431 2230 1429
f 1429 2230 2228
f 2220 579 2222
f 2222 579 581
f 2222 581 2226
f 2226 581 585
f 2226 585 2228
f 2228 585 587
f 2204 563 1421
f 1421 563 565
f 1421 565 571
f 1421 571 1423
f 1423 571 575
f 1423 575 1425
f 1425 575 577
f 1425 577 1427
f 1427 577 579
f 1427 579 2220
f 2220 2218 1427
f 1427 2218 2216
f 1427 2216 1425
f 1425 2216 2212
f 1425 2212 1423
f 1423 2212 2206
f 1423 2206 1421
f 1421 2206 2204
f 2196 2214 2192
f 2192 2214 2194
f 2192 2194 2190
f 2190 2194 2160
f 2190 2160 2164
f 2196 2198 2214
f 2214 2198 2200
f 2214 2200 2224
f 2224 2200 2202
f 2224 2202 2246
f 2246 2202 2208
f 2246 2208 2240
f 2240 2208 2210
f 2240 2210 2238
f 2238 2210 2204
f 2238 2204 2244
f 2244 2204 2242
f 2242 2204 2206
f 2242 2206 2236
f 2236 2206 2212
f 2236 2212 2216
f 2236 2216 2232
f 2232 2216 2218
f 2232 2218 2230
f 2230 2218 2222
f 2230 2222 2226
f 2218 2220 2222
f 2226 2228 2230
f 2246 2248 2224
f 2224 2248 2234
f 2234 2248 2250
f 2234 2250 2252
f 2252 2256 2234
f 2234 2256 2254
f 2254 2256 2258
f 2254 2258 2288
f 2288 2258 2260
f 2288 2260 2284
f 2284 2260 2262
f 2284 2262 2286
f 2286 2262 2264
f 2286 2264 2294
f 2294 2264 2266
f 2294 2266 2298
f 2298 2266 2268
f 2298 2268 2302
f 2302 2268 2270
f 2302 2270 2300
f 2300 2270 2274
f 2300 2274 2296
f 2296 2274 2282
f 2296 2282 2292
f 2276 2278 2274
f 2274 2278 2282
f 2254 2288 2272
f 2272 2288 2290
f 2272 2290 2304
f 2272 2304 2280
f 2280 2304 2308
f 2280 2308 2310
f 2310 2312 2280
f 2280 2312 2306
f 2306 2312 2336
f 2306 2336 2342
f 2336 2312 2334
f 2334 2312 2314
f 2334 2314 2316
f 2334 2316 2338
f 2338 2316 2320
f 2338 2320 2348
f 2348 2320 2322
f 2348 2322 2352
f 2352 2322 2324
f 2352 2324 2354
f 2354 2324 2328
f 2354 2328 2360
f 2360 2328 2330
f 2360 2330 2364
f 2364 2330 2346
f 2364 2346 2356
f 2330 2340 2346
f 2356 2366 2364
f 2306 2342 2318
f 2318 2342 2350
f 2318 2350 2358
f 2358 2368 2318
f 2318 2368 2326
f 2326 2368 2370
f 2326 2370 2391
f 2391 2370 2372
f 2391 2372 2393
f 2393 2372 2374
f 2393 2374 2397
f 2397 2374 2378
f 2397 2378 2403
f 2403 2378 2384
f 2403 2384 2407
f 2407 2384 2387
f 2407 2387 2413
f 2413 2387 2389
f 2413 2389 2421
f 2421 2389 2401
f 2421 2401 2429
f 2429 2401 2423
f 2429 2423 2425
f 2401 2417 2423
f 2425 2431 2429
f 2391 2395 2326
f 2326 2395 2332
f 2332 2395 2399
f 2332 2399 2405
f 2405 2409 2332
f 2332 2409 2344
f 2344 2409 2411
f 2344 2411 2437
f 2437 2411 2415
f 2437 2415 2441
f 2441 2415 2419
f 2441 2419 2443
f 2443 2419 2427
f 2443 2427 2455
f 2455 2427 2433
f 2455 2433 2461
f 2461 2433 2435
f 2461 2435 2463
f 2463 2435 2451
f 2463 2451 2491
f 2491 2451 2465
f 2491 2465 2499
f 2499 2465 2501
f 2499 2501 2507
f 2465 2495 2501
f 2507 2509 2499
f 2344 2437 2362
f 2362 2437 2439
f 2362 2439 2445
f 2362 2445 2376
f 2376 2445 2447
f 2376 2447 2449
f 2449 2453 2376
f 2376 2453 2380
f 2380 2453 2469
f 2380 2469 2467
f 2453 2457 2469
f 2469 2457 2473
f 2473 2457 2459
f 2473 2459 2477
f 2477 2459 2471
f 2477 2471 2497
f 2497 2471 2489
f 2497 2489 2505
f 2505 2489 2493
f 2505 2493 2513
f 2513 2493 2515
f 2513 2515 2519
f 2519 2515 2521
f 2519 2521 2525
f 2525 2521 2529
f 2525 2529 2533
f 2521 2527 2529
f 2533 2535 2525
f 2380 2467 2382
f 2382 2467 2475
f 2382 2475 2479
f 2479 2481 2382
f 2382 2481 2386
f 2386 2481 2483
f 2386 2483 2484
f 2484 2483 2486
f 2486 2483 2485
f 2486 2485 2488
f 2488 2485 2487
f 2488 2487 2504
f 2504 2487 2503
f 2504 2503 2512
f 2512 2503 2511
f 2512 2511 2518
f 2518 2511 2517
f 2518 2517 2524
f 2524 2517 2523
f 2524 2523 2532
f 2532 2523 2531
f 2532 2531 2540
f 2540 2531 2539
f 2539 2531 2537
f 2540 2538 2532
f 2484 2482 2386
f 2386 2482 2383
f 2383 2482 2480
f 2383 2480 2476
f 2476 2468 2383
f 2383 2468 2381
f 2381 2468 2470
f 2381 2470 2454
f 2454 2470 2458
f 2458 2470 2474
f 2458 2474 2460
f 2460 2474 2478
f 2460 2478 2472
f 2472 2478 2498
f 2472 2498 2490
f 2490 2498 2506
f 2490 2506 2494
f 2494 2506 2514
f 2494 2514 2516
f 2516 2514 2520
f 2516 2520 2522
f 2522 2520 2526
f 2522 2526 2530
f 2530 2526 2534
f 2534 2526 2536
f 2530 2528 2522
f 2381 2454 2377
f 2377 2454 2450
f 2377 2450 2448
f 2448 2446 2377
f 2377 2446 2363
f 2363 2446 2440
f 2363 2440 2438
f 2442 2416 2438
f 2438 2416 2412
f 2438 2412 2345
f 2345 2412 2410
f 2345 2410 2333
f 2333 2410 2406
f 2333 2406 2400
f 2416 2442 2420
f 2420 2442 2444
f 2420 2444 2428
f 2428 2444 2456
f 2428 2456 2434
f 2434 2456 2462
f 2434 2462 2436
f 2436 2462 2464
f 2436 2464 2452
f 2452 2464 2492
f 2452 2492 2466
f 2466 2492 2500
f 2466 2500 2502
f 2502 2500 2508
f 2508 2500 2510
f 2502 2496 2466
f 2400 2396 2333
f 2333 2396 2327
f 2327 2396 2392
f 2327 2392 2371
f 2371 2392 2373
f 2373 2392 2394
f 2373 2394 2375
f 2375 2394 2398
f 2375 2398 2379
f 2379 2398 2404
f 2379 2404 2385
f 2385 2404 2408
f 2385 2408 2388
f 2388 2408 2414
f 2388 2414 2390
f 2390 2414 2422
f 2390 2422 2402
f 2402 2422 2430
f 2402 2430 2424
f 2424 2430 2426
f 2426 2430 2432
f 2424 2418 2402
f 2371 2369 2327
f 2327 2369 2319
f 2319 2369 2359
f 2319 2359 2351
f 2351 2343 2319
f 2319 2343 2307
f 2307 2343 2337
f 2307 2337 2313
f 2313 2337 2335
f 2313 2335 2315
f 2315 2335 2317
f 2317 2335 2339
f 2317 2339 2321
f 2321 2339 2349
f 2321 2349 2323
f 2323 2349 2353
f 2323 2353 2325
f 2325 2353 2355
f 2325 2355 2329
f 2329 2355 2361
f 2329 2361 2331
f 2331 2361 2365
f 2331 2365 2347
f 2347 2365 2357
f 2357 2365 2367
f 2347 2341 2331
f 2307 2313 2281
f 2281 2313 2311
f 2281 2311 2309
f 2309 2305 2281
f 2281 2305 2273
f 2273 2305 2291
f 2273 2291 2289
f 2285 2261 2289
f 2289 2261 2259
f 2289 2259 2255
f 2255 2259 2257
f 2255 2257 2235
f 2235 2257 2253
f 2235 2253 2251
f 2261 2285 2263
f 2263 2285 2287
f 2263 2287 2265
f 2265 2287 2295
f 2265 2295 2267
f 2267 2295 2299
f 2267 2299 2269
f 2269 2299 2303
f 2269 2303 2271
f 2271 2303 2301
f 2271 2301 2297
f 2293 2283 2297
f 2297 2283 2275
f 2297 2275 2271
f 2283 2279 2275
f 2275 2279 2277
f 2251 2249 2235
f 2235 2249 2225
f 2225 2249 2247
f 2225 2247 2203
f 2203 2247 2209
f 2209 2247 2241
f 2209 2241 2211
f 2211 2241 2239
f 2211 2239 2205
f 2205 2239 2245
f 2205 2245 2243
f 2205 2243 2207
f 2207 2243 2237
f 2207 2237 2213
f 2213 2237 2217
f 2217 2237 2233
f 2217 2233 2219
f 2219 2233 2231
f 2219 2231 2223
f 2223 2231 2227
f 2227 2231 2229
f 2223 2221 2219
f 2203 2201 2225
f 2225 2201 2215
f 2215 2201 2199
f 2215 2199 2197
f 2197 2193 2215
f 2215 2193 2195
f 2195 2193 2191
f 2195 2191 2161
f 2161 2191 2165
f 2165 2191 2189
f 2165 2189 2187
f 2165 2187 2163
f 2163 2187 2185
f 2163 2185 2155
f 2155 2185 2183
f 2155 2183 2151
f 2151 2183 2181
f 2151 2181 2147
f 2147 2181 2179
f 2147 2179 2149
f 2149 2179 2175
f 2149 2175 2153
f 2153 2175 2167
f 2153 2167 2157
f 2173 2171 2175
f 2175 2171 2167
f 2195 2161 2177
f 2177 2161 2159
f 2177 2159 2145
f 2177 2145 2169
f 2169 2145 2141
f 2169 2141 2139
f 2139 2137 2169
f 2169 2137 2143
f 2143 2137 2113
f 2143 2113 2107
f 2113 2137 2115
f 2115 2137 2135
f 2115 2135 2133
f 2115 2133 2111
f 2111 2133 2129
f 2111 2129 2101
f 2101 2129 2127
f 2101 2127 2097
f 2097 2127 2125
f 2097 2125 2095
f 2095 2125 2121
f 2095 2121 2089
f 2089 2121 2119
f 2089 2119 2085
f 2085 2119 2093
f 2085 2093 2083
f 2109 2103 2119
f 2119 2103 2093
f 2143 2107 2131
f 2131 2107 2099
f 2131 2099 2091
f 2091 2081 2131
f 2131 2081 2123
f 2123 2081 2079
f 2123 2079 2058
f 2058 2079 2077
f 2058 2077 2056
f 2056 2077 2075
f 2056 2075 2052
f 2052 2075 2071
f 2052 2071 2046
f 2046 2071 2065
f 2046 2065 2042
f 2042 2065 2062
f 2042 2062 2036
f 2036 2062 2060
f 2036 2060 2028
f 2028 2060 2048
f 2028 2048 2020
f 2020 2048 2026
f 2020 2026 2024
f 2048 2032 2026
f 2024 2018 2020
f 2058 2054 2123
f 2123 2054 2117
f 2117 2054 2050
f 2117 2050 2044
f 2044 2040 2117
f 2117 2040 2105
f 2105 2040 2038
f 2105 2038 2012
f 2012 2038 2034
f 2012 2034 2008
f 2008 2034 2030
f 2008 2030 2006
f 2006 2030 2022
f 2006 2022 1994
f 1994 2022 2016
f 1994 2016 1988
f 1988 2016 2014
f 1988 2014 1986
f 1986 2014 1998
f 1986 1998 1958
f 1958 1998 1984
f 1958 1984 1950
f 1950 1984 1948
f 1950 1948 1942
f 1984 1954 1948
f 1942 1940 1950
f 2105 2012 2087
f 2087 2012 2010
f 2087 2010 2004
f 2087 2004 2073
f 2073 2004 2002
f 2073 2002 2000
f 2000 1996 2073
f 2073 1996 2069
f 2069 1996 1980
f 2069 1980 1982
f 1996 1992 1980
f 1980 1992 1976
f 1976 1992 1990
f 1976 1990 1972
f 1972 1990 1978
f 1972 1978 1952
f 1952 1978 1960
f 1952 1960 1944
f 1944 1960 1956
f 1944 1956 1936
f 1936 1956 1934
f 1936 1934 1930
f 1930 1934 1928
f 1930 1928 1924
f 1924 1928 1920
f 1924 1920 1916
f 1928 1922 1920
f 1916 1914 1924
f 2069 1982 2067
f 2067 1982 1974
f 2067 1974 1970
f 1970 1968 2067
f 2067 1968 2063
f 2063 1968 1966
f 2063 1966 1965
f 1965 1966 1963
f 1963 1966 1964
f 1963 1964 1961
f 1961 1964 1962
f 1961 1962 1945
f 1945 1962 1946
f 1945 1946 1937
f 1937 1946 1938
f 1937 1938 1931
f 1931 1938 1932
f 1931 1932 1925
f 1925 1932 1926
f 1925 1926 1917
f 1917 1926 1918
f 1917 1918 1909
f 1909 1918 1910
f 1910 1918 1912
f 1909 1911 1917
f 1965 1967 2063
f 2063 1967 2066
f 2066 1967 1969
f 2066 1969 1973
f 1973 1981 2066
f 2066 1981 2068
f 2068 1981 1979
f 2068 1979 1995
f 1995 1979 1991
f 1991 1979 1975
f 1991 1975 1989
f 1989 1975 1971
f 1989 1971 1977
f 1977 1971 1951
f 1977 1951 1959
f 1959 1951 1943
f 1959 1943 1955
f 1955 1943 1935
f 1955 1935 1933
f 1933 1935 1929
f 1933 1929 1927
f 1927 1929 1923
f 1927 1923 1919
f 1919 1923 1915
f 1915 1923 1913
f 1919 1921 1927
f 2068 1995 2072
f 2072 1995 1999
f 2072 1999 2001
f 2001 2003 2072
f 2072 2003 2086
f 2086 2003 2009
f 2086 2009 2011
f 2007 2033 2011
f 2011 2033 2037
f 2011 2037 2104
f 2104 2037 2039
f 2104 2039 2116
f 2116 2039 2043
f 2116 2043 2049
f 2033 2007 2029
f 2029 2007 2005
f 2029 2005 2021
f 2021 2005 1993
f 2021 1993 2015
f 2015 1993 1987
f 2015 1987 2013
f 2013 1987 1985
f 2013 1985 1997
f 1997 1985 1957
f 1997 1957 1983
f 1983 1957 1949
f 1983 1949 1947
f 1947 1949 1941
f 1941 1949 1939
f 1947 1953 1983
f 2049 2053 2116
f 2116 2053 2122
f 2122 2053 2057
f 2122 2057 2078
f 2078 2057 2076
f 2076 2057 2055
f 2076 2055 2074
f 2074 2055 2051
f 2074 2051 2045
f 2041 2064 2045
f 2045 2064 2070
f 2045 2070 2074
f 2064 2041 2061
f 2061 2041 2035
f 2061 2035 2059
f 2059 2035 2027
f 2059 2027 2047
f 2047 2027 2019
f 2047 2019 2025
f 2025 2019 2023
f 2023 2019 2017
f 2025 2031 2047
f 2078 2080 2122
f 2122 2080 2130
f 2130 2080 2090
f 2130 2090 2098
f 2098 2106 2130
f 2130 2106 2142
f 2142 2106 2112
f 2142 2112 2136
f 2136 2112 2114
f 2136 2114 2134
f 2134 2114 2132
f 2132 2114 2110
f 2132 2110 2128
f 2128 2110 2100
f 2128 2100 2126
f 2126 2100 2096
f 2126 2096 2124
f 2124 2096 2094
f 2124 2094 2120
f 2120 2094 2088
f 2120 2088 2118
f 2118 2088 2084
f 2118 2084 2092
f 2092 2084 2082
f 2092 2102 2118
f 2118 2102 2108
f 2142 2136 2168
f 2168 2136 2138
f 2168 2138 2140
f 2140 2144 2168
f 2168 2144 2176
f 2176 2144 2158
f 2176 2158 2160
f 2162 2186 2164
f 2164 2186 2188
f 2164 2188 2190
f 2186 2162 2184
f 2184 2162 2154
f 2184 2154 2182
f 2182 2154 2150
f 2182 2150 2180
f 2180 2150 2146
f 2180 2146 2178
f 2178 2146 2148
f 2178 2148 2152
f 2156 2166 2152
f 2152 2166 2174
f 2152 2174 2178
f 2166 2170 2174
f 2174 2170 2172
f 2255 2273 2289
f 2345 2363 2438
f 2194 2176 2160
f 2104 2086 2011
f 2215 574 2225
f 2225 574 584
f 2225 584 2235
f 2235 584 594
f 2235 594 2255
f 2255 594 614
f 2255 614 2273
f 2273 614 632
f 2273 632 2281
f 2281 632 640
f 2281 640 2307
f 2307 640 666
f 2307 666 2319
f 2319 666 678
f 2319 678 2327
f 2327 678 686
f 2327 686 2333
f 2333 686 692
f 2333 692 2345
f 2345 692 704
f 2345 704 2363
f 2363 704 722
f 2363 722 2377
f 2377 722 736
f 2377 736 2381
f 2381 736 740
f 2381 740 2383
f 2383 740 742
f 2383 742 2386
f 2386 742 745
f 2386 745 2382
f 2382 745 741
f 2382 741 2380
f 2380 741 739
f 2380 739 2376
f 2376 739 735
f 2376 735 2362
f 2362 735 721
f 2362 721 2344
f 2344 721 703
f 2344 703 2332
f 2332 703 691
f 2332 691 2326
f 2326 691 685
f 2326 685 2318
f 2318 685 677
f 2318 677 2306
f 2306 677 665
f 2306 665 2280
f 2280 665 639
f 2280 639 2272
f 2272 639 631
f 2272 631 2254
f 2254 631 613
f 2254 613 2234
f 2234 613 593
f 2234 593 2224
f 2224 593 583
f 2224 583 2214
f 2214 583 573
f 2214 573 2194
f 2194 573 553
f 2194 553 2176
f 2176 553 535
f 2176 535 2168
f 2168 535 527
f 2168 527 2142
f 2142 527 501
f 2142 501 2130
f 2130 501 489
f 2130 489 2122
f 2122 489 481
f 2122 481 2116
f 2116 481 475
f 2116 475 2104
f 2104 475 463
f 2104 463 2086
f 2086 463 445
f 2086 445 2072
f 2072 445 431
f 2072 431 2068
f 2068 431 427
f 2068 427 2066
f 2066 427 425
f 2066 425 2063
f 2063 425 422
f 2063 422 2067
f 2067 422 426
f 2067 426 2069
f 2069 426 428
f 2069 428 2073
f 2073 428 432
f 2073 432 2087
f 2087 432 446
f 2087 446 2105
f 2105 446 464
f 2105 464 2117
f 2117 464 476
f 2117 476 2123
f 2123 476 482
f 2123 482 2131
f 2131 482 490
f 2131 490 2143
f 2143 490 502
f 2143 502 2169
f 2169 502 528
f 2169 528 2177
f 2177 528 536
f 2177 536 2195
f 2195 536 554
f 2195 554 2215
f 2215 554 574
f 2192 551 2196
f 2196 551 555
f 2196 555 2198
f 2198 555 557
f 2198 557 2200
f 2200 557 559
# 2856 vertices
# 0 texture params
# 0 normals
# 5708 facets

# 1 groups
