# WaveFront *.obj file (generated by Autodesk ATF)

mtllib motor_1.mtl

g 본체1

v 0.002700000 0.000000000 0.000000000
v 0.002651210 0.000510980 0.000000000
v 0.002506590 0.001003490 0.000000000
v 0.002271380 0.001459730 0.000000000
v 0.001954080 0.001863210 0.000000000
v 0.001566150 0.002199360 0.000000000
v 0.001121620 0.002456010 0.000000000
v 0.000636550 0.002623890 0.000000000
v 0.000128470 0.002696940 0.000000000
v -0.000384250 0.002672520 0.000000000
v -0.000883080 0.002551500 0.000000000
v -0.001350000 0.002338270 0.000000000
v -0.001768120 0.002040520 0.000000000
v -0.002122340 0.001669030 0.000000000
v -0.002399860 0.001237210 0.000000000
v -0.002590630 0.000760680 0.000000000
v -0.002687770 0.000256650 0.000000000
v -0.002687770 -0.000256650 0.000000000
v -0.002590630 -0.000760680 0.000000000
v -0.002399860 -0.001237210 0.000000000
v -0.002122340 -0.001669030 0.000000000
v -0.001768120 -0.002040520 0.000000000
v -0.001350000 -0.002338270 0.000000000
v -0.000883080 -0.002551500 0.000000000
v -0.000384250 -0.002672520 0.000000000
v 0.000128470 -0.002696940 0.000000000
v 0.000636550 -0.002623890 0.000000000
v 0.001121620 -0.002456010 0.000000000
v 0.001566150 -0.002199360 0.000000000
v 0.001954080 -0.001863210 0.000000000
v 0.002271380 -0.001459730 0.000000000
v 0.002506590 -0.001003490 0.000000000
v 0.002651210 -0.000510980 0.000000000
v 0.002700000 0.000000000 0.018800000
v 0.002651210 -0.000510980 0.018800000
v 0.002506590 -0.001003490 0.018800000
v 0.002271380 -0.001459730 0.018800000
v 0.001954080 -0.001863210 0.018800000
v 0.001566150 -0.002199360 0.018800000
v 0.001121620 -0.002456010 0.018800000
v 0.000636550 -0.002623890 0.018800000
v 0.000128470 -0.002696940 0.018800000
v -0.000384250 -0.002672520 0.018800000
v -0.000883080 -0.002551500 0.018800000
v -0.001350000 -0.002338270 0.018800000
v -0.001768120 -0.002040520 0.018800000
v -0.002122340 -0.001669030 0.018800000
v -0.002399860 -0.001237210 0.018800000
v -0.002590630 -0.000760680 0.018800000
v -0.002687770 -0.000256650 0.018800000
v -0.002687770 0.000256650 0.018800000
v -0.002590630 0.000760680 0.018800000
v -0.002399860 0.001237210 0.018800000
v -0.002122340 0.001669030 0.018800000
v -0.001768120 0.002040520 0.018800000
v -0.001350000 0.002338270 0.018800000
v -0.000883080 0.002551500 0.018800000
v -0.000384250 0.002672520 0.018800000
v 0.000128470 0.002696940 0.018800000
v 0.000636550 0.002623890 0.018800000
v 0.001121620 0.002456010 0.018800000
v 0.001566150 0.002199360 0.018800000
v 0.001954080 0.001863210 0.018800000
v 0.002271380 0.001459730 0.018800000
v 0.002506590 0.001003490 0.018800000
v 0.002651210 0.000510980 0.018800000
v 0.002700000 -0.000000000 0.009400000
v 0.002651210 0.000510980 0.009400000
v 0.002506590 0.001003490 0.009400000
v 0.002271380 0.001459730 0.009400000
v 0.001954080 0.001863210 0.009400000
v 0.001566150 0.002199360 0.009400000
v 0.001121620 0.002456010 0.009400000
v 0.000636550 0.002623890 0.009400000
v 0.000128470 0.002696940 0.009400000
v -0.000384250 0.002672520 0.009400000
v -0.000883080 0.002551500 0.009400000
v -0.001350000 0.002338270 0.009400000
v -0.001768120 0.002040520 0.009400000
v -0.002122340 0.001669030 0.009400000
v -0.002399860 0.001237210 0.009400000
v -0.002590630 0.000760680 0.009400000
v -0.002687770 0.000256650 0.009400000
v -0.002687770 -0.000256650 0.009400000
v -0.002590630 -0.000760680 0.009400000
v -0.002399860 -0.001237210 0.009400000
v -0.002122340 -0.001669030 0.009400000
v -0.001768120 -0.002040520 0.009400000
v -0.001350000 -0.002338270 0.009400000
v -0.000883080 -0.002551500 0.009400000
v -0.000384250 -0.002672520 0.009400000
v 0.000128470 -0.002696940 0.009400000
v 0.000636550 -0.002623890 0.009400000
v 0.001121620 -0.002456010 0.009400000
v 0.001566150 -0.002199360 0.009400000
v 0.001954080 -0.001863210 0.009400000
v 0.002271380 -0.001459730 0.009400000
v 0.002506590 -0.001003490 0.009400000
v 0.002651210 -0.000510980 0.009400000
v -0.001800000 -0.002012460 -0.009400000
v -0.001405030 -0.002305620 -0.009400000
v -0.000963420 -0.002522270 -0.009400000
v -0.000489840 -0.002655190 -0.009400000
v 0.000000000 -0.002700000 -0.009400000
v 0.000489840 -0.002655190 -0.009400000
v 0.000963420 -0.002522270 -0.009400000
v 0.001405030 -0.002305620 -0.009400000
v 0.001800000 -0.002012460 -0.009400000
v 0.001800000 -0.002012460 -0.001500000
v 0.002142600 -0.001642940 -0.001500000
v 0.002410580 -0.001216190 -0.001500000
v 0.002594580 -0.000747080 -0.001500000
v 0.002688220 -0.000251950 -0.001500000
v 0.002688220 0.000251950 -0.001500000
v 0.002594580 0.000747080 -0.001500000
v 0.002410580 0.001216190 -0.001500000
v 0.002142600 0.001642940 -0.001500000
v 0.001800000 0.002012460 -0.001500000
v 0.001800000 0.002012460 -0.009400000
v 0.001405030 0.002305620 -0.009400000
v 0.000963420 0.002522270 -0.009400000
v 0.000489840 0.002655190 -0.009400000
v -0.000000000 0.002700000 -0.009400000
v -0.000489840 0.002655190 -0.009400000
v -0.000963420 0.002522270 -0.009400000
v -0.001405030 0.002305620 -0.009400000
v -0.001800000 0.002012460 -0.009400000
v -0.001800000 0.002012460 -0.001500000
v -0.002142600 0.001642940 -0.001500000
v -0.002410580 0.001216190 -0.001500000
v -0.002594580 0.000747080 -0.001500000
v -0.002688220 0.000251950 -0.001500000
v -0.002688220 -0.000251950 -0.001500000
v -0.002594580 -0.000747080 -0.001500000
v -0.002410580 -0.001216190 -0.001500000
v -0.002142600 -0.001642940 -0.001500000
v -0.001800000 -0.002012460 -0.001500000
v -0.002700000 0.000000000 -0.000500000
v -0.002651210 0.000510980 -0.000500000
v -0.002506590 0.001003490 -0.000500000
v -0.002271380 0.001459730 -0.000500000
v -0.001954080 0.001863210 -0.000500000
v -0.001566150 0.002199360 -0.000500000
v -0.001121620 0.002456010 -0.000500000
v -0.000636550 0.002623890 -0.000500000
v -0.000128470 0.002696940 -0.000500000
v 0.000384250 0.002672520 -0.000500000
v 0.000883080 0.002551500 -0.000500000
v 0.001350000 0.002338270 -0.000500000
v 0.001768120 0.002040520 -0.000500000
v 0.002122340 0.001669030 -0.000500000
v 0.002399860 0.001237210 -0.000500000
v 0.002590630 0.000760680 -0.000500000
v 0.002687770 0.000256650 -0.000500000
v 0.002687770 -0.000256650 -0.000500000
v 0.002590630 -0.000760680 -0.000500000
v 0.002399860 -0.001237210 -0.000500000
v 0.002122340 -0.001669030 -0.000500000
v 0.001768120 -0.002040520 -0.000500000
v 0.001350000 -0.002338270 -0.000500000
v 0.000883080 -0.002551500 -0.000500000
v 0.000384250 -0.002672520 -0.000500000
v -0.000128470 -0.002696940 -0.000500000
v -0.000636550 -0.002623890 -0.000500000
v -0.001121620 -0.002456010 -0.000500000
v -0.001566150 -0.002199360 -0.000500000
v -0.001954080 -0.001863210 -0.000500000
v -0.002271380 -0.001459730 -0.000500000
v -0.002506590 -0.001003490 -0.000500000
v -0.002651210 -0.000510980 -0.000500000
v 0.002700000 0.000000000 0.019300000
v 0.002651210 0.000510980 0.019300000
v 0.002506590 0.001003490 0.019300000
v 0.002271380 0.001459730 0.019300000
v 0.001954080 0.001863210 0.019300000
v 0.001566150 0.002199360 0.019300000
v 0.001121620 0.002456010 0.019300000
v 0.000636550 0.002623890 0.019300000
v 0.000128470 0.002696940 0.019300000
v -0.000384250 0.002672520 0.019300000
v -0.000883080 0.002551500 0.019300000
v -0.001350000 0.002338270 0.019300000
v -0.001768120 0.002040520 0.019300000
v -0.002122340 0.001669030 0.019300000
v -0.002399860 0.001237210 0.019300000
v -0.002590630 0.000760680 0.019300000
v -0.002687770 0.000256650 0.019300000
v -0.002687770 -0.000256650 0.019300000
v -0.002590630 -0.000760680 0.019300000
v -0.002399860 -0.001237210 0.019300000
v -0.002122340 -0.001669030 0.019300000
v -0.001768120 -0.002040520 0.019300000
v -0.001350000 -0.002338270 0.019300000
v -0.000883080 -0.002551500 0.019300000
v -0.000384250 -0.002672520 0.019300000
v 0.000128470 -0.002696940 0.019300000
v 0.000636550 -0.002623890 0.019300000
v 0.001121620 -0.002456010 0.019300000
v 0.001566150 -0.002199360 0.019300000
v 0.001954080 -0.001863210 0.019300000
v 0.002271380 -0.001459730 0.019300000
v 0.002506590 -0.001003490 0.019300000
v 0.002651210 -0.000510980 0.019300000
v 0.001800000 -0.002012460 0.020300000
v 0.001800000 -0.002012460 0.028200000
v 0.001405030 -0.002305620 0.028200000
v 0.000963420 -0.002522270 0.028200000
v 0.000489840 -0.002655190 0.028200000
v -0.000000000 -0.002700000 0.028200000
v -0.000489840 -0.002655190 0.028200000
v -0.000963420 -0.002522270 0.028200000
v -0.001405030 -0.002305620 0.028200000
v -0.001800000 -0.002012460 0.028200000
v -0.001800000 -0.002012460 0.020300000
v -0.002142600 -0.001642940 0.020300000
v -0.002410580 -0.001216190 0.020300000
v -0.002594580 -0.000747080 0.020300000
v -0.002688220 -0.000251950 0.020300000
v -0.002688220 0.000251950 0.020300000
v -0.002594580 0.000747080 0.020300000
v -0.002410580 0.001216190 0.020300000
v -0.002142600 0.001642940 0.020300000
v -0.001800000 0.002012460 0.020300000
v -0.001800000 0.002012460 0.028200000
v -0.001405030 0.002305620 0.028200000
v -0.000963420 0.002522270 0.028200000
v -0.000489840 0.002655190 0.028200000
v 0.000000000 0.002700000 0.028200000
v 0.000489840 0.002655190 0.028200000
v 0.000963420 0.002522270 0.028200000
v 0.001405030 0.002305620 0.028200000
v 0.001800000 0.002012460 0.028200000
v 0.001800000 0.002012460 0.020300000
v 0.002142600 0.001642940 0.020300000
v 0.002410580 0.001216190 0.020300000
v 0.002594580 0.000747080 0.020300000
v 0.002688220 0.000251950 0.020300000
v 0.002688220 -0.000251950 0.020300000
v 0.002594580 -0.000747080 0.020300000
v 0.002410580 -0.001216190 0.020300000
v 0.002142600 -0.001642940 0.020300000
v -0.007000000 -0.026600000 0.001900000
v -0.007724830 -0.026600000 0.002488640
v -0.008394600 -0.026600000 0.003139260
v -0.009004010 -0.026600000 0.003846720
v -0.009548270 -0.026600000 0.004605450
v -0.010023090 -0.026600000 0.005409460
v -0.010424720 -0.026600000 0.006252410
v -0.010750000 -0.026600000 0.007127670
v -0.010750000 -0.026600000 0.000500000
v 0.010750000 -0.026600000 0.000500000
v 0.010750000 -0.026600000 0.007127670
v 0.010424720 -0.026600000 0.006252410
v 0.010023090 -0.026600000 0.005409460
v 0.009548270 -0.026600000 0.004605450
v 0.009004010 -0.026600000 0.003846720
v 0.008394600 -0.026600000 0.003139260
v 0.007724830 -0.026600000 0.002488640
v 0.007000000 -0.026600000 0.001900000
v 0.007000000 -0.026600000 0.018800000
v 0.007724830 -0.026600000 0.018211360
v 0.008394600 -0.026600000 0.017560740
v 0.009004010 -0.026600000 0.016853280
v 0.009548270 -0.026600000 0.016094550
v 0.010023090 -0.026600000 0.015290540
v 0.010424720 -0.026600000 0.014447590
v 0.010750000 -0.026600000 0.013572330
v 0.010750000 -0.026600000 0.018800000
v -0.011250000 0.008200000 0.000500000
v -0.011250000 -0.026100000 0.000500000
v -0.011250000 -0.026100000 0.010000000
v -0.011250000 0.008200000 0.010000000
v 0.011250000 0.008200000 0.010000000
v 0.011250000 -0.026100000 0.010000000
v 0.011250000 -0.026100000 0.000500000
v 0.011250000 0.008200000 0.000500000
v 0.011204420 0.008720940 0.000500000
v 0.011069080 0.009226060 0.000500000
v 0.010848080 0.009700000 0.000500000
v 0.010548130 0.010128360 0.000500000
v 0.010178360 0.010498130 0.000500000
v 0.009750000 0.010798080 0.000500000
v 0.009276060 0.011019080 0.000500000
v 0.008770940 0.011154420 0.000500000
v 0.008250000 0.011200000 0.000500000
v 0.008250000 0.011200000 0.010000000
v 0.008250000 0.011200000 0.018300000
v 0.008770940 0.011154420 0.018300000
v 0.009276060 0.011019080 0.018300000
v 0.009750000 0.010798080 0.018300000
v 0.010178360 0.010498130 0.018300000
v 0.010548130 0.010128360 0.018300000
v 0.010848080 0.009700000 0.018300000
v 0.011069080 0.009226060 0.018300000
v 0.011204420 0.008720940 0.018300000
v 0.011250000 0.008200000 0.018300000
v 0.011204420 0.008720940 0.009400000
v 0.011069080 0.009226060 0.009400000
v 0.010848080 0.009700000 0.009400000
v 0.010548130 0.010128360 0.009400000
v 0.010178360 0.010498130 0.009400000
v 0.009750000 0.010798080 0.009400000
v 0.009276060 0.011019080 0.009400000
v 0.008770940 0.011154420 0.009400000
v -0.008250000 0.011200000 0.000500000
v -0.008250000 0.011200000 0.010000000
v -0.008770940 0.011154420 0.000500000
v -0.009276060 0.011019080 0.000500000
v -0.009750000 0.010798080 0.000500000
v -0.010178360 0.010498130 0.000500000
v -0.010548130 0.010128360 0.000500000
v -0.010848080 0.009700000 0.000500000
v -0.011069080 0.009226060 0.000500000
v -0.011204420 0.008720940 0.000500000
v -0.011250000 0.008200000 0.018300000
v -0.011204420 0.008720940 0.018300000
v -0.011069080 0.009226060 0.018300000
v -0.010848080 0.009700000 0.018300000
v -0.010548130 0.010128360 0.018300000
v -0.010178360 0.010498130 0.018300000
v -0.009750000 0.010798080 0.018300000
v -0.009276060 0.011019080 0.018300000
v -0.008770940 0.011154420 0.018300000
v -0.008250000 0.011200000 0.018300000
v -0.008770940 0.011154420 0.009400000
v -0.009276060 0.011019080 0.009400000
v -0.009750000 0.010798080 0.009400000
v -0.010178360 0.010498130 0.009400000
v -0.010548130 0.010128360 0.009400000
v -0.010848080 0.009700000 0.009400000
v -0.011069080 0.009226060 0.009400000
v -0.011204420 0.008720940 0.009400000
v -0.008250000 0.010700000 0.018800000
v -0.008737730 0.010651960 0.018800000
v -0.009206710 0.010509700 0.018800000
v -0.009638930 0.010278670 0.018800000
v -0.010017770 0.009967770 0.018800000
v -0.010328670 0.009588930 0.018800000
v -0.010559700 0.009156710 0.018800000
v -0.010701960 0.008687730 0.018800000
v -0.010750000 0.008200000 0.018800000
v -0.010750000 -0.026600000 0.018800000
v -0.007000000 -0.026600000 0.018800000
v -0.007000000 -0.037600000 0.018800000
v 0.007000000 -0.037600000 0.018800000
v 0.010750000 0.008200000 0.018800000
v 0.010701960 0.008687730 0.018800000
v 0.010559700 0.009156710 0.018800000
v 0.010328670 0.009588930 0.018800000
v 0.010017770 0.009967770 0.018800000
v 0.009638930 0.010278670 0.018800000
v 0.009206710 0.010509700 0.018800000
v 0.008737730 0.010651960 0.018800000
v 0.008250000 0.010700000 0.018800000
v -0.007250000 -0.020600000 0.018800000
v -0.007297130 -0.020973030 0.018800000
v -0.007435540 -0.021322630 0.018800000
v -0.007656550 -0.021626820 0.018800000
v -0.007946260 -0.021866490 0.018800000
v -0.008286470 -0.022026580 0.018800000
v -0.008655810 -0.022097040 0.018800000
v -0.009031070 -0.022073430 0.018800000
v -0.009388670 -0.021957240 0.018800000
v -0.009706140 -0.021755770 0.018800000
v -0.009963530 -0.021481680 0.018800000
v -0.010144660 -0.021152190 0.018800000
v -0.010238170 -0.020788000 0.018800000
v -0.010238170 -0.020412000 0.018800000
v -0.010144660 -0.020047810 0.018800000
v -0.009963530 -0.019718320 0.018800000
v -0.009706140 -0.019444230 0.018800000
v -0.009388670 -0.019242760 0.018800000
v -0.009031070 -0.019126570 0.018800000
v -0.008655810 -0.019102960 0.018800000
v -0.008286470 -0.019173420 0.018800000
v -0.007946260 -0.019333510 0.018800000
v -0.007656550 -0.019573180 0.018800000
v -0.007435540 -0.019877370 0.018800000
v -0.007297130 -0.020226970 0.018800000
v 0.003600000 0.000000000 0.018800000
v 0.003550900 -0.000592540 0.018800000
v 0.003404940 -0.001168920 0.018800000
v 0.003166110 -0.001713410 0.018800000
v 0.002840910 -0.002211170 0.018800000
v 0.002438210 -0.002648610 0.018800000
v 0.001969010 -0.003013800 0.018800000
v 0.001446100 -0.003296780 0.018800000
v 0.000883750 -0.003489840 0.018800000
v 0.000297290 -0.003587700 0.018800000
v -0.000297290 -0.003587700 0.018800000
v -0.000883750 -0.003489840 0.018800000
v -0.001446100 -0.003296780 0.018800000
v -0.001969010 -0.003013800 0.018800000
v -0.002438210 -0.002648610 0.018800000
v -0.002840910 -0.002211170 0.018800000
v -0.003166110 -0.001713410 0.018800000
v -0.003404940 -0.001168920 0.018800000
v -0.003550900 -0.000592540 0.018800000
v -0.003600000 0.000000000 0.018800000
v -0.003550900 0.000592540 0.018800000
v -0.003404940 0.001168920 0.018800000
v -0.003166110 0.001713410 0.018800000
v -0.002840910 0.002211170 0.018800000
v -0.002438210 0.002648610 0.018800000
v -0.001969010 0.003013800 0.018800000
v -0.001446100 0.003296780 0.018800000
v -0.000883750 0.003489840 0.018800000
v -0.000297290 0.003587700 0.018800000
v 0.000297290 0.003587700 0.018800000
v 0.000883750 0.003489840 0.018800000
v 0.001446100 0.003296780 0.018800000
v 0.001969010 0.003013800 0.018800000
v 0.002438210 0.002648610 0.018800000
v 0.002840910 0.002211170 0.018800000
v 0.003166110 0.001713410 0.018800000
v 0.003404940 0.001168920 0.018800000
v 0.003550900 0.000592540 0.018800000
v 0.010250000 -0.020600000 0.018800000
v 0.010202870 -0.020973030 0.018800000
v 0.010064460 -0.021322630 0.018800000
v 0.009843450 -0.021626820 0.018800000
v 0.009553740 -0.021866490 0.018800000
v 0.009213530 -0.022026580 0.018800000
v 0.008844190 -0.022097040 0.018800000
v 0.008468930 -0.022073430 0.018800000
v 0.008111330 -0.021957240 0.018800000
v 0.007793860 -0.021755770 0.018800000
v 0.007536470 -0.021481680 0.018800000
v 0.007355340 -0.021152190 0.018800000
v 0.007261830 -0.020788000 0.018800000
v 0.007261830 -0.020412000 0.018800000
v 0.007355340 -0.020047810 0.018800000
v 0.007536470 -0.019718320 0.018800000
v 0.007793860 -0.019444230 0.018800000
v 0.008111330 -0.019242760 0.018800000
v 0.008468930 -0.019126570 0.018800000
v 0.008844190 -0.019102960 0.018800000
v 0.009213530 -0.019173420 0.018800000
v 0.009553740 -0.019333510 0.018800000
v 0.009843450 -0.019573180 0.018800000
v 0.010064460 -0.019877370 0.018800000
v 0.010202870 -0.020226970 0.018800000
v -0.008250000 0.010700000 0.000000000
v 0.008250000 0.010700000 0.000000000
v 0.008737730 0.010651960 0.000000000
v 0.009206710 0.010509700 0.000000000
v 0.009638930 0.010278670 0.000000000
v 0.010017770 0.009967770 0.000000000
v 0.010328670 0.009588930 0.000000000
v 0.010559700 0.009156710 0.000000000
v 0.010701960 0.008687730 0.000000000
v 0.010750000 0.008200000 0.000000000
v 0.010750000 -0.026100000 0.000000000
v -0.010750000 -0.026100000 0.000000000
v -0.010750000 0.008200000 0.000000000
v -0.010701960 0.008687730 0.000000000
v -0.010559700 0.009156710 0.000000000
v -0.010328670 0.009588930 0.000000000
v -0.010017770 0.009967770 0.000000000
v -0.009638930 0.010278670 0.000000000
v -0.009206710 0.010509700 0.000000000
v -0.008737730 0.010651960 0.000000000
v 0.010250000 -0.020600000 0.000000000
v 0.010202870 -0.020226970 0.000000000
v 0.010064460 -0.019877370 0.000000000
v 0.009843450 -0.019573180 0.000000000
v 0.009553740 -0.019333510 0.000000000
v 0.009213530 -0.019173420 0.000000000
v 0.008844190 -0.019102960 0.000000000
v 0.008468930 -0.019126570 0.000000000
v 0.008111330 -0.019242760 0.000000000
v 0.007793860 -0.019444230 0.000000000
v 0.007536470 -0.019718320 0.000000000
v 0.007355340 -0.020047810 0.000000000
v 0.007261830 -0.020412000 0.000000000
v 0.007261830 -0.020788000 0.000000000
v 0.007355340 -0.021152190 0.000000000
v 0.007536470 -0.021481680 0.000000000
v 0.007793860 -0.021755770 0.000000000
v 0.008111330 -0.021957240 0.000000000
v 0.008468930 -0.022073430 0.000000000
v 0.008844190 -0.022097040 0.000000000
v 0.009213530 -0.022026580 0.000000000
v 0.009553740 -0.021866490 0.000000000
v 0.009843450 -0.021626820 0.000000000
v 0.010064460 -0.021322630 0.000000000
v 0.010202870 -0.020973030 0.000000000
v -0.007250000 -0.020600000 0.000000000
v -0.007297130 -0.020226970 0.000000000
v -0.007435540 -0.019877370 0.000000000
v -0.007656550 -0.019573180 0.000000000
v -0.007946260 -0.019333510 0.000000000
v -0.008286470 -0.019173420 0.000000000
v -0.008655810 -0.019102960 0.000000000
v -0.009031070 -0.019126570 0.000000000
v -0.009388670 -0.019242760 0.000000000
v -0.009706140 -0.019444230 0.000000000
v -0.009963530 -0.019718320 0.000000000
v -0.010144660 -0.020047810 0.000000000
v -0.010238170 -0.020412000 0.000000000
v -0.010238170 -0.020788000 0.000000000
v -0.010144660 -0.021152190 0.000000000
v -0.009963530 -0.021481680 0.000000000
v -0.009706140 -0.021755770 0.000000000
v -0.009388670 -0.021957240 0.000000000
v -0.009031070 -0.022073430 0.000000000
v -0.008655810 -0.022097040 0.000000000
v -0.008286470 -0.022026580 0.000000000
v -0.007946260 -0.021866490 0.000000000
v -0.007656550 -0.021626820 0.000000000
v -0.007435540 -0.021322630 0.000000000
v -0.007297130 -0.020973030 0.000000000
v 0.003600000 0.000000000 0.000000000
v 0.003550900 0.000592540 0.000000000
v 0.003404940 0.001168920 0.000000000
v 0.003166110 0.001713410 0.000000000
v 0.002840910 0.002211170 0.000000000
v 0.002438210 0.002648610 0.000000000
v 0.001969010 0.003013800 0.000000000
v 0.001446100 0.003296780 0.000000000
v 0.000883750 0.003489840 0.000000000
v 0.000297290 0.003587700 0.000000000
v -0.000297290 0.003587700 0.000000000
v -0.000883750 0.003489840 0.000000000
v -0.001446100 0.003296780 0.000000000
v -0.001969010 0.003013800 0.000000000
v -0.002438210 0.002648610 0.000000000
v -0.002840910 0.002211170 0.000000000
v -0.003166110 0.001713410 0.000000000
v -0.003404940 0.001168920 0.000000000
v -0.003550900 0.000592540 0.000000000
v -0.003600000 0.000000000 0.000000000
v -0.003550900 -0.000592540 0.000000000
v -0.003404940 -0.001168920 0.000000000
v -0.003166110 -0.001713410 0.000000000
v -0.002840910 -0.002211170 0.000000000
v -0.002438210 -0.002648610 0.000000000
v -0.001969010 -0.003013800 0.000000000
v -0.001446100 -0.003296780 0.000000000
v -0.000883750 -0.003489840 0.000000000
v -0.000297290 -0.003587700 0.000000000
v 0.000297290 -0.003587700 0.000000000
v 0.000883750 -0.003489840 0.000000000
v 0.001446100 -0.003296780 0.000000000
v 0.001969010 -0.003013800 0.000000000
v 0.002438210 -0.002648610 0.000000000
v 0.002840910 -0.002211170 0.000000000
v 0.003166110 -0.001713410 0.000000000
v 0.003404940 -0.001168920 0.000000000
v 0.003550900 -0.000592540 0.000000000
v -0.011250000 -0.026100000 0.018300000
v -0.010750000 -0.026600000 0.013572330
v -0.010424720 -0.026600000 0.014447590
v -0.010023090 -0.026600000 0.015290540
v -0.009548270 -0.026600000 0.016094550
v -0.009004010 -0.026600000 0.016853280
v -0.008394600 -0.026600000 0.017560740
v -0.007724830 -0.026600000 0.018211360
v 0.011250000 -0.026100000 0.018300000
v 0.010250000 -0.020600000 0.012533330
v 0.010250000 -0.020600000 0.006266670
v 0.010202870 -0.020226970 0.012533330
v 0.010202870 -0.020226970 0.006266670
v 0.010064460 -0.019877370 0.012533330
v 0.010064460 -0.019877370 0.006266670
v 0.009843450 -0.019573180 0.012533330
v 0.009843450 -0.019573180 0.006266670
v 0.009553740 -0.019333510 0.012533330
v 0.009553740 -0.019333510 0.006266670
v 0.009213530 -0.019173420 0.012533330
v 0.009213530 -0.019173420 0.006266670
v 0.008844190 -0.019102960 0.012533330
v 0.008844190 -0.019102960 0.006266670
v 0.008468930 -0.019126570 0.012533330
v 0.008468930 -0.019126570 0.006266670
v 0.008111330 -0.019242760 0.012533330
v 0.008111330 -0.019242760 0.006266670
v 0.007793860 -0.019444230 0.012533330
v 0.007793860 -0.019444230 0.006266670
v 0.007536470 -0.019718320 0.012533330
v 0.007536470 -0.019718320 0.006266670
v 0.007355340 -0.020047810 0.012533330
v 0.007355340 -0.020047810 0.006266670
v 0.007261830 -0.020412000 0.012533330
v 0.007261830 -0.020412000 0.006266670
v 0.007261830 -0.020788000 0.012533330
v 0.007261830 -0.020788000 0.006266670
v 0.007355340 -0.021152190 0.012533330
v 0.007355340 -0.021152190 0.006266670
v 0.007536470 -0.021481680 0.012533330
v 0.007536470 -0.021481680 0.006266670
v 0.007793860 -0.021755770 0.012533330
v 0.007793860 -0.021755770 0.006266670
v 0.008111330 -0.021957240 0.012533330
v 0.008111330 -0.021957240 0.006266670
v 0.008468930 -0.022073430 0.012533330
v 0.008468930 -0.022073430 0.006266670
v 0.008844190 -0.022097040 0.012533330
v 0.008844190 -0.022097040 0.006266670
v 0.009213530 -0.022026580 0.012533330
v 0.009213530 -0.022026580 0.006266670
v 0.009553740 -0.021866490 0.012533330
v 0.009553740 -0.021866490 0.006266670
v 0.009843450 -0.021626820 0.012533330
v 0.009843450 -0.021626820 0.006266670
v 0.010064460 -0.021322630 0.012533330
v 0.010064460 -0.021322630 0.006266670
v 0.010202870 -0.020973030 0.012533330
v 0.010202870 -0.020973030 0.006266670
v -0.007250000 -0.020600000 0.012533330
v -0.007250000 -0.020600000 0.006266670
v -0.007297130 -0.020226970 0.012533330
v -0.007297130 -0.020226970 0.006266670
v -0.007435540 -0.019877370 0.012533330
v -0.007435540 -0.019877370 0.006266670
v -0.007656550 -0.019573180 0.012533330
v -0.007656550 -0.019573180 0.006266670
v -0.007946260 -0.019333510 0.012533330
v -0.007946260 -0.019333510 0.006266670
v -0.008286470 -0.019173420 0.012533330
v -0.008286470 -0.019173420 0.006266670
v -0.008655810 -0.019102960 0.012533330
v -0.008655810 -0.019102960 0.006266670
v -0.009031070 -0.019126570 0.012533330
v -0.009031070 -0.019126570 0.006266670
v -0.009388670 -0.019242760 0.012533330
v -0.009388670 -0.019242760 0.006266670
v -0.009706140 -0.019444230 0.012533330
v -0.009706140 -0.019444230 0.006266670
v -0.009963530 -0.019718320 0.012533330
v -0.009963530 -0.019718320 0.006266670
v -0.010144660 -0.020047810 0.012533330
v -0.010144660 -0.020047810 0.006266670
v -0.010238170 -0.020412000 0.012533330
v -0.010238170 -0.020412000 0.006266670
v -0.010238170 -0.020788000 0.012533330
v -0.010238170 -0.020788000 0.006266670
v -0.010144660 -0.021152190 0.012533330
v -0.010144660 -0.021152190 0.006266670
v -0.009963530 -0.021481680 0.012533330
v -0.009963530 -0.021481680 0.006266670
v -0.009706140 -0.021755770 0.012533330
v -0.009706140 -0.021755770 0.006266670
v -0.009388670 -0.021957240 0.012533330
v -0.009388670 -0.021957240 0.006266670
v -0.009031070 -0.022073430 0.012533330
v -0.009031070 -0.022073430 0.006266670
v -0.008655810 -0.022097040 0.012533330
v -0.008655810 -0.022097040 0.006266670
v -0.008286470 -0.022026580 0.012533330
v -0.008286470 -0.022026580 0.006266670
v -0.007946260 -0.021866490 0.012533330
v -0.007946260 -0.021866490 0.006266670
v -0.007656550 -0.021626820 0.012533330
v -0.007656550 -0.021626820 0.006266670
v -0.007435540 -0.021322630 0.012533330
v -0.007435540 -0.021322630 0.006266670
v -0.007297130 -0.020973030 0.012533330
v -0.007297130 -0.020973030 0.006266670
v 0.007000000 -0.037600000 0.001900000
v 0.007760110 -0.037600000 0.002520130
v 0.008459130 -0.037600000 0.003208390
v 0.009090980 -0.037600000 0.003958790
v 0.009650160 -0.037600000 0.004764790
v 0.010131800 -0.037600000 0.005619390
v 0.010531720 -0.037600000 0.006515160
v 0.010846440 -0.037600000 0.007444280
v 0.011073210 -0.037600000 0.008398700
v 0.011210070 -0.037600000 0.009370080
v 0.011255830 -0.037600000 0.010350000
v 0.011210070 -0.037600000 0.011329920
v 0.011073210 -0.037600000 0.012301300
v 0.010846440 -0.037600000 0.013255720
v 0.010531720 -0.037600000 0.014184840
v 0.010131800 -0.037600000 0.015080610
v 0.009650160 -0.037600000 0.015935210
v 0.009090980 -0.037600000 0.016741210
v 0.008459130 -0.037600000 0.017491610
v 0.007760110 -0.037600000 0.018179870
v -0.007760110 -0.037600000 0.018179870
v -0.008459130 -0.037600000 0.017491610
v -0.009090980 -0.037600000 0.016741210
v -0.009650160 -0.037600000 0.015935210
v -0.010131800 -0.037600000 0.015080610
v -0.010531720 -0.037600000 0.014184840
v -0.010846440 -0.037600000 0.013255720
v -0.011073210 -0.037600000 0.012301300
v -0.011210070 -0.037600000 0.011329920
v -0.011255830 -0.037600000 0.010350000
v -0.011210070 -0.037600000 0.009370080
v -0.011073210 -0.037600000 0.008398700
v -0.010846440 -0.037600000 0.007444280
v -0.010531720 -0.037600000 0.006515160
v -0.010131800 -0.037600000 0.005619390
v -0.009650160 -0.037600000 0.004764790
v -0.009090980 -0.037600000 0.003958790
v -0.008459130 -0.037600000 0.003208390
v -0.007760110 -0.037600000 0.002520130
v -0.007000000 -0.037600000 0.001900000
v -0.006660710 -0.037600000 0.017800000
v 0.006660710 -0.037600000 0.017800000
v 0.007374280 -0.037600000 0.017172190
v 0.008021680 -0.037600000 0.016476340
v 0.008596440 -0.037600000 0.015719380
v 0.009092820 -0.037600000 0.014908870
v 0.009505890 -0.037600000 0.014052890
v 0.009831520 -0.037600000 0.013159980
v 0.010066460 -0.037600000 0.012239030
v 0.010208370 -0.037600000 0.011299250
v 0.010255830 -0.037600000 0.010350000
v 0.010208370 -0.037600000 0.009400750
v 0.010066460 -0.037600000 0.008460970
v 0.009831520 -0.037600000 0.007540020
v 0.009505890 -0.037600000 0.006647110
v 0.009092820 -0.037600000 0.005791130
v 0.008596440 -0.037600000 0.004980620
v 0.008021680 -0.037600000 0.004223660
v 0.007374280 -0.037600000 0.003527810
v 0.006660710 -0.037600000 0.002900000
v -0.006660710 -0.037600000 0.002900000
v -0.007374280 -0.037600000 0.003527810
v -0.008021680 -0.037600000 0.004223660
v -0.008596440 -0.037600000 0.004980620
v -0.009092820 -0.037600000 0.005791130
v -0.009505890 -0.037600000 0.006647110
v -0.009831520 -0.037600000 0.007540020
v -0.010066460 -0.037600000 0.008460970
v -0.010208370 -0.037600000 0.009400750
v -0.010255830 -0.037600000 0.010350000
v -0.010208370 -0.037600000 0.011299250
v -0.010066460 -0.037600000 0.012239030
v -0.009831520 -0.037600000 0.013159980
v -0.009505890 -0.037600000 0.014052890
v -0.009092820 -0.037600000 0.014908870
v -0.008596440 -0.037600000 0.015719380
v -0.008021680 -0.037600000 0.016476340
v -0.007374280 -0.037600000 0.017172190
v 0.010873080 -0.026584400 0.007538670
v 0.010986020 -0.026540790 0.007983060
v 0.011080780 -0.026475030 0.008439480
v 0.011155600 -0.026392380 0.008901640
v 0.011205210 -0.026306830 0.009319480
v 0.011221330 -0.026266950 0.009498660
v 0.011232620 -0.026230680 0.009651770
v 0.011244620 -0.026173150 0.009899740
v 0.011246290 -0.026160760 0.010115150
v 0.011246720 -0.026157210 0.010352240
v 0.011246320 -0.026160530 0.010588340
v 0.011244700 -0.026172580 0.010799160
v 0.011232820 -0.026229930 0.011045120
v 0.011221710 -0.026265890 0.011196680
v 0.011205710 -0.026305750 0.011375510
v 0.011156080 -0.026391710 0.011794890
v 0.011081080 -0.026474770 0.012258910
v 0.010986130 -0.026540730 0.012716480
v 0.010873090 -0.026584400 0.013161270
v -0.010873080 -0.026584400 0.013161330
v -0.010986020 -0.026540790 0.012716940
v -0.011080780 -0.026475030 0.012260520
v -0.011155600 -0.026392380 0.011798360
v -0.011205210 -0.026306830 0.011380520
v -0.011221330 -0.026266950 0.011201340
v -0.011232620 -0.026230680 0.011048230
v -0.011244620 -0.026173150 0.010800260
v -0.011246290 -0.026160760 0.010584850
v -0.011246720 -0.026157210 0.010347760
v -0.011246320 -0.026160530 0.010111660
v -0.011244700 -0.026172580 0.009900840
v -0.011232820 -0.026229930 0.009654880
v -0.011221710 -0.026265890 0.009503320
v -0.011205710 -0.026305750 0.009324490
v -0.011156080 -0.026391710 0.008905110
v -0.011081080 -0.026474770 0.008441090
v -0.010986130 -0.026540730 0.007983520
v -0.010873090 -0.026584400 0.007538730
v 0.008250000 0.010829410 0.000017040
v 0.008250000 0.010950000 0.000066990
v 0.008250000 0.011053550 0.000146450
v 0.008250000 0.011133010 0.000250000
v 0.008250000 0.011182960 0.000370590
v 0.011232960 0.008200000 0.000370590
v 0.011183010 0.008200000 0.000250000
v 0.011103550 0.008200000 0.000146450
v 0.011000000 0.008200000 0.000066990
v 0.010879410 0.008200000 0.000017040
v 0.008767990 0.011137650 0.000370590
v 0.008759310 0.011088450 0.000250000
v 0.008745510 0.011010200 0.000146450
v 0.008727530 0.010908220 0.000066990
v 0.008706590 0.010789460 0.000017040
v 0.009270230 0.011003070 0.000370590
v 0.009253150 0.010956130 0.000250000
v 0.009225970 0.010881460 0.000146450
v 0.009190560 0.010784150 0.000066990
v 0.009149310 0.010670840 0.000017040
v 0.009741480 0.010783320 0.000370590
v 0.009716510 0.010740060 0.000250000
v 0.009676780 0.010671250 0.000146450
v 0.009625000 0.010581570 0.000066990
v 0.009564700 0.010477140 0.000017040
v 0.010167410 0.010485080 0.000370590
v 0.010135300 0.010446820 0.000250000
v 0.010084230 0.010385950 0.000146450
v 0.010017670 0.010306620 0.000066990
v 0.009940150 0.010214240 0.000017040
v 0.010535080 0.010117410 0.000370590
v 0.010496820 0.010085300 0.000250000
v 0.010435950 0.010034230 0.000146450
v 0.010356620 0.009967670 0.000066990
v 0.010264240 0.009890150 0.000017040
v 0.010833320 0.009691480 0.000370590
v 0.010790060 0.009666510 0.000250000
v 0.010721250 0.009626780 0.000146450
v 0.010631570 0.009575000 0.000066990
v 0.010527140 0.009514700 0.000017040
v 0.011053070 0.009220230 0.000370590
v 0.011006130 0.009203150 0.000250000
v 0.010931460 0.009175970 0.000146450
v 0.010834150 0.009140560 0.000066990
v 0.010720840 0.009099310 0.000017040
v 0.011187650 0.008717990 0.000370590
v 0.011138450 0.008709310 0.000250000
v 0.011060200 0.008695510 0.000146450
v 0.010958220 0.008677530 0.000066990
v 0.010839460 0.008656590 0.000017040
v 0.011240390 -0.026197550 0.018397550
v 0.011211940 -0.026291340 0.018491340
v 0.011165730 -0.026377790 0.018577790
v 0.011103550 -0.026453550 0.018653550
v 0.011027790 -0.026515730 0.018715730
v 0.010941340 -0.026561940 0.018761940
v 0.010847550 -0.026590390 0.018790390
v 0.010799010 -0.026597590 0.018797590
v 0.010879410 -0.026582960 0.000500000
v 0.011000000 -0.026533010 0.000500000
v 0.011103550 -0.026453550 0.000500000
v 0.011183010 -0.026350000 0.000500000
v 0.011232960 -0.026229410 0.000500000
v 0.011232920 -0.026229570 0.016185710
v 0.011232870 -0.026229750 0.013571430
v 0.011232960 -0.026229410 0.008342860
v 0.011232960 -0.026229410 0.005728570
v 0.011232960 -0.026229410 0.003114290
v 0.011183010 -0.026350000 0.016185710
v 0.011183010 -0.026350000 0.013571430
v 0.011103550 -0.026453550 0.016185710
v 0.011103550 -0.026453550 0.013571430
v 0.011000000 -0.026533010 0.016185710
v 0.011000000 -0.026533010 0.013571430
v 0.010879410 -0.026582960 0.016185710
v 0.010879410 -0.026582960 0.013571430
v 0.011183010 -0.026350000 0.008342860
v 0.011183010 -0.026350000 0.005728570
v 0.011183010 -0.026350000 0.003114290
v 0.011103550 -0.026453550 0.008342860
v 0.011103550 -0.026453550 0.005728570
v 0.011103550 -0.026453550 0.003114290
v 0.011000000 -0.026533010 0.005728570
v 0.011000000 -0.026533010 0.003114290
v 0.010879410 -0.026582960 0.005728570
v 0.010879410 -0.026582960 0.003114290
v 0.011232960 -0.026100000 0.000370590
v 0.011183010 -0.026100000 0.000250000
v 0.011103550 -0.026100000 0.000146450
v 0.011000000 -0.026100000 0.000066990
v 0.010879410 -0.026100000 0.000017040
v 0.010879410 0.005561540 0.000017040
v 0.010879410 0.002923080 0.000017040
v 0.010879410 0.000284620 0.000017040
v 0.010879410 -0.002353850 0.000017040
v 0.010879410 -0.004992310 0.000017040
v 0.010879410 -0.007630770 0.000017040
v 0.010879410 -0.010269230 0.000017040
v 0.010879410 -0.012907690 0.000017040
v 0.010879410 -0.015546150 0.000017040
v 0.010879410 -0.018184620 0.000017040
v 0.010879410 -0.020823080 0.000017040
v 0.010879410 -0.023461540 0.000017040
v 0.011000000 0.005561540 0.000066990
v 0.011000000 0.002923080 0.000066990
v 0.011000000 0.000284620 0.000066990
v 0.011000000 -0.002353850 0.000066990
v 0.011000000 -0.004992310 0.000066990
v 0.011000000 -0.007630770 0.000066990
v 0.011000000 -0.010269230 0.000066990
v 0.011000000 -0.012907690 0.000066990
v 0.011000000 -0.015546150 0.000066990
v 0.011000000 -0.018184620 0.000066990
v 0.011000000 -0.020823080 0.000066990
v 0.011000000 -0.023461540 0.000066990
v 0.011103550 0.005561540 0.000146450
v 0.011103550 0.002923080 0.000146450
v 0.011103550 0.000284620 0.000146450
v 0.011103550 -0.002353850 0.000146450
v 0.011103550 -0.004992310 0.000146450
v 0.011103550 -0.007630770 0.000146450
v 0.011103550 -0.010269230 0.000146450
v 0.011103550 -0.012907690 0.000146450
v 0.011103550 -0.015546150 0.000146450
v 0.011103550 -0.018184620 0.000146450
v 0.011103550 -0.020823080 0.000146450
v 0.011103550 -0.023461540 0.000146450
v 0.011183010 0.005561540 0.000250000
v 0.011183010 0.002923080 0.000250000
v 0.011183010 0.000284620 0.000250000
v 0.011183010 -0.002353850 0.000250000
v 0.011183010 -0.004992310 0.000250000
v 0.011183010 -0.007630770 0.000250000
v 0.011183010 -0.010269230 0.000250000
v 0.011183010 -0.012907690 0.000250000
v 0.011183010 -0.015546150 0.000250000
v 0.011183010 -0.018184620 0.000250000
v 0.011183010 -0.020823080 0.000250000
v 0.011183010 -0.023461540 0.000250000
v 0.011232960 0.005561540 0.000370590
v 0.011232960 0.002923080 0.000370590
v 0.011232960 0.000284620 0.000370590
v 0.011232960 -0.002353850 0.000370590
v 0.011232960 -0.004992310 0.000370590
v 0.011232960 -0.007630770 0.000370590
v 0.011232960 -0.010269230 0.000370590
v 0.011232960 -0.012907690 0.000370590
v 0.011232960 -0.015546150 0.000370590
v 0.011232960 -0.018184620 0.000370590
v 0.011232960 -0.020823080 0.000370590
v 0.011232960 -0.023461540 0.000370590
v -0.008250000 0.010829410 0.000017040
v -0.008250000 0.010950000 0.000066990
v -0.008250000 0.011053550 0.000146450
v -0.008250000 0.011133010 0.000250000
v -0.008250000 0.011182960 0.000370590
v 0.005500000 0.011182960 0.000370590
v 0.002750000 0.011182960 0.000370590
v 0.000000000 0.011182960 0.000370590
v -0.002750000 0.011182960 0.000370590
v -0.005500000 0.011182960 0.000370590
v 0.005500000 0.011133010 0.000250000
v 0.002750000 0.011133010 0.000250000
v 0.000000000 0.011133010 0.000250000
v -0.002750000 0.011133010 0.000250000
v -0.005500000 0.011133010 0.000250000
v 0.005500000 0.011053550 0.000146450
v 0.002750000 0.011053550 0.000146450
v 0.000000000 0.011053550 0.000146450
v -0.002750000 0.011053550 0.000146450
v -0.005500000 0.011053550 0.000146450
v 0.005500000 0.010950000 0.000066990
v 0.002750000 0.010950000 0.000066990
v 0.000000000 0.010950000 0.000066990
v -0.002750000 0.010950000 0.000066990
v -0.005500000 0.010950000 0.000066990
v 0.005500000 0.010829410 0.000017040
v 0.002750000 0.010829410 0.000017040
v 0.000000000 0.010829410 0.000017040
v -0.002750000 0.010829410 0.000017040
v -0.005500000 0.010829410 0.000017040
v 0.011232960 0.008200000 0.018429410
v 0.011183010 0.008200000 0.018550000
v 0.011103550 0.008200000 0.018653550
v 0.011000000 0.008200000 0.018733010
v 0.010879410 0.008200000 0.018782960
v 0.010879410 -0.023923080 0.018782960
v 0.010879410 -0.021246150 0.018782960
v 0.010879410 -0.018569230 0.018782960
v 0.010879410 -0.015892310 0.018782960
v 0.010879410 -0.013215380 0.018782960
v 0.010879410 -0.010538460 0.018782960
v 0.010879410 -0.007861540 0.018782960
v 0.010879410 -0.005184620 0.018782960
v 0.010879410 -0.002507690 0.018782960
v 0.010879410 0.000169230 0.018782960
v 0.010879410 0.002846150 0.018782960
v 0.010879410 0.005523080 0.018782960
v 0.011000000 -0.023923080 0.018733010
v 0.011000000 -0.021246150 0.018733010
v 0.011000000 -0.018569230 0.018733010
v 0.011000000 -0.015892310 0.018733010
v 0.011000000 -0.013215380 0.018733010
v 0.011000000 -0.010538460 0.018733010
v 0.011000000 -0.007861540 0.018733010
v 0.011000000 -0.005184620 0.018733010
v 0.011000000 -0.002507690 0.018733010
v 0.011000000 0.000169230 0.018733010
v 0.011000000 0.002846150 0.018733010
v 0.011000000 0.005523080 0.018733010
v 0.011103550 -0.023923080 0.018653550
v 0.011103550 -0.021246150 0.018653550
v 0.011103550 -0.018569230 0.018653550
v 0.011103550 -0.015892310 0.018653550
v 0.011103550 -0.013215380 0.018653550
v 0.011103550 -0.010538460 0.018653550
v 0.011103550 -0.007861540 0.018653550
v 0.011103550 -0.005184620 0.018653550
v 0.011103550 -0.002507690 0.018653550
v 0.011103550 0.000169230 0.018653550
v 0.011103550 0.002846150 0.018653550
v 0.011103550 0.005523080 0.018653550
v 0.011183010 -0.023923080 0.018550000
v 0.011183010 -0.021246150 0.018550000
v 0.011183010 -0.018569230 0.018550000
v 0.011183010 -0.015892310 0.018550000
v 0.011183010 -0.013215380 0.018550000
v 0.011183010 -0.010538460 0.018550000
v 0.011183010 -0.007861540 0.018550000
v 0.011183010 -0.005184620 0.018550000
v 0.011183010 -0.002507690 0.018550000
v 0.011183010 0.000169230 0.018550000
v 0.011183010 0.002846150 0.018550000
v 0.011183010 0.005523080 0.018550000
v 0.011232960 -0.023923080 0.018429410
v 0.011232960 -0.021246150 0.018429410
v 0.011232960 -0.018569230 0.018429410
v 0.011232960 -0.015892310 0.018429410
v 0.011232960 -0.013215380 0.018429410
v 0.011232960 -0.010538460 0.018429410
v 0.011232960 -0.007861540 0.018429410
v 0.011232960 -0.005184620 0.018429410
v 0.011232960 -0.002507690 0.018429410
v 0.011232960 0.000169230 0.018429410
v 0.011232960 0.002846150 0.018429410
v 0.011232960 0.005523080 0.018429410
v 0.010750000 -0.026582960 0.000370590
v 0.010750000 -0.026533010 0.000250000
v 0.010750000 -0.026453550 0.000146450
v 0.010750000 -0.026350000 0.000066990
v 0.010750000 -0.026229410 0.000017040
v 0.011216510 -0.026225000 0.000370590
v 0.011168260 -0.026212070 0.000250000
v 0.011091510 -0.026191510 0.000146450
v 0.010991480 -0.026164700 0.000066990
v 0.010875000 -0.026133490 0.000017040
v 0.011168260 -0.026341480 0.000370590
v 0.011125000 -0.026316510 0.000250000
v 0.011056190 -0.026276780 0.000146450
v 0.010966510 -0.026225000 0.000066990
v 0.010862070 -0.026164700 0.000017040
v 0.011091510 -0.026441510 0.000370590
v 0.011056190 -0.026406190 0.000250000
v 0.011000000 -0.026350000 0.000146450
v 0.010926780 -0.026276780 0.000066990
v 0.010841510 -0.026191510 0.000017040
v 0.010991480 -0.026518260 0.000370590
v 0.010966510 -0.026475000 0.000250000
v 0.010926780 -0.026406190 0.000146450
v 0.010875000 -0.026316510 0.000066990
v 0.010814700 -0.026212070 0.000017040
v 0.010875000 -0.026566510 0.000370590
v 0.010862070 -0.026518260 0.000250000
v 0.010841510 -0.026441510 0.000146450
v 0.010814700 -0.026341480 0.000066990
v 0.010783490 -0.026225000 0.000017040
v -0.010879410 0.008200000 0.000017040
v -0.011000000 0.008200000 0.000066990
v -0.011103550 0.008200000 0.000146450
v -0.011183010 0.008200000 0.000250000
v -0.011232960 0.008200000 0.000370590
v -0.008706590 0.010789460 0.000017040
v -0.008727530 0.010908220 0.000066990
v -0.008745510 0.011010200 0.000146450
v -0.008759310 0.011088450 0.000250000
v -0.008767990 0.011137650 0.000370590
v -0.009149310 0.010670840 0.000017040
v -0.009190560 0.010784150 0.000066990
v -0.009225970 0.010881460 0.000146450
v -0.009253150 0.010956130 0.000250000
v -0.009270230 0.011003070 0.000370590
v -0.009564700 0.010477140 0.000017040
v -0.009625000 0.010581570 0.000066990
v -0.009676780 0.010671250 0.000146450
v -0.009716510 0.010740060 0.000250000
v -0.009741480 0.010783320 0.000370590
v -0.009940150 0.010214240 0.000017040
v -0.010017670 0.010306620 0.000066990
v -0.010084230 0.010385950 0.000146450
v -0.010135300 0.010446820 0.000250000
v -0.010167410 0.010485080 0.000370590
v -0.010264240 0.009890150 0.000017040
v -0.010356620 0.009967670 0.000066990
v -0.010435950 0.010034230 0.000146450
v -0.010496820 0.010085300 0.000250000
v -0.010535080 0.010117410 0.000370590
v -0.010527140 0.009514700 0.000017040
v -0.010631570 0.009575000 0.000066990
v -0.010721250 0.009626780 0.000146450
v -0.010790060 0.009666510 0.000250000
v -0.010833320 0.009691480 0.000370590
v -0.010720840 0.009099310 0.000017040
v -0.010834150 0.009140560 0.000066990
v -0.010931460 0.009175970 0.000146450
v -0.011006130 0.009203150 0.000250000
v -0.011053070 0.009220230 0.000370590
v -0.010839460 0.008656590 0.000017040
v -0.010958220 0.008677530 0.000066990
v -0.011060200 0.008695510 0.000146450
v -0.011138450 0.008709310 0.000250000
v -0.011187650 0.008717990 0.000370590
v 0.008250000 0.011182960 0.018429410
v 0.008250000 0.011133010 0.018550000
v 0.008250000 0.011053550 0.018653550
v 0.008250000 0.010950000 0.018733010
v 0.008250000 0.010829410 0.018782960
v 0.011187650 0.008717990 0.018429410
v 0.011138450 0.008709310 0.018550000
v 0.011060200 0.008695510 0.018653550
v 0.010958220 0.008677530 0.018733010
v 0.010839460 0.008656590 0.018782960
v 0.011053070 0.009220230 0.018429410
v 0.011006130 0.009203150 0.018550000
v 0.010931460 0.009175970 0.018653550
v 0.010834150 0.009140560 0.018733010
v 0.010720840 0.009099310 0.018782960
v 0.010833320 0.009691480 0.018429410
v 0.010790060 0.009666510 0.018550000
v 0.010721250 0.009626780 0.018653550
v 0.010631570 0.009575000 0.018733010
v 0.010527140 0.009514700 0.018782960
v 0.010535080 0.010117410 0.018429410
v 0.010496820 0.010085300 0.018550000
v 0.010435950 0.010034230 0.018653550
v 0.010356620 0.009967670 0.018733010
v 0.010264240 0.009890150 0.018782960
v 0.010167410 0.010485080 0.018429410
v 0.010135300 0.010446820 0.018550000
v 0.010084230 0.010385950 0.018653550
v 0.010017670 0.010306620 0.018733010
v 0.009940150 0.010214240 0.018782960
v 0.009741480 0.010783320 0.018429410
v 0.009716510 0.010740060 0.018550000
v 0.009676780 0.010671250 0.018653550
v 0.009625000 0.010581570 0.018733010
v 0.009564700 0.010477140 0.018782960
v 0.009270230 0.011003070 0.018429410
v 0.009253150 0.010956130 0.018550000
v 0.009225970 0.010881460 0.018653550
v 0.009190560 0.010784150 0.018733010
v 0.009149310 0.010670840 0.018782960
v 0.008767990 0.011137650 0.018429410
v 0.008759310 0.011088450 0.018550000
v 0.008745510 0.011010200 0.018653550
v 0.008727530 0.010908220 0.018733010
v 0.008706590 0.010789460 0.018782960
v -0.010750000 -0.026582960 0.000370590
v -0.010750000 -0.026533010 0.000250000
v -0.010750000 -0.026453550 0.000146450
v -0.010750000 -0.026350000 0.000066990
v -0.010750000 -0.026229410 0.000017040
v 0.008062500 -0.026229410 0.000017040
v 0.005375000 -0.026229410 0.000017040
v 0.002687500 -0.026229410 0.000017040
v 0.000000000 -0.026229410 0.000017040
v -0.002687500 -0.026229410 0.000017040
v -0.005375000 -0.026229410 0.000017040
v -0.008062500 -0.026229410 0.000017040
v 0.008062500 -0.026350000 0.000066990
v 0.005375000 -0.026350000 0.000066990
v 0.002687500 -0.026350000 0.000066990
v 0.000000000 -0.026350000 0.000066990
v -0.002687500 -0.026350000 0.000066990
v -0.005375000 -0.026350000 0.000066990
v -0.008062500 -0.026350000 0.000066990
v 0.008062500 -0.026453550 0.000146450
v 0.005375000 -0.026453550 0.000146450
v 0.002687500 -0.026453550 0.000146450
v 0.000000000 -0.026453550 0.000146450
v -0.002687500 -0.026453550 0.000146450
v -0.005375000 -0.026453550 0.000146450
v -0.008062500 -0.026453550 0.000146450
v 0.008062500 -0.026533010 0.000250000
v 0.005375000 -0.026533010 0.000250000
v 0.002687500 -0.026533010 0.000250000
v 0.000000000 -0.026533010 0.000250000
v -0.002687500 -0.026533010 0.000250000
v -0.005375000 -0.026533010 0.000250000
v -0.008062500 -0.026533010 0.000250000
v 0.008062500 -0.026582960 0.000370590
v 0.005375000 -0.026582960 0.000370590
v 0.002687500 -0.026582960 0.000370590
v 0.000000000 -0.026582960 0.000370590
v -0.002687500 -0.026582960 0.000370590
v -0.005375000 -0.026582960 0.000370590
v -0.008062500 -0.026582960 0.000370590
v -0.010879410 -0.026100000 0.000017040
v -0.011000000 -0.026100000 0.000066990
v -0.011103550 -0.026100000 0.000146450
v -0.011183010 -0.026100000 0.000250000
v -0.011232960 -0.026100000 0.000370590
v -0.011232960 0.005561540 0.000370590
v -0.011232960 0.002923080 0.000370590
v -0.011232960 0.000284620 0.000370590
v -0.011232960 -0.002353850 0.000370590
v -0.011232960 -0.004992310 0.000370590
v -0.011232960 -0.007630770 0.000370590
v -0.011232960 -0.010269230 0.000370590
v -0.011232960 -0.012907690 0.000370590
v -0.011232960 -0.015546150 0.000370590
v -0.011232960 -0.018184620 0.000370590
v -0.011232960 -0.020823080 0.000370590
v -0.011232960 -0.023461540 0.000370590
v -0.011183010 0.005561540 0.000250000
v -0.011183010 0.002923080 0.000250000
v -0.011183010 0.000284620 0.000250000
v -0.011183010 -0.002353850 0.000250000
v -0.011183010 -0.004992310 0.000250000
v -0.011183010 -0.007630770 0.000250000
v -0.011183010 -0.010269230 0.000250000
v -0.011183010 -0.012907690 0.000250000
v -0.011183010 -0.015546150 0.000250000
v -0.011183010 -0.018184620 0.000250000
v -0.011183010 -0.020823080 0.000250000
v -0.011183010 -0.023461540 0.000250000
v -0.011103550 0.005561540 0.000146450
v -0.011103550 0.002923080 0.000146450
v -0.011103550 0.000284620 0.000146450
v -0.011103550 -0.002353850 0.000146450
v -0.011103550 -0.004992310 0.000146450
v -0.011103550 -0.007630770 0.000146450
v -0.011103550 -0.010269230 0.000146450
v -0.011103550 -0.012907690 0.000146450
v -0.011103550 -0.015546150 0.000146450
v -0.011103550 -0.018184620 0.000146450
v -0.011103550 -0.020823080 0.000146450
v -0.011103550 -0.023461540 0.000146450
v -0.011000000 0.005561540 0.000066990
v -0.011000000 0.002923080 0.000066990
v -0.011000000 0.000284620 0.000066990
v -0.011000000 -0.002353850 0.000066990
v -0.011000000 -0.004992310 0.000066990
v -0.011000000 -0.007630770 0.000066990
v -0.011000000 -0.010269230 0.000066990
v -0.011000000 -0.012907690 0.000066990
v -0.011000000 -0.015546150 0.000066990
v -0.011000000 -0.018184620 0.000066990
v -0.011000000 -0.020823080 0.000066990
v -0.011000000 -0.023461540 0.000066990
v -0.010879410 0.005561540 0.000017040
v -0.010879410 0.002923080 0.000017040
v -0.010879410 0.000284620 0.000017040
v -0.010879410 -0.002353850 0.000017040
v -0.010879410 -0.004992310 0.000017040
v -0.010879410 -0.007630770 0.000017040
v -0.010879410 -0.010269230 0.000017040
v -0.010879410 -0.012907690 0.000017040
v -0.010879410 -0.015546150 0.000017040
v -0.010879410 -0.018184620 0.000017040
v -0.010879410 -0.020823080 0.000017040
v -0.010879410 -0.023461540 0.000017040
v -0.008250000 0.011182960 0.018429410
v -0.008250000 0.011133010 0.018550000
v -0.008250000 0.011053550 0.018653550
v -0.008250000 0.010950000 0.018733010
v -0.008250000 0.010829410 0.018782960
v 0.005500000 0.010829410 0.018782960
v 0.002750000 0.010829410 0.018782960
v -0.000000000 0.010829410 0.018782960
v -0.002750000 0.010829410 0.018782960
v -0.005500000 0.010829410 0.018782960
v 0.005500000 0.010950000 0.018733010
v 0.002750000 0.010950000 0.018733010
v -0.000000000 0.010950000 0.018733010
v -0.002750000 0.010950000 0.018733010
v -0.005500000 0.010950000 0.018733010
v 0.005500000 0.011053550 0.018653550
v 0.002750000 0.011053550 0.018653550
v -0.000000000 0.011053550 0.018653550
v -0.002750000 0.011053550 0.018653550
v -0.005500000 0.011053550 0.018653550
v 0.005500000 0.011133010 0.018550000
v 0.002750000 0.011133010 0.018550000
v -0.000000000 0.011133010 0.018550000
v -0.002750000 0.011133010 0.018550000
v -0.005500000 0.011133010 0.018550000
v 0.005500000 0.011182960 0.018429410
v 0.002750000 0.011182960 0.018429410
v -0.000000000 0.011182960 0.018429410
v -0.002750000 0.011182960 0.018429410
v -0.005500000 0.011182960 0.018429410
v -0.010879410 -0.026582960 0.000500000
v -0.011000000 -0.026533010 0.000500000
v -0.011103550 -0.026453550 0.000500000
v -0.011183010 -0.026350000 0.000500000
v -0.011232960 -0.026229410 0.000500000
v -0.010875000 -0.026133490 0.000017040
v -0.010991480 -0.026164700 0.000066990
v -0.011091510 -0.026191510 0.000146450
v -0.011168260 -0.026212070 0.000250000
v -0.011216510 -0.026225000 0.000370590
v -0.010875000 -0.026566510 0.000370590
v -0.010862070 -0.026518260 0.000250000
v -0.010841510 -0.026441510 0.000146450
v -0.010814700 -0.026341480 0.000066990
v -0.010783490 -0.026225000 0.000017040
v -0.010991480 -0.026518260 0.000370590
v -0.010966510 -0.026475000 0.000250000
v -0.010926780 -0.026406190 0.000146450
v -0.010875000 -0.026316510 0.000066990
v -0.010814700 -0.026212070 0.000017040
v -0.011091510 -0.026441510 0.000370590
v -0.011056190 -0.026406190 0.000250000
v -0.011000000 -0.026350000 0.000146450
v -0.010926780 -0.026276780 0.000066990
v -0.010841510 -0.026191510 0.000017040
v -0.011168260 -0.026341480 0.000370590
v -0.011125000 -0.026316510 0.000250000
v -0.011056190 -0.026276780 0.000146450
v -0.010966510 -0.026225000 0.000066990
v -0.010862070 -0.026164700 0.000017040
v -0.011232960 0.008200000 0.018429410
v -0.011183010 0.008200000 0.018550000
v -0.011103550 0.008200000 0.018653550
v -0.011000000 0.008200000 0.018733010
v -0.010879410 0.008200000 0.018782960
v -0.008767990 0.011137650 0.018429410
v -0.008759310 0.011088450 0.018550000
v -0.008745510 0.011010200 0.018653550
v -0.008727530 0.010908220 0.018733010
v -0.008706590 0.010789460 0.018782960
v -0.009270230 0.011003070 0.018429410
v -0.009253150 0.010956130 0.018550000
v -0.009225970 0.010881460 0.018653550
v -0.009190560 0.010784150 0.018733010
v -0.009149310 0.010670840 0.018782960
v -0.009741480 0.010783320 0.018429410
v -0.009716510 0.010740060 0.018550000
v -0.009676780 0.010671250 0.018653550
v -0.009625000 0.010581570 0.018733010
v -0.009564700 0.010477140 0.018782960
v -0.010167410 0.010485080 0.018429410
v -0.010135300 0.010446820 0.018550000
v -0.010084230 0.010385950 0.018653550
v -0.010017670 0.010306620 0.018733010
v -0.009940150 0.010214240 0.018782960
v -0.010535080 0.010117410 0.018429410
v -0.010496820 0.010085300 0.018550000
v -0.010435950 0.010034230 0.018653550
v -0.010356620 0.009967670 0.018733010
v -0.010264240 0.009890150 0.018782960
v -0.010833320 0.009691480 0.018429410
v -0.010790060 0.009666510 0.018550000
v -0.010721250 0.009626780 0.018653550
v -0.010631570 0.009575000 0.018733010
v -0.010527140 0.009514700 0.018782960
v -0.011053070 0.009220230 0.018429410
v -0.011006130 0.009203150 0.018550000
v -0.010931460 0.009175970 0.018653550
v -0.010834150 0.009140560 0.018733010
v -0.010720840 0.009099310 0.018782960
v -0.011187650 0.008717990 0.018429410
v -0.011138450 0.008709310 0.018550000
v -0.011060200 0.008695510 0.018653550
v -0.010958220 0.008677530 0.018733010
v -0.010839460 0.008656590 0.018782960
v -0.010799010 -0.026597590 0.018797590
v -0.010847550 -0.026590390 0.018790390
v -0.010941340 -0.026561940 0.018761940
v -0.011027790 -0.026515730 0.018715730
v -0.011103550 -0.026453550 0.018653550
v -0.011165730 -0.026377790 0.018577790
v -0.011211940 -0.026291340 0.018491340
v -0.011240390 -0.026197550 0.018397550
v -0.010879410 -0.026582960 0.005728570
v -0.010879410 -0.026582960 0.003114290
v -0.011000000 -0.026533010 0.005728570
v -0.011000000 -0.026533010 0.003114290
v -0.011103550 -0.026453550 0.008342860
v -0.011103550 -0.026453550 0.005728570
v -0.011103550 -0.026453550 0.003114290
v -0.011183010 -0.026350000 0.008342860
v -0.011183010 -0.026350000 0.005728570
v -0.011183010 -0.026350000 0.003114290
v -0.011232840 -0.026229860 0.008342860
v -0.011232880 -0.026229710 0.005728570
v -0.011232920 -0.026229560 0.003114290
v -0.011232960 -0.026229410 0.013571430
v -0.011232960 -0.026229410 0.016185710
v -0.011183010 -0.026350000 0.013571430
v -0.011183010 -0.026350000 0.016185710
v -0.011103550 -0.026453550 0.013571430
v -0.011103550 -0.026453550 0.016185710
v -0.011000000 -0.026533010 0.013571430
v -0.011000000 -0.026533010 0.016185710
v -0.010879410 -0.026582960 0.013571430
v -0.010879410 -0.026582960 0.016185710
v -0.010879410 0.005523080 0.018782960
v -0.010879410 0.002846150 0.018782960
v -0.010879410 0.000169230 0.018782960
v -0.010879410 -0.002507690 0.018782960
v -0.010879410 -0.005184620 0.018782960
v -0.010879410 -0.007861540 0.018782960
v -0.010879410 -0.010538460 0.018782960
v -0.010879410 -0.013215380 0.018782960
v -0.010879410 -0.015892310 0.018782960
v -0.010879410 -0.018569230 0.018782960
v -0.010879410 -0.021246150 0.018782960
v -0.010879410 -0.023923080 0.018782960
v -0.011000000 0.005523080 0.018733010
v -0.011000000 0.002846150 0.018733010
v -0.011000000 0.000169230 0.018733010
v -0.011000000 -0.002507690 0.018733010
v -0.011000000 -0.005184620 0.018733010
v -0.011000000 -0.007861540 0.018733010
v -0.011000000 -0.010538460 0.018733010
v -0.011000000 -0.013215380 0.018733010
v -0.011000000 -0.015892310 0.018733010
v -0.011000000 -0.018569230 0.018733010
v -0.011000000 -0.021246150 0.018733010
v -0.011000000 -0.023923080 0.018733010
v -0.011103550 0.005523080 0.018653550
v -0.011103550 0.002846150 0.018653550
v -0.011103550 0.000169230 0.018653550
v -0.011103550 -0.002507690 0.018653550
v -0.011103550 -0.005184620 0.018653550
v -0.011103550 -0.007861540 0.018653550
v -0.011103550 -0.010538460 0.018653550
v -0.011103550 -0.013215380 0.018653550
v -0.011103550 -0.015892310 0.018653550
v -0.011103550 -0.018569230 0.018653550
v -0.011103550 -0.021246150 0.018653550
v -0.011103550 -0.023923080 0.018653550
v -0.011183010 0.005523080 0.018550000
v -0.011183010 0.002846150 0.018550000
v -0.011183010 0.000169230 0.018550000
v -0.011183010 -0.002507690 0.018550000
v -0.011183010 -0.005184620 0.018550000
v -0.011183010 -0.007861540 0.018550000
v -0.011183010 -0.010538460 0.018550000
v -0.011183010 -0.013215380 0.018550000
v -0.011183010 -0.015892310 0.018550000
v -0.011183010 -0.018569230 0.018550000
v -0.011183010 -0.021246150 0.018550000
v -0.011183010 -0.023923080 0.018550000
v -0.011232960 0.005523080 0.018429410
v -0.011232960 0.002846150 0.018429410
v -0.011232960 0.000169230 0.018429410
v -0.011232960 -0.002507690 0.018429410
v -0.011232960 -0.005184620 0.018429410
v -0.011232960 -0.007861540 0.018429410
v -0.011232960 -0.010538460 0.018429410
v -0.011232960 -0.013215380 0.018429410
v -0.011232960 -0.015892310 0.018429410
v -0.011232960 -0.018569230 0.018429410
v -0.011232960 -0.021246150 0.018429410
v -0.011232960 -0.023923080 0.018429410
v 0.003600000 0.000000000 0.019300000
v 0.003550900 -0.000592540 0.019300000
v 0.003404940 -0.001168920 0.019300000
v 0.003166110 -0.001713410 0.019300000
v 0.002840910 -0.002211170 0.019300000
v 0.002438210 -0.002648610 0.019300000
v 0.001969010 -0.003013800 0.019300000
v 0.001446100 -0.003296780 0.019300000
v 0.000883750 -0.003489840 0.019300000
v 0.000297290 -0.003587700 0.019300000
v -0.000297290 -0.003587700 0.019300000
v -0.000883750 -0.003489840 0.019300000
v -0.001446100 -0.003296780 0.019300000
v -0.001969010 -0.003013800 0.019300000
v -0.002438210 -0.002648610 0.019300000
v -0.002840910 -0.002211170 0.019300000
v -0.003166110 -0.001713410 0.019300000
v -0.003404940 -0.001168920 0.019300000
v -0.003550900 -0.000592540 0.019300000
v -0.003600000 0.000000000 0.019300000
v -0.003550900 0.000592540 0.019300000
v -0.003404940 0.001168920 0.019300000
v -0.003166110 0.001713410 0.019300000
v -0.002840910 0.002211170 0.019300000
v -0.002438210 0.002648610 0.019300000
v -0.001969010 0.003013800 0.019300000
v -0.001446100 0.003296780 0.019300000
v -0.000883750 0.003489840 0.019300000
v -0.000297290 0.003587700 0.019300000
v 0.000297290 0.003587700 0.019300000
v 0.000883750 0.003489840 0.019300000
v 0.001446100 0.003296780 0.019300000
v 0.001969010 0.003013800 0.019300000
v 0.002438210 0.002648610 0.019300000
v 0.002840910 0.002211170 0.019300000
v 0.003166110 0.001713410 0.019300000
v 0.003404940 0.001168920 0.019300000
v 0.003550900 0.000592540 0.019300000
v -0.003600000 0.000000000 -0.000500000
v -0.003550900 -0.000592540 -0.000500000
v -0.003404940 -0.001168920 -0.000500000
v -0.003166110 -0.001713410 -0.000500000
v -0.002840910 -0.002211170 -0.000500000
v -0.002438210 -0.002648610 -0.000500000
v -0.001969010 -0.003013800 -0.000500000
v -0.001446100 -0.003296780 -0.000500000
v -0.000883750 -0.003489840 -0.000500000
v -0.000297290 -0.003587700 -0.000500000
v 0.000297290 -0.003587700 -0.000500000
v 0.000883750 -0.003489840 -0.000500000
v 0.001446100 -0.003296780 -0.000500000
v 0.001969010 -0.003013800 -0.000500000
v 0.002438210 -0.002648610 -0.000500000
v 0.002840910 -0.002211170 -0.000500000
v 0.003166110 -0.001713410 -0.000500000
v 0.003404940 -0.001168920 -0.000500000
v 0.003550900 -0.000592540 -0.000500000
v 0.003600000 0.000000000 -0.000500000
v 0.003550900 0.000592540 -0.000500000
v 0.003404940 0.001168920 -0.000500000
v 0.003166110 0.001713410 -0.000500000
v 0.002840910 0.002211170 -0.000500000
v 0.002438210 0.002648610 -0.000500000
v 0.001969010 0.003013800 -0.000500000
v 0.001446100 0.003296780 -0.000500000
v 0.000883750 0.003489840 -0.000500000
v 0.000297290 0.003587700 -0.000500000
v -0.000297290 0.003587700 -0.000500000
v -0.000883750 0.003489840 -0.000500000
v -0.001446100 0.003296780 -0.000500000
v -0.001969010 0.003013800 -0.000500000
v -0.002438210 0.002648610 -0.000500000
v -0.002840910 0.002211170 -0.000500000
v -0.003166110 0.001713410 -0.000500000
v -0.003404940 0.001168920 -0.000500000
v -0.003550900 0.000592540 -0.000500000
v -0.006660710 -0.051800000 0.002900000
v -0.007374280 -0.051800000 0.003527810
v -0.008021680 -0.051800000 0.004223660
v -0.008596440 -0.051800000 0.004980620
v -0.009092820 -0.051800000 0.005791130
v -0.009505890 -0.051800000 0.006647110
v -0.009831520 -0.051800000 0.007540020
v -0.010066460 -0.051800000 0.008460970
v -0.010208370 -0.051800000 0.009400750
v -0.010255830 -0.051800000 0.010350000
v -0.010208370 -0.051800000 0.011299250
v -0.010066460 -0.051800000 0.012239030
v -0.009831520 -0.051800000 0.013159980
v -0.009505890 -0.051800000 0.014052890
v -0.009092820 -0.051800000 0.014908870
v -0.008596440 -0.051800000 0.015719380
v -0.008021680 -0.051800000 0.016476340
v -0.007374280 -0.051800000 0.017172190
v -0.006660710 -0.051800000 0.017800000
v 0.006660710 -0.051800000 0.002900000
v 0.006646320 -0.051978050 0.002900000
v 0.006606050 -0.052159610 0.002900000
v 0.006544280 -0.052331190 0.002900000
v 0.006462600 -0.052486370 0.002900000
v 0.006237050 -0.052779200 0.002900000
v 0.005971030 -0.053016950 0.002900000
v 0.005662930 -0.053212210 0.002900000
v 0.005326350 -0.053373630 0.002900000
v 0.004992170 -0.053494860 0.002900000
v 0.004653870 -0.053586200 0.002900000
v 0.003937820 -0.053710450 0.002900000
v 0.003193630 -0.053773850 0.002900000
v 0.002450670 -0.053796880 0.002900000
v 0.001738320 -0.053800000 0.002900000
v -0.001738320 -0.053800000 0.002900000
v -0.002450670 -0.053796880 0.002900000
v -0.003193630 -0.053773850 0.002900000
v -0.003937820 -0.053710450 0.002900000
v -0.004653870 -0.053586200 0.002900000
v -0.004992170 -0.053494860 0.002900000
v -0.005326350 -0.053373630 0.002900000
v -0.005662930 -0.053212210 0.002900000
v -0.005971030 -0.053016950 0.002900000
v -0.006237050 -0.052779200 0.002900000
v -0.006462600 -0.052486370 0.002900000
v -0.006544280 -0.052331190 0.002900000
v -0.006606050 -0.052159610 0.002900000
v -0.006646320 -0.051978050 0.002900000
v 0.006660710 -0.051800000 0.017800000
v 0.007374280 -0.051800000 0.017172190
v 0.008021680 -0.051800000 0.016476340
v 0.008596440 -0.051800000 0.015719380
v 0.009092820 -0.051800000 0.014908870
v 0.009505890 -0.051800000 0.014052890
v 0.009831520 -0.051800000 0.013159980
v 0.010066460 -0.051800000 0.012239030
v 0.010208370 -0.051800000 0.011299250
v 0.010255830 -0.051800000 0.010350000
v 0.010208370 -0.051800000 0.009400750
v 0.010066460 -0.051800000 0.008460970
v 0.009831520 -0.051800000 0.007540020
v 0.009505890 -0.051800000 0.006647110
v 0.009092820 -0.051800000 0.005791130
v 0.008596440 -0.051800000 0.004980620
v 0.008021680 -0.051800000 0.004223660
v 0.007374280 -0.051800000 0.003527810
v -0.001738320 -0.053800000 0.017800000
v 0.001738320 -0.053800000 0.017800000
v 0.002450670 -0.053796880 0.017800000
v 0.003193630 -0.053773850 0.017800000
v 0.003937820 -0.053710450 0.017800000
v 0.004653870 -0.053586200 0.017800000
v 0.004992170 -0.053494860 0.017800000
v 0.005326350 -0.053373630 0.017800000
v 0.005662930 -0.053212210 0.017800000
v 0.005971030 -0.053016950 0.017800000
v 0.006237050 -0.052779200 0.017800000
v 0.006462600 -0.052486370 0.017800000
v 0.006544280 -0.052331190 0.017800000
v 0.006606050 -0.052159610 0.017800000
v 0.006646320 -0.051978050 0.017800000
v -0.006646320 -0.051978050 0.017800000
v -0.006606050 -0.052159610 0.017800000
v -0.006544280 -0.052331190 0.017800000
v -0.006462600 -0.052486370 0.017800000
v -0.006237050 -0.052779200 0.017800000
v -0.005971030 -0.053016950 0.017800000
v -0.005662930 -0.053212210 0.017800000
v -0.005326350 -0.053373630 0.017800000
v -0.004992170 -0.053494860 0.017800000
v -0.004653870 -0.053586200 0.017800000
v -0.003937820 -0.053710450 0.017800000
v -0.003193630 -0.053773850 0.017800000
v -0.002450670 -0.053796880 0.017800000
v 0.002586560 -0.053800000 0.003063860
v 0.003410400 -0.053800000 0.003323970
v 0.004198960 -0.053800000 0.003676890
v 0.004941810 -0.053800000 0.004117960
v 0.005629140 -0.053800000 0.004641360
v 0.006251880 -0.053800000 0.005240170
v 0.006801790 -0.053800000 0.005906480
v 0.007271620 -0.053800000 0.006631480
v 0.007655150 -0.053800000 0.007405610
v 0.007947320 -0.053800000 0.008218640
v 0.008144270 -0.053800000 0.009059810
v 0.008243400 -0.053800000 0.009918040
v 0.008243400 -0.053800000 0.010781960
v 0.008144270 -0.053800000 0.011640190
v 0.007947320 -0.053800000 0.012481360
v 0.007655150 -0.053800000 0.013294390
v 0.007271620 -0.053800000 0.014068520
v 0.006801790 -0.053800000 0.014793520
v 0.006251880 -0.053800000 0.015459830
v 0.005629140 -0.053800000 0.016058640
v 0.004941810 -0.053800000 0.016582040
v 0.004198960 -0.053800000 0.017023110
v 0.003410400 -0.053800000 0.017376030
v 0.002586560 -0.053800000 0.017636140
v -0.002586560 -0.053800000 0.017636140
v -0.003410400 -0.053800000 0.017376030
v -0.004198960 -0.053800000 0.017023110
v -0.004941810 -0.053800000 0.016582040
v -0.005629140 -0.053800000 0.016058640
v -0.006251880 -0.053800000 0.015459830
v -0.006801790 -0.053800000 0.014793520
v -0.007271620 -0.053800000 0.014068520
v -0.007655150 -0.053800000 0.013294390
v -0.007947320 -0.053800000 0.012481360
v -0.008144270 -0.053800000 0.011640190
v -0.008243400 -0.053800000 0.010781960
v -0.008243400 -0.053800000 0.009918040
v -0.008144270 -0.053800000 0.009059810
v -0.007947320 -0.053800000 0.008218640
v -0.007655150 -0.053800000 0.007405610
v -0.007271620 -0.053800000 0.006631480
v -0.006801790 -0.053800000 0.005906480
v -0.006251880 -0.053800000 0.005240170
v -0.005629140 -0.053800000 0.004641360
v -0.004941810 -0.053800000 0.004117960
v -0.004198960 -0.053800000 0.003676890
v -0.003410400 -0.053800000 0.003323970
v -0.002586560 -0.053800000 0.003063860
v 0.007104300 -0.053749860 0.005567330
v 0.008691090 -0.053749860 0.010744490
v 0.007104300 -0.053749860 0.015132670
v 0.004063440 -0.053749860 0.003115480
v 0.004976800 -0.053601940 0.003115260
v 0.004763150 -0.053749860 0.003480020
v 0.006081470 -0.053046980 0.003007490
v 0.005895150 -0.053363660 0.003263560
v 0.005672040 -0.053601940 0.003570200
v 0.005423340 -0.053749860 0.003912020
v 0.007038960 -0.052245040 0.003284030
v 0.006940520 -0.052667770 0.003394440
v 0.006781950 -0.053046980 0.003572290
v 0.006571200 -0.053363660 0.003808670
v 0.006318840 -0.053601940 0.004091720
v 0.006037530 -0.053749860 0.004407250
v 0.007707370 -0.052245040 0.003942250
v 0.007598490 -0.052667770 0.004042370
v 0.007423090 -0.053046980 0.004203650
v 0.007189990 -0.053363660 0.004418010
v 0.006910850 -0.053601940 0.004674690
v 0.006599690 -0.053749860 0.004960830
v 0.008307350 -0.052245040 0.004663380
v 0.008189100 -0.052667770 0.004752240
v 0.007998600 -0.053046980 0.004895370
v 0.007745420 -0.053363660 0.005085600
v 0.007442260 -0.053601940 0.005313400
v 0.008833020 -0.052245040 0.005440360
v 0.008706550 -0.052667770 0.005517070
v 0.008502820 -0.053046980 0.005640650
v 0.008232060 -0.053363660 0.005804890
v 0.007907830 -0.053601940 0.006001560
v 0.007546400 -0.053749860 0.006220800
v 0.009279200 -0.052245040 0.006265550
v 0.009145760 -0.052667770 0.006329370
v 0.008930810 -0.053046980 0.006432170
v 0.008645120 -0.053363660 0.006568810
v 0.008303020 -0.053601940 0.006732420
v 0.007921660 -0.053749860 0.006914810
v 0.009641530 -0.052245040 0.007130840
v 0.009502420 -0.052667770 0.007181140
v 0.009278350 -0.053046980 0.007262170
v 0.008980540 -0.053363660 0.007369860
v 0.008623920 -0.053601940 0.007498810
v 0.008226390 -0.053749860 0.007642560
v 0.009916430 -0.052245040 0.008027750
v 0.009773030 -0.052667770 0.008064040
v 0.009542030 -0.053046980 0.008122490
v 0.009235030 -0.053363660 0.008200180
v 0.008867400 -0.053601940 0.008293200
v 0.008457590 -0.053749860 0.008396900
v 0.010101210 -0.052245040 0.008947470
v 0.009954920 -0.052667770 0.008969380
v 0.009719280 -0.053046980 0.009004680
v 0.009406090 -0.053363660 0.009051600
v 0.009031060 -0.053601940 0.009107790
v 0.008613000 -0.053749860 0.009170420
v 0.010194050 -0.052245040 0.009880950
v 0.010046320 -0.052667770 0.009888280
v 0.009808340 -0.053046980 0.009900090
v 0.009492040 -0.053363660 0.009915780
v 0.009113300 -0.053601940 0.009934570
v 0.008691090 -0.053749860 0.009955510
v 0.010194050 -0.052245040 0.010819050
v 0.010046320 -0.052667770 0.010811720
v 0.009808340 -0.053046980 0.010799910
v 0.009492040 -0.053363660 0.010784220
v 0.009113300 -0.053601940 0.010765430
v 0.010101210 -0.052245040 0.011752530
v 0.009954920 -0.052667770 0.011730620
v 0.009719280 -0.053046980 0.011695320
v 0.009406090 -0.053363660 0.011648400
v 0.009031060 -0.053601940 0.011592210
v 0.008613000 -0.053749860 0.011529580
v 0.009916430 -0.052245040 0.012672250
v 0.009773030 -0.052667770 0.012635960
v 0.009542030 -0.053046980 0.012577510
v 0.009235030 -0.053363660 0.012499820
v 0.008867400 -0.053601940 0.012406800
v 0.008457590 -0.053749860 0.012303100
v 0.009641530 -0.052245040 0.013569160
v 0.009502420 -0.052667770 0.013518860
v 0.009278350 -0.053046980 0.013437830
v 0.008980540 -0.053363660 0.013330140
v 0.008623920 -0.053601940 0.013201190
v 0.008226390 -0.053749860 0.013057440
v 0.009279200 -0.052245040 0.014434450
v 0.009145760 -0.052667770 0.014370630
v 0.008930810 -0.053046980 0.014267830
v 0.008645120 -0.053363660 0.014131190
v 0.008303020 -0.053601940 0.013967580
v 0.007921660 -0.053749860 0.013785190
v 0.008833020 -0.052245040 0.015259640
v 0.008706550 -0.052667770 0.015182930
v 0.008502820 -0.053046980 0.015059350
v 0.008232060 -0.053363660 0.014895110
v 0.007907830 -0.053601940 0.014698440
v 0.007546400 -0.053749860 0.014479200
v 0.008307350 -0.052245040 0.016036620
v 0.008189100 -0.052667770 0.015947760
v 0.007998600 -0.053046980 0.015804630
v 0.007745420 -0.053363660 0.015614400
v 0.007442260 -0.053601940 0.015386600
v 0.007707370 -0.052245040 0.016757750
v 0.007598490 -0.052667770 0.016657630
v 0.007423090 -0.053046980 0.016496350
v 0.007189990 -0.053363660 0.016281990
v 0.006910850 -0.053601940 0.016025310
v 0.006599690 -0.053749860 0.015739170
v 0.007038960 -0.052245040 0.017415970
v 0.006940520 -0.052667770 0.017305560
v 0.006781950 -0.053046980 0.017127710
v 0.006571200 -0.053363660 0.016891330
v 0.006318840 -0.053601940 0.016608280
v 0.006037530 -0.053749860 0.016292750
v 0.006081470 -0.053046980 0.017692510
v 0.005895150 -0.053363660 0.017436440
v 0.005672040 -0.053601940 0.017129800
v 0.005423340 -0.053749860 0.016787980
v 0.004976800 -0.053601940 0.017584740
v 0.004763150 -0.053749860 0.017219980
v 0.004063440 -0.053749860 0.017584520
v -0.007104300 -0.053749860 0.015132670
v -0.008691090 -0.053749860 0.009955510
v -0.007104300 -0.053749860 0.005567330
v -0.004063440 -0.053749860 0.017584520
v -0.004976800 -0.053601940 0.017584740
v -0.004763150 -0.053749860 0.017219980
v -0.006081470 -0.053046980 0.017692510
v -0.005895150 -0.053363660 0.017436440
v -0.005672040 -0.053601940 0.017129800
v -0.005423340 -0.053749860 0.016787980
v -0.007038960 -0.052245040 0.017415970
v -0.006940520 -0.052667770 0.017305560
v -0.006781950 -0.053046980 0.017127710
v -0.006571200 -0.053363660 0.016891330
v -0.006318840 -0.053601940 0.016608280
v -0.006037530 -0.053749860 0.016292750
v -0.007707370 -0.052245040 0.016757750
v -0.007598490 -0.052667770 0.016657630
v -0.007423090 -0.053046980 0.016496350
v -0.007189990 -0.053363660 0.016281990
v -0.006910850 -0.053601940 0.016025310
v -0.006599690 -0.053749860 0.015739170
v -0.008307350 -0.052245040 0.016036620
v -0.008189100 -0.052667770 0.015947760
v -0.007998600 -0.053046980 0.015804630
v -0.007745420 -0.053363660 0.015614400
v -0.007442260 -0.053601940 0.015386600
v -0.008833020 -0.052245040 0.015259640
v -0.008706550 -0.052667770 0.015182930
v -0.008502820 -0.053046980 0.015059350
v -0.008232060 -0.053363660 0.014895110
v -0.007907830 -0.053601940 0.014698440
v -0.007546400 -0.053749860 0.014479200
v -0.009279200 -0.052245040 0.014434450
v -0.009145760 -0.052667770 0.014370630
v -0.008930810 -0.053046980 0.014267830
v -0.008645120 -0.053363660 0.014131190
v -0.008303020 -0.053601940 0.013967580
v -0.007921660 -0.053749860 0.013785190
v -0.009641530 -0.052245040 0.013569160
v -0.009502420 -0.052667770 0.013518860
v -0.009278350 -0.053046980 0.013437830
v -0.008980540 -0.053363660 0.013330140
v -0.008623920 -0.053601940 0.013201190
v -0.008226390 -0.053749860 0.013057440
v -0.009916430 -0.052245040 0.012672250
v -0.009773030 -0.052667770 0.012635960
v -0.009542030 -0.053046980 0.012577510
v -0.009235030 -0.053363660 0.012499820
v -0.008867400 -0.053601940 0.012406800
v -0.008457590 -0.053749860 0.012303100
v -0.010101210 -0.052245040 0.011752530
v -0.009954920 -0.052667770 0.011730620
v -0.009719280 -0.053046980 0.011695320
v -0.009406090 -0.053363660 0.011648400
v -0.009031060 -0.053601940 0.011592210
v -0.008613000 -0.053749860 0.011529580
v -0.010194050 -0.052245040 0.010819050
v -0.010046320 -0.052667770 0.010811720
v -0.009808340 -0.053046980 0.010799910
v -0.009492040 -0.053363660 0.010784220
v -0.009113300 -0.053601940 0.010765430
v -0.008691090 -0.053749860 0.010744490
v -0.010194050 -0.052245040 0.009880950
v -0.010046320 -0.052667770 0.009888280
v -0.009808340 -0.053046980 0.009900090
v -0.009492040 -0.053363660 0.009915780
v -0.009113300 -0.053601940 0.009934570
v -0.010101210 -0.052245040 0.008947470
v -0.009954920 -0.052667770 0.008969380
v -0.009719280 -0.053046980 0.009004680
v -0.009406090 -0.053363660 0.009051600
v -0.009031060 -0.053601940 0.009107790
v -0.008613000 -0.053749860 0.009170420
v -0.009916430 -0.052245040 0.008027750
v -0.009773030 -0.052667770 0.008064040
v -0.009542030 -0.053046980 0.008122490
v -0.009235030 -0.053363660 0.008200180
v -0.008867400 -0.053601940 0.008293200
v -0.008457590 -0.053749860 0.008396900
v -0.009641530 -0.052245040 0.007130840
v -0.009502420 -0.052667770 0.007181140
v -0.009278350 -0.053046980 0.007262170
v -0.008980540 -0.053363660 0.007369860
v -0.008623920 -0.053601940 0.007498810
v -0.008226390 -0.053749860 0.007642560
v -0.009279200 -0.052245040 0.006265550
v -0.009145760 -0.052667770 0.006329370
v -0.008930810 -0.053046980 0.006432170
v -0.008645120 -0.053363660 0.006568810
v -0.008303020 -0.053601940 0.006732420
v -0.007921660 -0.053749860 0.006914810
v -0.008833020 -0.052245040 0.005440360
v -0.008706550 -0.052667770 0.005517070
v -0.008502820 -0.053046980 0.005640650
v -0.008232060 -0.053363660 0.005804890
v -0.007907830 -0.053601940 0.006001560
v -0.007546400 -0.053749860 0.006220800
v -0.008307350 -0.052245040 0.004663380
v -0.008189100 -0.052667770 0.004752240
v -0.007998600 -0.053046980 0.004895370
v -0.007745420 -0.053363660 0.005085600
v -0.007442260 -0.053601940 0.005313400
v -0.007707370 -0.052245040 0.003942250
v -0.007598490 -0.052667770 0.004042370
v -0.007423090 -0.053046980 0.004203650
v -0.007189990 -0.053363660 0.004418010
v -0.006910850 -0.053601940 0.004674690
v -0.006599690 -0.053749860 0.004960830
v -0.007038960 -0.052245040 0.003284030
v -0.006940520 -0.052667770 0.003394440
v -0.006781950 -0.053046980 0.003572290
v -0.006571200 -0.053363660 0.003808670
v -0.006318840 -0.053601940 0.004091720
v -0.006037530 -0.053749860 0.004407250
v -0.006081470 -0.053046980 0.003007490
v -0.005895150 -0.053363660 0.003263560
v -0.005672040 -0.053601940 0.003570200
v -0.005423340 -0.053749860 0.003912020
v -0.004976800 -0.053601940 0.003115260
v -0.004763150 -0.053749860 0.003480020
v -0.004063440 -0.053749860 0.003115480
vt 0.265121 -0.051098 0.000000
vt 0.270000 0.000000 0.000000
vt -0.176812 -0.204052 0.000000
vt 0.265121 0.051098 0.000000
vt -0.212234 -0.166903 0.000000
vt 0.250659 0.100349 0.000000
vt 0.227138 0.145973 0.000000
vt 0.195408 0.186321 0.000000
vt 0.156615 0.219936 0.000000
vt 0.112162 0.245601 0.000000
vt 0.063655 0.262389 0.000000
vt 0.012847 0.269694 0.000000
vt -0.038425 0.267252 0.000000
vt -0.088308 0.255150 0.000000
vt -0.135000 0.233827 0.000000
vt -0.176812 0.204052 0.000000
vt -0.212234 0.166903 0.000000
vt -0.239986 -0.123721 0.000000
vt -0.239986 0.123721 0.000000
vt -0.259063 -0.076068 0.000000
vt -0.259063 0.076068 0.000000
vt -0.268777 -0.025665 0.000000
vt -0.268777 0.025665 0.000000
vt -0.135000 -0.233827 0.000000
vt 0.156615 -0.219936 0.000000
vt 0.195408 -0.186321 0.000000
vt 0.227138 -0.145973 0.000000
vt 0.112162 -0.245601 0.000000
vt -0.088308 -0.255150 0.000000
vt 0.063655 -0.262389 0.000000
vt -0.038425 -0.267252 0.000000
vt 0.012847 -0.269694 0.000000
vt 0.250659 -0.100349 0.000000
vt -0.265121 0.051098 0.000000
vt -0.270000 0.000000 0.000000
vt 0.176812 -0.204052 0.000000
vt -0.265121 -0.051098 0.000000
vt -0.250659 -0.100349 0.000000
vt -0.227138 -0.145973 0.000000
vt -0.195408 -0.186321 0.000000
vt -0.156615 -0.219936 0.000000
vt 0.135000 -0.233827 0.000000
vt -0.112162 -0.245601 0.000000
vt 0.088308 -0.255150 0.000000
vt -0.063655 -0.262389 0.000000
vt 0.038425 -0.267252 0.000000
vt -0.012847 -0.269694 0.000000
vt 0.212234 -0.166903 0.000000
vt -0.250659 0.100349 0.000000
vt -0.227138 0.145973 0.000000
vt -0.195408 0.186321 0.000000
vt -0.156615 0.219936 0.000000
vt -0.112162 0.245601 0.000000
vt -0.063655 0.262389 0.000000
vt -0.012847 0.269694 0.000000
vt 0.038425 0.267252 0.000000
vt 0.088308 0.255150 0.000000
vt 0.135000 0.233827 0.000000
vt 0.176812 0.204052 0.000000
vt 0.212234 0.166903 0.000000
vt 0.239986 -0.123721 0.000000
vt 0.239986 0.123721 0.000000
vt 0.259063 -0.076068 0.000000
vt 0.259063 0.076068 0.000000
vt 0.268777 -0.025665 0.000000
vt 0.268777 0.025665 0.000000
vt -0.000000 0.796822 0.000000
vt 0.940000 0.796822 0.000000
vt -0.000000 0.848230 0.000000
vt 0.940000 0.848230 0.000000
vt -0.000000 -0.848230 0.000000
vt 0.940000 -0.848230 0.000000
vt 0.000000 -0.796822 0.000000
vt 0.940000 -0.796822 0.000000
vt 0.000000 -0.745414 0.000000
vt 0.940000 -0.745414 0.000000
vt 0.000000 -0.694006 0.000000
vt 0.940000 -0.694006 0.000000
vt 0.000000 -0.642598 0.000000
vt 0.940000 -0.642598 0.000000
vt 0.000000 -0.591191 0.000000
vt 0.940000 -0.591191 0.000000
vt 0.000000 -0.539783 0.000000
vt 0.940000 -0.539783 0.000000
vt 0.000000 -0.488375 0.000000
vt 0.940000 -0.488375 0.000000
vt 0.000000 -0.436967 0.000000
vt 0.940000 -0.436967 0.000000
vt 0.000000 -0.385559 0.000000
vt 0.940000 -0.385559 0.000000
vt 0.000000 -0.334151 0.000000
vt 0.940000 -0.334151 0.000000
vt 0.000000 -0.282743 0.000000
vt 0.940000 -0.282743 0.000000
vt 0.000000 -0.231335 0.000000
vt 0.940000 -0.231335 0.000000
vt 0.000000 -0.179928 0.000000
vt 0.940000 -0.179928 0.000000
vt 0.000000 -0.128520 0.000000
vt 0.940000 -0.128520 0.000000
vt 0.000000 -0.077112 0.000000
vt 0.940000 -0.077112 0.000000
vt 0.000000 -0.025704 0.000000
vt 0.940000 -0.025704 0.000000
vt 0.000000 0.025704 0.000000
vt 0.940000 0.025704 0.000000
vt 0.000000 0.077112 0.000000
vt 0.940000 0.077112 0.000000
vt 0.000000 0.128520 0.000000
vt 0.940000 0.128520 0.000000
vt 0.000000 0.179928 0.000000
vt 0.940000 0.179928 0.000000
vt 0.000000 0.231335 0.000000
vt 0.940000 0.231335 0.000000
vt 0.000000 0.282743 0.000000
vt 0.940000 0.282743 0.000000
vt 0.000000 0.334151 0.000000
vt 0.940000 0.334151 0.000000
vt 0.000000 0.385559 0.000000
vt 0.940000 0.385559 0.000000
vt -0.000000 0.436967 0.000000
vt 0.940000 0.436967 0.000000
vt -0.000000 0.488375 0.000000
vt 0.940000 0.488375 0.000000
vt -0.000000 0.539783 0.000000
vt 0.940000 0.539783 0.000000
vt -0.000000 0.591191 0.000000
vt 0.940000 0.591191 0.000000
vt -0.000000 0.642598 0.000000
vt 0.940000 0.642598 0.000000
vt -0.000000 0.694006 0.000000
vt 0.940000 0.694006 0.000000
vt -0.000000 0.745414 0.000000
vt 0.940000 0.745414 0.000000
vt 1.880000 -0.796822 0.000000
vt 1.880000 -0.848230 0.000000
vt 1.880000 0.848230 0.000000
vt 1.880000 0.796822 0.000000
vt 1.880000 0.745414 0.000000
vt 1.880000 0.694006 0.000000
vt 1.880000 0.642598 0.000000
vt 1.880000 0.591191 0.000000
vt 1.880000 0.539783 0.000000
vt 1.880000 0.488375 0.000000
vt 1.880000 0.436967 0.000000
vt 1.880000 0.385559 0.000000
vt 1.880000 0.334151 0.000000
vt 1.880000 0.282743 0.000000
vt 1.880000 0.231335 0.000000
vt 1.880000 0.179928 0.000000
vt 1.880000 0.128520 0.000000
vt 1.880000 0.077112 0.000000
vt 1.880000 0.025704 0.000000
vt 1.880000 -0.025704 0.000000
vt 1.880000 -0.077112 0.000000
vt 1.880000 -0.128520 0.000000
vt 1.880000 -0.179928 0.000000
vt 1.880000 -0.231335 0.000000
vt 1.880000 -0.282743 0.000000
vt 1.880000 -0.334151 0.000000
vt 1.880000 -0.385559 0.000000
vt 1.880000 -0.436967 0.000000
vt 1.880000 -0.488375 0.000000
vt 1.880000 -0.539783 0.000000
vt 1.880000 -0.591191 0.000000
vt 1.880000 -0.642598 0.000000
vt 1.880000 -0.694006 0.000000
vt 1.880000 -0.745414 0.000000
vt -0.790000 -0.621141 0.000000
vt 0.000000 -0.621141 0.000000
vt -0.890000 -0.591191 0.000000
vt -0.000000 -0.571885 0.000000
vt -0.890000 -0.539783 0.000000
vt -0.000000 -0.522628 0.000000
vt -0.890000 -0.488375 0.000000
vt -0.000000 -0.473372 0.000000
vt -0.890000 -0.436967 0.000000
vt -0.000000 -0.424115 0.000000
vt -0.890000 -0.385559 0.000000
vt -0.000000 -0.374858 0.000000
vt -0.890000 -0.334151 0.000000
vt -0.000000 -0.325602 0.000000
vt -0.890000 -0.282743 0.000000
vt -0.000000 -0.276345 0.000000
vt -0.890000 -0.231335 0.000000
vt -0.000000 -0.227089 0.000000
vt -0.790000 -0.227089 0.000000
vt -0.890000 -0.179928 0.000000
vt -0.790000 -0.176624 0.000000
vt -0.890000 -0.128520 0.000000
vt -0.790000 -0.126160 0.000000
vt -0.890000 -0.077112 0.000000
vt -0.790000 -0.075696 0.000000
vt -0.890000 -0.025704 0.000000
vt -0.790000 -0.025232 0.000000
vt -0.790000 0.025232 0.000000
vt -0.890000 0.025704 0.000000
vt -0.790000 0.075696 0.000000
vt -0.890000 0.077112 0.000000
vt -0.790000 0.126160 0.000000
vt -0.890000 0.128520 0.000000
vt -0.790000 0.176624 0.000000
vt -0.890000 0.179928 0.000000
vt -0.790000 0.227089 0.000000
vt -0.890000 0.231335 0.000000
vt 0.000000 0.227089 0.000000
vt -0.000000 0.276345 0.000000
vt -0.890000 0.282743 0.000000
vt -0.000000 0.325602 0.000000
vt -0.890000 0.334151 0.000000
vt -0.000000 0.374858 0.000000
vt -0.890000 0.385559 0.000000
vt -0.000000 0.424115 0.000000
vt -0.890000 0.436967 0.000000
vt -0.000000 0.473372 0.000000
vt -0.890000 0.488375 0.000000
vt -0.000000 0.522628 0.000000
vt -0.890000 0.539783 0.000000
vt -0.000000 0.571885 0.000000
vt -0.890000 0.591191 0.000000
vt -0.000000 0.621141 0.000000
vt -0.790000 0.621141 0.000000
vt -0.890000 0.642598 0.000000
vt -0.790000 0.671606 0.000000
vt -0.890000 0.694006 0.000000
vt -0.790000 0.722070 0.000000
vt -0.890000 0.745414 0.000000
vt -0.790000 0.772534 0.000000
vt -0.890000 0.796822 0.000000
vt -0.790000 0.822998 0.000000
vt -0.890000 0.848230 0.000000
vt -0.890000 -0.848230 0.000000
vt -0.790000 -0.873462 0.000000
vt -0.790000 -0.822998 0.000000
vt -0.890000 -0.796822 0.000000
vt -0.790000 -0.772534 0.000000
vt -0.890000 -0.745414 0.000000
vt -0.790000 -0.722070 0.000000
vt -0.890000 -0.694006 0.000000
vt -0.790000 -0.671606 0.000000
vt -0.890000 -0.642598 0.000000
vt -0.180000 0.201246 0.000000
vt -0.180000 -0.201246 0.000000
vt -0.140503 0.230562 0.000000
vt -0.140503 -0.230562 0.000000
vt -0.096342 0.252227 0.000000
vt -0.096342 -0.252227 0.000000
vt -0.048984 0.265519 0.000000
vt -0.048984 -0.265519 0.000000
vt 0.000000 0.270000 0.000000
vt -0.000000 -0.270000 0.000000
vt 0.048984 -0.265519 0.000000
vt 0.048984 0.265519 0.000000
vt 0.096342 -0.252227 0.000000
vt 0.096342 0.252227 0.000000
vt 0.140503 -0.230562 0.000000
vt 0.140503 0.230562 0.000000
vt 0.180000 -0.201246 0.000000
vt 0.180000 0.201246 0.000000
vt -0.890000 0.796822 0.000000
vt -0.790000 0.822998 0.000000
vt -0.890000 0.848230 0.000000
vt -0.890000 -0.848230 0.000000
vt -0.790000 -0.873462 0.000000
vt -0.790000 -0.822998 0.000000
vt -0.890000 -0.796822 0.000000
vt -0.790000 -0.772534 0.000000
vt -0.890000 -0.745414 0.000000
vt -0.790000 -0.722070 0.000000
vt -0.890000 -0.694006 0.000000
vt -0.790000 -0.671606 0.000000
vt -0.890000 -0.642598 0.000000
vt -0.790000 -0.621141 0.000000
vt -0.890000 -0.591191 0.000000
vt -0.000000 -0.621141 0.000000
vt -0.000000 -0.571885 0.000000
vt -0.790000 0.772534 0.000000
vt -0.890000 0.745414 0.000000
vt -0.790000 0.722070 0.000000
vt -0.890000 0.694006 0.000000
vt -0.790000 0.671606 0.000000
vt -0.890000 0.642598 0.000000
vt -0.790000 0.621141 0.000000
vt -0.890000 0.591191 0.000000
vt 0.000000 0.621141 0.000000
vt 0.000000 0.571885 0.000000
vt -0.890000 0.539783 0.000000
vt 0.000000 0.522628 0.000000
vt -0.890000 0.488375 0.000000
vt 0.000000 0.473372 0.000000
vt -0.890000 0.436967 0.000000
vt 0.000000 0.424115 0.000000
vt -0.890000 0.385559 0.000000
vt -0.000000 0.374858 0.000000
vt -0.890000 0.334151 0.000000
vt -0.000000 0.325602 0.000000
vt -0.890000 0.282743 0.000000
vt -0.000000 0.276345 0.000000
vt -0.890000 0.231335 0.000000
vt -0.000000 0.227089 0.000000
vt -0.790000 0.227089 0.000000
vt -0.890000 0.179928 0.000000
vt -0.790000 0.176624 0.000000
vt -0.890000 0.128520 0.000000
vt -0.790000 0.126160 0.000000
vt -0.890000 0.077112 0.000000
vt -0.790000 0.075696 0.000000
vt -0.890000 0.025704 0.000000
vt -0.790000 0.025232 0.000000
vt -0.890000 -0.025704 0.000000
vt -0.790000 -0.025232 0.000000
vt -0.790000 -0.075696 0.000000
vt -0.890000 -0.077112 0.000000
vt -0.790000 -0.126160 0.000000
vt -0.890000 -0.128520 0.000000
vt -0.790000 -0.176624 0.000000
vt -0.890000 -0.179928 0.000000
vt -0.790000 -0.227089 0.000000
vt -0.890000 -0.231335 0.000000
vt -0.000000 -0.227089 0.000000
vt -0.000000 -0.276345 0.000000
vt -0.890000 -0.282743 0.000000
vt -0.000000 -0.325602 0.000000
vt -0.890000 -0.334151 0.000000
vt -0.000000 -0.374858 0.000000
vt -0.890000 -0.385559 0.000000
vt -0.000000 -0.424115 0.000000
vt -0.890000 -0.436967 0.000000
vt -0.000000 -0.473372 0.000000
vt -0.890000 -0.488375 0.000000
vt -0.000000 -0.522628 0.000000
vt -0.890000 -0.539783 0.000000
vt -0.180000 0.201246 0.000000
vt -0.180000 -0.201246 0.000000
vt -0.140503 0.230562 0.000000
vt -0.140503 -0.230562 0.000000
vt -0.096342 0.252227 0.000000
vt -0.096342 -0.252227 0.000000
vt -0.048984 0.265519 0.000000
vt -0.048984 -0.265519 0.000000
vt 0.000000 0.270000 0.000000
vt -0.000000 -0.270000 0.000000
vt 0.048984 -0.265519 0.000000
vt 0.048984 0.265519 0.000000
vt 0.096342 -0.252227 0.000000
vt 0.096342 0.252227 0.000000
vt 0.140503 -0.230562 0.000000
vt 0.140503 0.230562 0.000000
vt 0.180000 -0.201246 0.000000
vt 0.180000 0.201246 0.000000
vt 1.690000 1.825000 0.000000
vt 1.690000 0.425000 0.000000
vt 1.830000 0.050000 0.000000
vt 1.631136 0.352517 0.000000
vt 1.566074 0.285540 0.000000
vt 1.495328 0.224599 0.000000
vt 1.419455 0.170173 0.000000
vt 1.339054 0.122691 0.000000
vt 1.254759 0.082528 0.000000
vt 1.167233 0.050000 0.000000
vt 1.830000 2.200000 0.000000
vt 1.631136 1.897483 0.000000
vt 1.566074 1.964460 0.000000
vt 1.495328 2.025401 0.000000
vt 1.419455 2.079827 0.000000
vt 1.339054 2.127309 0.000000
vt 1.254759 2.167472 0.000000
vt 1.167233 2.200000 0.000000
vt -0.000000 1.825000 0.000000
vt 0.058864 1.897483 0.000000
vt -0.000000 2.200000 0.000000
vt 0.123926 1.964460 0.000000
vt 0.194672 2.025401 0.000000
vt 0.270545 2.079827 0.000000
vt 0.350946 2.127309 0.000000
vt 0.435241 2.167472 0.000000
vt 0.522767 2.200000 0.000000
vt -1.830000 -3.730000 0.000000
vt -0.880000 -3.730000 0.000000
vt -1.830000 -0.300000 0.000000
vt -0.880000 -0.300000 0.000000
vt 0.880000 0.050000 0.000000
vt 1.830000 0.050000 0.000000
vt 0.880000 3.480000 0.000000
vt 1.830000 3.480000 0.000000
vt -1.830000 -0.942478 0.000000
vt -0.940000 -0.994838 0.000000
vt -0.880000 -0.942478 0.000000
vt -0.050000 -0.994838 0.000000
vt -0.050000 -0.942478 0.000000
vt -1.830000 -0.994838 0.000000
vt -0.940000 -1.047198 0.000000
vt -0.050000 -1.047198 0.000000
vt -0.050000 -1.099557 0.000000
vt -0.940000 -1.099557 0.000000
vt -0.050000 -1.151917 0.000000
vt -0.940000 -1.151917 0.000000
vt -0.050000 -1.204277 0.000000
vt -0.940000 -1.204277 0.000000
vt -0.050000 -1.256637 0.000000
vt -0.940000 -1.256637 0.000000
vt -0.050000 -1.308997 0.000000
vt -0.940000 -1.308997 0.000000
vt -0.050000 -1.361357 0.000000
vt -0.940000 -1.361357 0.000000
vt -0.880000 -1.413717 0.000000
vt -1.830000 -1.413717 0.000000
vt -1.830000 -1.361357 0.000000
vt -1.830000 -1.308997 0.000000
vt -1.830000 -1.256637 0.000000
vt -1.830000 -1.204277 0.000000
vt -1.830000 -1.151917 0.000000
vt -1.830000 -1.099557 0.000000
vt -1.830000 -1.047198 0.000000
vt -0.050000 -1.413717 0.000000
vt -0.880000 -0.300000 0.000000
vt -1.830000 -0.300000 0.000000
vt -0.880000 -1.950000 0.000000
vt -1.830000 -1.950000 0.000000
vt -1.830000 0.471239 0.000000
vt -0.940000 0.418879 0.000000
vt -0.880000 0.471239 0.000000
vt -0.050000 0.418879 0.000000
vt -0.050000 0.471239 0.000000
vt -1.830000 0.418879 0.000000
vt -0.940000 0.366519 0.000000
vt -0.050000 0.366519 0.000000
vt -0.050000 0.314159 0.000000
vt -0.940000 0.314159 0.000000
vt -0.050000 0.261799 0.000000
vt -0.940000 0.261799 0.000000
vt -0.050000 0.209440 0.000000
vt -0.940000 0.209440 0.000000
vt -0.050000 0.157080 0.000000
vt -0.940000 0.157080 0.000000
vt -0.050000 0.104720 0.000000
vt -0.940000 0.104720 0.000000
vt -0.050000 0.052360 0.000000
vt -0.940000 0.052360 0.000000
vt -0.880000 0.000000 0.000000
vt -1.830000 0.000000 0.000000
vt -1.830000 0.052360 0.000000
vt -1.830000 0.104720 0.000000
vt -1.830000 0.157080 0.000000
vt -1.830000 0.209440 0.000000
vt -1.830000 0.261799 0.000000
vt -1.830000 0.314159 0.000000
vt -1.830000 0.366519 0.000000
vt -0.050000 0.000000 0.000000
vt -0.873773 1.065196 0.000000
vt -1.075000 0.820000 0.000000
vt -0.825000 1.070000 0.000000
vt -0.360000 0.000000 0.000000
vt -0.355090 0.059254 0.000000
vt -0.920671 1.050970 0.000000
vt -0.963893 1.027867 0.000000
vt -1.001777 0.996777 0.000000
vt -1.032867 0.958893 0.000000
vt -1.055970 0.915671 0.000000
vt -1.070196 0.868773 0.000000
vt -1.075000 -2.660000 0.000000
vt -1.023817 -2.041200 0.000000
vt -1.014466 -2.004781 0.000000
vt -0.996353 -1.971832 0.000000
vt -0.700000 -2.660000 0.000000
vt -0.865581 -2.209704 0.000000
vt -0.903107 -2.207343 0.000000
vt -0.938867 -2.195724 0.000000
vt -0.700000 -3.760000 0.000000
vt 0.700000 -3.760000 0.000000
vt 0.700000 -2.660000 0.000000
vt -0.725000 -2.060000 0.000000
vt 0.726183 -2.078800 0.000000
vt 0.726183 -2.041200 0.000000
vt 1.075000 -2.660000 0.000000
vt 0.884419 -2.209704 0.000000
vt 0.846893 -2.207343 0.000000
vt 0.811133 -2.195724 0.000000
vt 1.075000 0.820000 0.000000
vt 1.025000 -2.060000 0.000000
vt 1.020287 -2.097303 0.000000
vt 1.006446 -2.132263 0.000000
vt 1.070196 0.868773 0.000000
vt 1.055970 0.915671 0.000000
vt 1.032867 0.958893 0.000000
vt 1.001777 0.996777 0.000000
vt 0.963893 1.027867 0.000000
vt 0.920671 1.050970 0.000000
vt 0.873773 1.065196 0.000000
vt 0.825000 1.070000 0.000000
vt 0.360000 0.000000 0.000000
vt 0.355090 -0.059254 0.000000
vt 0.029729 0.358770 0.000000
vt 0.088375 0.348984 0.000000
vt 0.144610 0.329678 0.000000
vt -0.729713 -2.097303 0.000000
vt -0.743554 -2.132263 0.000000
vt -0.765655 -2.162682 0.000000
vt -0.794626 -2.186649 0.000000
vt -0.828647 -2.202658 0.000000
vt -0.970614 -2.175577 0.000000
vt -0.996353 -2.148168 0.000000
vt -1.014466 -2.115219 0.000000
vt -1.023817 -2.078800 0.000000
vt -0.970614 -1.944423 0.000000
vt -0.938867 -1.924276 0.000000
vt -0.903107 -1.912657 0.000000
vt -0.355090 -0.059254 0.000000
vt -0.865581 -1.910296 0.000000
vt -0.340494 -0.116892 0.000000
vt -0.828647 -1.917342 0.000000
vt -0.794626 -1.933351 0.000000
vt -0.316611 -0.171341 0.000000
vt -0.765655 -1.957318 0.000000
vt -0.284091 -0.221117 0.000000
vt -0.743554 -1.987737 0.000000
vt -0.243821 -0.264861 0.000000
vt -0.729713 -2.022697 0.000000
vt -0.196901 -0.301380 0.000000
vt -0.144610 -0.329678 0.000000
vt -0.088375 -0.348984 0.000000
vt -0.029729 -0.358770 0.000000
vt 0.029729 -0.358770 0.000000
vt 0.088375 -0.348984 0.000000
vt 0.144610 -0.329678 0.000000
vt 0.735534 -2.004781 0.000000
vt 0.196901 -0.301380 0.000000
vt 0.243821 -0.264861 0.000000
vt 0.753647 -1.971832 0.000000
vt 0.284091 -0.221117 0.000000
vt 0.316611 -0.171341 0.000000
vt 0.779386 -1.944423 0.000000
vt 0.811133 -1.924276 0.000000
vt 0.340494 -0.116892 0.000000
vt 0.846893 -1.912657 0.000000
vt 0.884419 -1.910296 0.000000
vt 0.921353 -1.917342 0.000000
vt 0.955374 -1.933351 0.000000
vt -0.340494 0.116892 0.000000
vt -0.316611 0.171341 0.000000
vt -0.284091 0.221117 0.000000
vt -0.243821 0.264861 0.000000
vt -0.196901 0.301380 0.000000
vt -0.144610 0.329678 0.000000
vt -0.088375 0.348984 0.000000
vt -0.029729 0.358770 0.000000
vt 0.196901 0.301380 0.000000
vt 0.243821 0.264861 0.000000
vt 0.284091 0.221117 0.000000
vt 0.316611 0.171341 0.000000
vt 0.340494 0.116892 0.000000
vt 0.355090 0.059254 0.000000
vt 0.984345 -2.162682 0.000000
vt 0.955374 -2.186649 0.000000
vt 0.921353 -2.202658 0.000000
vt 0.779386 -2.175577 0.000000
vt 0.753647 -2.148168 0.000000
vt 0.735534 -2.115219 0.000000
vt 0.984345 -1.957318 0.000000
vt 1.006446 -1.987737 0.000000
vt 1.020287 -2.022697 0.000000
vt -0.825000 1.070000 0.000000
vt 0.029729 0.358770 0.000000
vt 0.825000 1.070000 0.000000
vt 0.088375 0.348984 0.000000
vt 0.144610 0.329678 0.000000
vt -0.873773 1.065196 0.000000
vt -1.075000 0.820000 0.000000
vt -0.355090 0.059254 0.000000
vt -0.340494 0.116892 0.000000
vt -0.920671 1.050970 0.000000
vt -0.963893 1.027867 0.000000
vt -1.001777 0.996777 0.000000
vt -1.032867 0.958893 0.000000
vt -1.055970 0.915671 0.000000
vt -1.070196 0.868773 0.000000
vt -1.075000 -2.610000 0.000000
vt -1.025000 -2.060000 0.000000
vt -1.020287 -2.022697 0.000000
vt -1.006446 -1.987737 0.000000
vt 1.075000 -2.610000 0.000000
vt 0.765655 -2.162682 0.000000
vt -0.753647 -2.148168 0.000000
vt -0.779386 -2.175577 0.000000
vt 1.075000 0.820000 0.000000
vt 1.023817 -2.041200 0.000000
vt 1.023817 -2.078800 0.000000
vt 1.014466 -2.115219 0.000000
vt 1.070196 0.868773 0.000000
vt 1.055970 0.915671 0.000000
vt 1.032867 0.958893 0.000000
vt 1.001777 0.996777 0.000000
vt 0.963893 1.027867 0.000000
vt 0.920671 1.050970 0.000000
vt 0.873773 1.065196 0.000000
vt 0.355090 0.059254 0.000000
vt 0.360000 0.000000 0.000000
vt -0.984345 -1.957318 0.000000
vt -0.955374 -1.933351 0.000000
vt -0.921353 -1.917342 0.000000
vt -0.884419 -1.910296 0.000000
vt -0.340494 -0.116892 0.000000
vt -0.355090 -0.059254 0.000000
vt -0.360000 0.000000 0.000000
vt -0.316611 -0.171341 0.000000
vt -0.846893 -1.912657 0.000000
vt -0.811133 -1.924276 0.000000
vt -0.284091 -0.221117 0.000000
vt -0.779386 -1.944423 0.000000
vt -0.243821 -0.264861 0.000000
vt -0.753647 -1.971832 0.000000
vt -0.196901 -0.301380 0.000000
vt -0.144610 -0.329678 0.000000
vt -0.735534 -2.004781 0.000000
vt -0.088375 -0.348984 0.000000
vt -0.029729 -0.358770 0.000000
vt -0.726183 -2.041200 0.000000
vt 0.029729 -0.358770 0.000000
vt 0.729713 -2.022697 0.000000
vt 0.088375 -0.348984 0.000000
vt 0.743554 -1.987737 0.000000
vt 0.144610 -0.329678 0.000000
vt 0.196901 -0.301380 0.000000
vt 0.765655 -1.957318 0.000000
vt 0.243821 -0.264861 0.000000
vt 0.794626 -1.933351 0.000000
vt 0.284091 -0.221117 0.000000
vt 0.828647 -1.917342 0.000000
vt 0.316611 -0.171341 0.000000
vt 0.865581 -1.910296 0.000000
vt 0.340494 -0.116892 0.000000
vt 0.903107 -1.912657 0.000000
vt 0.355090 -0.059254 0.000000
vt 0.938867 -1.924276 0.000000
vt 0.970614 -1.944423 0.000000
vt 0.996353 -1.971832 0.000000
vt 0.725000 -2.060000 0.000000
vt -0.726183 -2.078800 0.000000
vt 0.729713 -2.097303 0.000000
vt -0.735534 -2.115219 0.000000
vt 0.743554 -2.132263 0.000000
vt -0.811133 -2.195724 0.000000
vt -0.846893 -2.207343 0.000000
vt -0.884419 -2.209704 0.000000
vt -0.921353 -2.202658 0.000000
vt -0.955374 -2.186649 0.000000
vt -0.984345 -2.162682 0.000000
vt -1.006446 -2.132263 0.000000
vt -1.020287 -2.097303 0.000000
vt 1.014466 -2.004781 0.000000
vt 0.996353 -2.148168 0.000000
vt 0.970614 -2.175577 0.000000
vt 0.938867 -2.195724 0.000000
vt 0.903107 -2.207343 0.000000
vt 0.865581 -2.209704 0.000000
vt 0.828647 -2.202658 0.000000
vt 0.794626 -2.186649 0.000000
vt -0.316611 0.171341 0.000000
vt -0.284091 0.221117 0.000000
vt -0.243821 0.264861 0.000000
vt -0.196901 0.301380 0.000000
vt -0.144610 0.329678 0.000000
vt -0.088375 0.348984 0.000000
vt -0.029729 0.358770 0.000000
vt 0.196901 0.301380 0.000000
vt 0.243821 0.264861 0.000000
vt 0.284091 0.221117 0.000000
vt 0.316611 0.171341 0.000000
vt 0.340494 0.116892 0.000000
vt -0.880000 -3.730000 0.000000
vt -0.050000 -3.730000 0.000000
vt -0.880000 -0.300000 0.000000
vt -0.050000 -0.300000 0.000000
vt -0.000000 0.425000 0.000000
vt -0.000000 0.050000 0.000000
vt 0.058864 0.352517 0.000000
vt 0.123926 0.285540 0.000000
vt 0.194672 0.224599 0.000000
vt 0.270545 0.170173 0.000000
vt 0.350946 0.122691 0.000000
vt 0.435241 0.082528 0.000000
vt 0.522767 0.050000 0.000000
vt 0.050000 0.050000 0.000000
vt 0.880000 0.050000 0.000000
vt 0.050000 3.480000 0.000000
vt 0.880000 3.480000 0.000000
vt -0.880000 -1.950000 0.000000
vt -0.050000 -1.950000 0.000000
vt -0.880000 -0.300000 0.000000
vt -0.050000 -0.300000 0.000000
vt 0.000000 0.433540 0.000000
vt 0.626667 0.433540 0.000000
vt -0.000000 0.471239 0.000000
vt 0.626667 0.471239 0.000000
vt -0.000000 -0.471239 0.000000
vt 0.626667 -0.471239 0.000000
vt 0.000000 -0.433540 0.000000
vt 0.626667 -0.433540 0.000000
vt 0.000000 -0.395841 0.000000
vt 0.626667 -0.395841 0.000000
vt 0.000000 -0.358142 0.000000
vt 0.626667 -0.358142 0.000000
vt 0.000000 -0.320442 0.000000
vt 0.626667 -0.320442 0.000000
vt 0.000000 -0.282743 0.000000
vt 0.626667 -0.282743 0.000000
vt 0.000000 -0.245044 0.000000
vt 0.626667 -0.245044 0.000000
vt 0.000000 -0.207345 0.000000
vt 0.626667 -0.207345 0.000000
vt 0.000000 -0.169646 0.000000
vt 0.626667 -0.169646 0.000000
vt 0.000000 -0.131947 0.000000
vt 0.626667 -0.131947 0.000000
vt 0.000000 -0.094248 0.000000
vt 0.626667 -0.094248 0.000000
vt 0.000000 -0.056549 0.000000
vt 0.626667 -0.056549 0.000000
vt 0.000000 -0.018850 0.000000
vt 0.626667 -0.018850 0.000000
vt 0.000000 0.018850 0.000000
vt 0.626667 0.018850 0.000000
vt 0.000000 0.056549 0.000000
vt 0.626667 0.056549 0.000000
vt 0.000000 0.094248 0.000000
vt 0.626667 0.094248 0.000000
vt 0.000000 0.131947 0.000000
vt 0.626667 0.131947 0.000000
vt 0.000000 0.169646 0.000000
vt 0.626667 0.169646 0.000000
vt 0.000000 0.207345 0.000000
vt 0.626667 0.207345 0.000000
vt 0.000000 0.245044 0.000000
vt 0.626667 0.245044 0.000000
vt -0.000000 0.282743 0.000000
vt 0.626667 0.282743 0.000000
vt -0.000000 0.320442 0.000000
vt 0.626667 0.320442 0.000000
vt 0.000000 0.358142 0.000000
vt 0.626667 0.358142 0.000000
vt 0.000000 0.395841 0.000000
vt 0.626667 0.395841 0.000000
vt 1.880000 -0.433540 0.000000
vt 1.253333 -0.433540 0.000000
vt 1.880000 -0.471239 0.000000
vt 1.253333 -0.471239 0.000000
vt 1.880000 0.471239 0.000000
vt 1.253333 0.471239 0.000000
vt 1.880000 0.433540 0.000000
vt 1.253333 0.433540 0.000000
vt 1.880000 0.395841 0.000000
vt 1.253333 0.395841 0.000000
vt 1.880000 0.358142 0.000000
vt 1.253333 0.358142 0.000000
vt 1.880000 0.320442 0.000000
vt 1.253333 0.320442 0.000000
vt 1.880000 0.282743 0.000000
vt 1.253333 0.282743 0.000000
vt 1.880000 0.245044 0.000000
vt 1.253333 0.245044 0.000000
vt 1.880000 0.207345 0.000000
vt 1.253333 0.207345 0.000000
vt 1.880000 0.169646 0.000000
vt 1.253333 0.169646 0.000000
vt 1.880000 0.131947 0.000000
vt 1.253333 0.131947 0.000000
vt 1.880000 0.094248 0.000000
vt 1.253333 0.094248 0.000000
vt 1.880000 0.056549 0.000000
vt 1.253333 0.056549 0.000000
vt 1.880000 0.018850 0.000000
vt 1.253333 0.018850 0.000000
vt 1.880000 -0.018850 0.000000
vt 1.253333 -0.018850 0.000000
vt 1.880000 -0.056549 0.000000
vt 1.253333 -0.056549 0.000000
vt 1.880000 -0.094248 0.000000
vt 1.253333 -0.094248 0.000000
vt 1.880000 -0.131947 0.000000
vt 1.253333 -0.131947 0.000000
vt 1.880000 -0.169646 0.000000
vt 1.253333 -0.169646 0.000000
vt 1.880000 -0.207345 0.000000
vt 1.253333 -0.207345 0.000000
vt 1.880000 -0.245044 0.000000
vt 1.253333 -0.245044 0.000000
vt 1.880000 -0.282743 0.000000
vt 1.253333 -0.282743 0.000000
vt 1.880000 -0.320442 0.000000
vt 1.253333 -0.320442 0.000000
vt 1.880000 -0.358142 0.000000
vt 1.253333 -0.358142 0.000000
vt 1.880000 -0.395841 0.000000
vt 1.253333 -0.395841 0.000000
vt 0.000000 0.433540 0.000000
vt 0.626667 0.433540 0.000000
vt -0.000000 0.471239 0.000000
vt 0.626667 0.471239 0.000000
vt -0.000000 -0.471239 0.000000
vt 0.626667 -0.471239 0.000000
vt 0.000000 -0.433540 0.000000
vt 0.626667 -0.433540 0.000000
vt 0.000000 -0.395841 0.000000
vt 0.626667 -0.395841 0.000000
vt 0.000000 -0.358142 0.000000
vt 0.626667 -0.358142 0.000000
vt 0.000000 -0.320442 0.000000
vt 0.626667 -0.320442 0.000000
vt 0.000000 -0.282743 0.000000
vt 0.626667 -0.282743 0.000000
vt 0.000000 -0.245044 0.000000
vt 0.626667 -0.245044 0.000000
vt 0.000000 -0.207345 0.000000
vt 0.626667 -0.207345 0.000000
vt 0.000000 -0.169646 0.000000
vt 0.626667 -0.169646 0.000000
vt 0.000000 -0.131947 0.000000
vt 0.626667 -0.131947 0.000000
vt 0.000000 -0.094248 0.000000
vt 0.626667 -0.094248 0.000000
vt 0.000000 -0.056549 0.000000
vt 0.626667 -0.056549 0.000000
vt 0.000000 -0.018850 0.000000
vt 0.626667 -0.018850 0.000000
vt 0.000000 0.018850 0.000000
vt 0.626667 0.018850 0.000000
vt 0.000000 0.056549 0.000000
vt 0.626667 0.056549 0.000000
vt 0.000000 0.094248 0.000000
vt 0.626667 0.094248 0.000000
vt 0.000000 0.131947 0.000000
vt 0.626667 0.131947 0.000000
vt 0.000000 0.169646 0.000000
vt 0.626667 0.169646 0.000000
vt 0.000000 0.207345 0.000000
vt 0.626667 0.207345 0.000000
vt 0.000000 0.245044 0.000000
vt 0.626667 0.245044 0.000000
vt -0.000000 0.282743 0.000000
vt 0.626667 0.282743 0.000000
vt 0.000000 0.320442 0.000000
vt 0.626667 0.320442 0.000000
vt -0.000000 0.358142 0.000000
vt 0.626667 0.358142 0.000000
vt -0.000000 0.395841 0.000000
vt 0.626667 0.395841 0.000000
vt 1.880000 -0.433540 0.000000
vt 1.253333 -0.433540 0.000000
vt 1.880000 -0.471239 0.000000
vt 1.253333 -0.471239 0.000000
vt 1.880000 0.471239 0.000000
vt 1.253333 0.471239 0.000000
vt 1.880000 0.433540 0.000000
vt 1.253333 0.433540 0.000000
vt 1.880000 0.395841 0.000000
vt 1.253333 0.395841 0.000000
vt 1.880000 0.358142 0.000000
vt 1.253333 0.358142 0.000000
vt 1.880000 0.320442 0.000000
vt 1.253333 0.320442 0.000000
vt 1.880000 0.282743 0.000000
vt 1.253333 0.282743 0.000000
vt 1.880000 0.245044 0.000000
vt 1.253333 0.245044 0.000000
vt 1.880000 0.207345 0.000000
vt 1.253333 0.207345 0.000000
vt 1.880000 0.169646 0.000000
vt 1.253333 0.169646 0.000000
vt 1.880000 0.131947 0.000000
vt 1.253333 0.131947 0.000000
vt 1.880000 0.094248 0.000000
vt 1.253333 0.094248 0.000000
vt 1.880000 0.056549 0.000000
vt 1.253333 0.056549 0.000000
vt 1.880000 0.018850 0.000000
vt 1.253333 0.018850 0.000000
vt 1.880000 -0.018850 0.000000
vt 1.253333 -0.018850 0.000000
vt 1.880000 -0.056549 0.000000
vt 1.253333 -0.056549 0.000000
vt 1.880000 -0.094248 0.000000
vt 1.253333 -0.094248 0.000000
vt 1.880000 -0.131947 0.000000
vt 1.253333 -0.131947 0.000000
vt 1.880000 -0.169646 0.000000
vt 1.253333 -0.169646 0.000000
vt 1.880000 -0.207345 0.000000
vt 1.253333 -0.207345 0.000000
vt 1.880000 -0.245044 0.000000
vt 1.253333 -0.245044 0.000000
vt 1.880000 -0.282743 0.000000
vt 1.253333 -0.282743 0.000000
vt 1.880000 -0.320442 0.000000
vt 1.253333 -0.320442 0.000000
vt 1.880000 -0.358142 0.000000
vt 1.253333 -0.358142 0.000000
vt 1.880000 -0.395841 0.000000
vt 1.253333 -0.395841 0.000000
vt 0.845000 -0.773912 0.000000
vt 0.845000 0.626088 0.000000
vt 0.745000 0.592159 0.000000
vt 0.782987 0.702099 0.000000
vt 0.682219 0.663516 0.000000
vt 0.714161 0.772001 0.000000
vt 0.612634 0.728256 0.000000
vt 0.639121 0.835186 0.000000
vt 0.536938 0.785732 0.000000
vt 0.558521 0.891104 0.000000
vt 0.455887 0.835371 0.000000
vt 0.473061 0.939268 0.000000
vt 0.370289 0.876677 0.000000
vt 0.383484 0.979261 0.000000
vt 0.280998 0.909240 0.000000
vt 0.290572 1.010732 0.000000
vt 0.188903 0.932734 0.000000
vt 0.195130 1.033410 0.000000
vt 0.094925 0.946925 0.000000
vt 0.097992 1.047096 0.000000
vt -0.000000 0.951671 0.000000
vt 0.000000 1.051671 0.000000
vt -0.097992 1.047096 0.000000
vt -0.094925 0.946925 0.000000
vt -0.195130 1.033410 0.000000
vt -0.188903 0.932734 0.000000
vt -0.290572 1.010732 0.000000
vt -0.280998 0.909240 0.000000
vt -0.383484 0.979261 0.000000
vt -0.370289 0.876677 0.000000
vt -0.473061 0.939268 0.000000
vt -0.455887 0.835371 0.000000
vt -0.558521 0.891104 0.000000
vt -0.536938 0.785732 0.000000
vt -0.639121 0.835186 0.000000
vt -0.612634 0.728256 0.000000
vt -0.714161 0.772001 0.000000
vt -0.682219 0.663516 0.000000
vt -0.782987 0.702099 0.000000
vt -0.745000 0.592159 0.000000
vt -0.845000 0.626088 0.000000
vt -0.845000 -0.773912 0.000000
vt -0.745000 -0.739983 0.000000
vt -0.782987 -0.849923 0.000000
vt -0.682219 -0.811340 0.000000
vt -0.714161 -0.919824 0.000000
vt -0.612634 -0.876080 0.000000
vt -0.639121 -0.983009 0.000000
vt -0.536938 -0.933555 0.000000
vt -0.558521 -1.038927 0.000000
vt -0.455887 -0.983194 0.000000
vt -0.473061 -1.087092 0.000000
vt -0.370289 -1.024501 0.000000
vt -0.383484 -1.127084 0.000000
vt -0.280998 -1.057064 0.000000
vt -0.290572 -1.158556 0.000000
vt -0.188903 -1.080558 0.000000
vt -0.195130 -1.181233 0.000000
vt -0.094925 -1.094748 0.000000
vt -0.097992 -1.194919 0.000000
vt 0.000000 -1.099494 0.000000
vt -0.000000 -1.199494 0.000000
vt 0.097992 -1.194919 0.000000
vt 0.094925 -1.094748 0.000000
vt 0.195130 -1.181233 0.000000
vt 0.188903 -1.080558 0.000000
vt 0.290572 -1.158556 0.000000
vt 0.280998 -1.057064 0.000000
vt 0.383484 -1.127084 0.000000
vt 0.370289 -1.024501 0.000000
vt 0.473061 -1.087092 0.000000
vt 0.455887 -0.983194 0.000000
vt 0.558521 -1.038927 0.000000
vt 0.536938 -0.933555 0.000000
vt 0.639121 -0.983009 0.000000
vt 0.612634 -0.876080 0.000000
vt 0.714161 -0.919824 0.000000
vt 0.682219 -0.811340 0.000000
vt 0.782987 -0.849923 0.000000
vt 0.745000 -0.739983 0.000000
vt -1.100000 2.633299 0.000000
vt -1.100000 2.539894 0.000000
vt -0.000000 2.633299 0.000000
vt -0.000000 2.535166 0.000000
vt -1.100000 2.446488 0.000000
vt -0.000000 2.437032 0.000000
vt -1.100000 2.353083 0.000000
vt -0.000000 2.338898 0.000000
vt -1.100000 2.259677 0.000000
vt -0.000000 2.240764 0.000000
vt -1.100000 2.166272 0.000000
vt -0.000000 2.142630 0.000000
vt -1.100000 2.072866 0.000000
vt -0.000000 2.044496 0.000000
vt -1.100000 1.979461 0.000000
vt -0.000000 1.946362 0.000000
vt -1.101560 1.936555 0.000000
vt -1.105921 1.890699 0.000000
vt -0.000000 1.848228 0.000000
vt -1.112497 1.844080 0.000000
vt -1.120762 1.797258 0.000000
vt -0.000000 1.750095 0.000000
vt -1.129317 1.755178 0.000000
vt -1.133305 1.737188 0.000000
vt -1.136932 1.721835 0.000000
vt -1.142685 1.697007 0.000000
vt -0.000000 1.651961 0.000000
vt -1.143924 1.675463 0.000000
vt -1.144279 1.651736 0.000000
vt -1.143947 1.628109 0.000000
vt -1.142742 1.607024 0.000000
vt -0.000000 1.553827 0.000000
vt -1.137007 1.582397 0.000000
vt -1.133411 1.567201 0.000000
vt -1.129425 1.549246 0.000000
vt -1.120829 1.507013 0.000000
vt -0.000000 1.455693 0.000000
vt -1.112523 1.460005 0.000000
vt -1.105927 1.413269 0.000000
vt -0.000000 1.357559 0.000000
vt -1.101560 1.367372 0.000000
vt -1.100000 1.324460 0.000000
vt -0.000000 1.259425 0.000000
vt -1.100000 1.231055 0.000000
vt -0.000000 1.161291 0.000000
vt -1.100000 1.137649 0.000000
vt -0.000000 1.063157 0.000000
vt -1.100000 1.044244 0.000000
vt -0.000000 0.965024 0.000000
vt -1.100000 0.950838 0.000000
vt -0.000000 0.866890 0.000000
vt -1.100000 0.857433 0.000000
vt -0.000000 0.768756 0.000000
vt -1.100000 0.764027 0.000000
vt -0.000000 0.670622 0.000000
vt -1.100000 0.670622 0.000000
vt -1.100000 -0.670622 0.000000
vt -1.100000 -0.764027 0.000000
vt -0.000000 -0.670622 0.000000
vt -0.000000 -0.768756 0.000000
vt -1.100000 -0.857433 0.000000
vt -0.000000 -0.866890 0.000000
vt -1.100000 -0.950838 0.000000
vt -0.000000 -0.965024 0.000000
vt -1.100000 -1.044244 0.000000
vt -0.000000 -1.063157 0.000000
vt -1.100000 -1.137649 0.000000
vt -0.000000 -1.161291 0.000000
vt -1.100000 -1.231055 0.000000
vt -0.000000 -1.259425 0.000000
vt -1.100000 -1.324460 0.000000
vt -0.000000 -1.357559 0.000000
vt -1.101560 -1.367367 0.000000
vt -1.105921 -1.413222 0.000000
vt -0.000000 -1.455693 0.000000
vt -1.112497 -1.459841 0.000000
vt -1.120762 -1.506663 0.000000
vt -0.000000 -1.553827 0.000000
vt -1.129317 -1.548743 0.000000
vt -1.133305 -1.566733 0.000000
vt -1.136932 -1.582086 0.000000
vt -1.142685 -1.606915 0.000000
vt -0.000000 -1.651961 0.000000
vt -1.143924 -1.628458 0.000000
vt -1.144279 -1.652185 0.000000
vt -1.143947 -1.675812 0.000000
vt -1.142742 -1.696897 0.000000
vt -0.000000 -1.750095 0.000000
vt -1.137007 -1.721524 0.000000
vt -1.133411 -1.736720 0.000000
vt -1.129425 -1.754675 0.000000
vt -1.120829 -1.796908 0.000000
vt -0.000000 -1.848228 0.000000
vt -1.112523 -1.843916 0.000000
vt -1.105927 -1.890653 0.000000
vt -0.000000 -1.946362 0.000000
vt -1.101560 -1.936549 0.000000
vt -1.100000 -1.979461 0.000000
vt -0.000000 -2.044496 0.000000
vt -1.100000 -2.072866 0.000000
vt -0.000000 -2.142630 0.000000
vt -1.100000 -2.166272 0.000000
vt -0.000000 -2.240764 0.000000
vt -1.100000 -2.259677 0.000000
vt -0.000000 -2.338898 0.000000
vt -1.100000 -2.353083 0.000000
vt -0.000000 -2.437032 0.000000
vt -1.100000 -2.446488 0.000000
vt -0.000000 -2.535166 0.000000
vt -1.100000 -2.539894 0.000000
vt -0.000000 -2.633299 0.000000
vt -1.100000 -2.633299 0.000000
vt 1.400000 1.100000 0.000000
vt -0.000000 1.100000 0.000000
vt 1.400000 0.000000 0.000000
vt -0.000000 0.000000 0.000000
vt 0.078540 0.392206 0.000000
vt 0.078540 0.448235 0.000000
vt 0.065450 0.398431 0.000000
vt 0.065450 0.448235 0.000000
vt 0.052360 0.448235 0.000000
vt 0.052360 0.398431 0.000000
vt 0.039270 0.448235 0.000000
vt 0.039270 0.398431 0.000000
vt 0.026180 0.448235 0.000000
vt 0.026180 0.398431 0.000000
vt 0.013090 0.448235 0.000000
vt 0.013090 0.398431 0.000000
vt -0.000000 0.448235 0.000000
vt -0.000000 0.398431 0.000000
vt 0.013090 0.348627 0.000000
vt -0.000000 0.348627 0.000000
vt 0.013090 0.298823 0.000000
vt -0.000000 0.298823 0.000000
vt 0.013090 0.249020 0.000000
vt -0.000000 0.249020 0.000000
vt 0.013090 0.199216 0.000000
vt -0.000000 0.199216 0.000000
vt 0.013090 0.149412 0.000000
vt -0.000000 0.149412 0.000000
vt 0.013090 0.099608 0.000000
vt -0.000000 0.099608 0.000000
vt 0.013090 0.049804 0.000000
vt -0.000000 0.049804 0.000000
vt 0.013090 -0.000000 0.000000
vt -0.000000 -0.000000 0.000000
vt 0.026180 -0.000000 0.000000
vt 0.026180 0.049804 0.000000
vt 0.026180 0.099608 0.000000
vt 0.026180 0.149412 0.000000
vt 0.026180 0.199216 0.000000
vt 0.026180 0.249020 0.000000
vt 0.026180 0.298823 0.000000
vt 0.026180 0.348627 0.000000
vt 0.039270 -0.000000 0.000000
vt 0.039270 0.049804 0.000000
vt 0.039270 0.099608 0.000000
vt 0.039270 0.149412 0.000000
vt 0.039270 0.199216 0.000000
vt 0.039270 0.249020 0.000000
vt 0.039270 0.298823 0.000000
vt 0.039270 0.348627 0.000000
vt 0.052360 -0.000000 0.000000
vt 0.052360 0.049804 0.000000
vt 0.052360 0.099608 0.000000
vt 0.052360 0.149412 0.000000
vt 0.052360 0.199216 0.000000
vt 0.052360 0.249020 0.000000
vt 0.052360 0.298823 0.000000
vt 0.052360 0.348627 0.000000
vt 0.065450 -0.000000 0.000000
vt 0.065450 0.049804 0.000000
vt 0.065450 0.099608 0.000000
vt 0.065450 0.149412 0.000000
vt 0.065450 0.199216 0.000000
vt 0.065450 0.249020 0.000000
vt 0.065450 0.298823 0.000000
vt 0.065450 0.348627 0.000000
vt 0.078540 -0.000000 0.000000
vt 0.078540 0.056029 0.000000
vt 0.078540 0.112059 0.000000
vt 0.078540 0.168088 0.000000
vt 0.078540 0.224118 0.000000
vt 0.078540 0.280147 0.000000
vt 0.078540 0.336176 0.000000
vt -0.880000 -0.157080 0.000000
vt -1.307143 -0.143990 0.000000
vt -1.830000 -0.157080 0.000000
vt -1.568571 -0.143990 0.000000
vt -1.830000 -0.143990 0.000000
vt -1.830000 -0.130900 0.000000
vt -1.568571 -0.130900 0.000000
vt -1.830000 -0.117810 0.000000
vt -1.568571 -0.117810 0.000000
vt -1.830000 -0.104720 0.000000
vt -1.568571 -0.104720 0.000000
vt -1.830000 -0.091630 0.000000
vt -1.568571 -0.091630 0.000000
vt -1.830000 -0.078540 0.000000
vt -1.307143 -0.091630 0.000000
vt -1.126133 -0.090981 0.000000
vt -1.081694 -0.103120 0.000000
vt -1.307143 -0.104720 0.000000
vt -1.036052 -0.114679 0.000000
vt -1.307143 -0.117810 0.000000
vt -1.045714 -0.117810 0.000000
vt -0.989836 -0.125850 0.000000
vt -0.050000 -0.157080 0.000000
vt -0.844776 -0.151346 0.000000
vt -0.868485 -0.150989 0.000000
vt -0.890026 -0.149738 0.000000
vt -0.040245 -0.147262 0.000000
vt -0.261429 -0.143973 0.000000
vt -0.522857 -0.143954 0.000000
vt -0.821166 -0.151012 0.000000
vt -0.800084 -0.149796 0.000000
vt -0.775488 -0.143936 0.000000
vt -0.760332 -0.140171 0.000000
vt -0.742449 -0.135875 0.000000
vt -0.522857 -0.130900 0.000000
vt -0.700511 -0.125933 0.000000
vt -0.522857 -0.117810 0.000000
vt -0.654109 -0.114719 0.000000
vt -0.522857 -0.104720 0.000000
vt -0.608352 -0.103132 0.000000
vt -0.522857 -0.091630 0.000000
vt -0.563873 -0.090982 0.000000
vt -0.522767 -0.078540 0.000000
vt -0.261429 -0.091630 0.000000
vt -0.000241 -0.083449 0.000000
vt -0.000961 -0.088357 0.000000
vt -0.003806 -0.098175 0.000000
vt -0.261429 -0.104720 0.000000
vt -0.008427 -0.107992 0.000000
vt -0.261429 -0.117810 0.000000
vt -0.014645 -0.117810 0.000000
vt -0.022221 -0.127627 0.000000
vt -0.261429 -0.130900 0.000000
vt -0.030866 -0.137445 0.000000
vt 0.000000 -0.078540 0.000000
vt -1.045714 -0.143990 0.000000
vt -0.914823 -0.143858 0.000000
vt -0.930134 -0.140058 0.000000
vt -0.948052 -0.135756 0.000000
vt -1.045714 -0.130900 0.000000
vt -1.307143 -0.130900 0.000000
vt -1.167233 -0.078540 0.000000
vt -3.480000 -0.091630 0.000000
vt -3.216154 -0.091630 0.000000
vt -3.480000 -0.078540 0.000000
vt -2.952308 -0.091630 0.000000
vt -2.688462 -0.091630 0.000000
vt -2.688462 -0.104720 0.000000
vt -2.424615 -0.104720 0.000000
vt -2.424615 -0.117810 0.000000
vt -2.160769 -0.117810 0.000000
vt -2.160769 -0.130900 0.000000
vt -1.896923 -0.130900 0.000000
vt -1.896923 -0.143990 0.000000
vt -1.633077 -0.143990 0.000000
vt -0.050000 -0.157080 0.000000
vt -1.369231 -0.143990 0.000000
vt -1.105385 -0.143990 0.000000
vt -1.369231 -0.130900 0.000000
vt -1.105385 -0.130900 0.000000
vt -1.369231 -0.117810 0.000000
vt -1.105385 -0.117810 0.000000
vt -1.369231 -0.104720 0.000000
vt -1.105385 -0.104720 0.000000
vt -1.369231 -0.091630 0.000000
vt -1.105385 -0.091630 0.000000
vt -0.050000 -0.078540 0.000000
vt -0.841538 -0.091630 0.000000
vt -0.577692 -0.091630 0.000000
vt -0.577692 -0.104720 0.000000
vt -0.313846 -0.104720 0.000000
vt -0.313846 -0.117810 0.000000
vt -0.050000 -0.117810 0.000000
vt -0.050000 -0.130900 0.000000
vt -0.313846 -0.130900 0.000000
vt -0.050000 -0.143990 0.000000
vt -0.313846 -0.143990 0.000000
vt -0.577692 -0.143990 0.000000
vt -0.841538 -0.143990 0.000000
vt -0.841538 -0.130900 0.000000
vt -3.216154 -0.104720 0.000000
vt -3.480000 -0.104720 0.000000
vt -3.216154 -0.117810 0.000000
vt -3.480000 -0.117810 0.000000
vt -3.216154 -0.130900 0.000000
vt -3.480000 -0.130900 0.000000
vt -3.216154 -0.143990 0.000000
vt -3.480000 -0.143990 0.000000
vt -3.480000 -0.157080 0.000000
vt -2.160769 -0.143990 0.000000
vt -2.424615 -0.143990 0.000000
vt -2.424615 -0.130900 0.000000
vt -2.688462 -0.130900 0.000000
vt -2.688462 -0.117810 0.000000
vt -2.952308 -0.117810 0.000000
vt -2.952308 -0.104720 0.000000
vt -0.050000 -0.104720 0.000000
vt -0.313846 -0.091630 0.000000
vt -0.050000 -0.091630 0.000000
vt -1.633077 -0.091630 0.000000
vt -1.896923 -0.091630 0.000000
vt -2.160769 -0.091630 0.000000
vt -1.896923 -0.104720 0.000000
vt -2.160769 -0.104720 0.000000
vt -1.896923 -0.117810 0.000000
vt -2.424615 -0.091630 0.000000
vt -1.633077 -0.104720 0.000000
vt -1.633077 -0.117810 0.000000
vt -1.633077 -0.130900 0.000000
vt -0.841538 -0.104720 0.000000
vt -0.841538 -0.117810 0.000000
vt -0.577692 -0.117810 0.000000
vt -2.952308 -0.130900 0.000000
vt -2.952308 -0.143990 0.000000
vt -0.577692 -0.130900 0.000000
vt -2.688462 -0.143990 0.000000
vt -0.300000 -0.143990 0.000000
vt -0.575000 -0.143990 0.000000
vt -0.300000 -0.157080 0.000000
vt -0.850000 -0.143990 0.000000
vt -1.125000 -0.143990 0.000000
vt -1.125000 -0.130900 0.000000
vt -1.400000 -0.130900 0.000000
vt -1.400000 -0.117810 0.000000
vt -1.675000 -0.117810 0.000000
vt -1.675000 -0.104720 0.000000
vt -1.950000 -0.104720 0.000000
vt -1.950000 -0.091630 0.000000
vt -1.675000 -0.091630 0.000000
vt -1.950000 -0.078540 0.000000
vt -1.400000 -0.091630 0.000000
vt -1.125000 -0.091630 0.000000
vt -1.125000 -0.104720 0.000000
vt -0.850000 -0.104720 0.000000
vt -0.850000 -0.117810 0.000000
vt -0.575000 -0.117810 0.000000
vt -0.575000 -0.130900 0.000000
vt -0.300000 -0.130900 0.000000
vt -0.300000 -0.117810 0.000000
vt -0.575000 -0.104720 0.000000
vt -0.850000 -0.091630 0.000000
vt -0.300000 -0.078540 0.000000
vt -0.300000 -0.104720 0.000000
vt -0.575000 -0.091630 0.000000
vt -0.300000 -0.091630 0.000000
vt -1.950000 -0.117810 0.000000
vt -1.675000 -0.130900 0.000000
vt -1.400000 -0.143990 0.000000
vt -1.950000 -0.157080 0.000000
vt -1.950000 -0.130900 0.000000
vt -1.675000 -0.143990 0.000000
vt -1.950000 -0.143990 0.000000
vt -0.850000 -0.130900 0.000000
vt -1.125000 -0.117810 0.000000
vt -1.400000 -0.104720 0.000000
vt -2.659759 0.073631 0.000000
vt -2.392308 0.065450 0.000000
vt -2.660000 0.078540 0.000000
vt -2.124615 0.065450 0.000000
vt -1.856923 0.065450 0.000000
vt -1.856923 0.052360 0.000000
vt -1.589231 0.052360 0.000000
vt -1.589231 0.039270 0.000000
vt -1.321538 0.039270 0.000000
vt -1.321538 0.026180 0.000000
vt -1.053846 0.026180 0.000000
vt -1.053846 0.013090 0.000000
vt -0.786154 0.013090 0.000000
vt 0.820000 0.000000 0.000000
vt -0.518462 0.013090 0.000000
vt -0.250769 0.013090 0.000000
vt -0.518462 0.026180 0.000000
vt -0.250769 0.026180 0.000000
vt -0.518462 0.039270 0.000000
vt -0.250769 0.039270 0.000000
vt -0.518462 0.052360 0.000000
vt -0.250769 0.052360 0.000000
vt -0.518462 0.065450 0.000000
vt -0.250769 0.065450 0.000000
vt 0.820000 0.078540 0.000000
vt 0.016923 0.065450 0.000000
vt 0.284615 0.065450 0.000000
vt 0.284615 0.052360 0.000000
vt 0.552308 0.052360 0.000000
vt 0.552308 0.039270 0.000000
vt 0.820000 0.039270 0.000000
vt 0.820000 0.026180 0.000000
vt 0.552308 0.026180 0.000000
vt 0.820000 0.013090 0.000000
vt 0.552308 0.013090 0.000000
vt 0.284615 0.013090 0.000000
vt 0.016923 0.013090 0.000000
vt 0.016923 0.026180 0.000000
vt -2.659039 0.068722 0.000000
vt -2.656194 0.058905 0.000000
vt -2.392308 0.052360 0.000000
vt -2.651573 0.049087 0.000000
vt -2.392308 0.039270 0.000000
vt -2.645355 0.039270 0.000000
vt -2.637779 0.029452 0.000000
vt -2.392308 0.026180 0.000000
vt -2.629134 0.019635 0.000000
vt -2.392308 0.013090 0.000000
vt -2.619755 0.009817 0.000000
vt -2.124615 0.013090 0.000000
vt -1.856923 0.013090 0.000000
vt -2.124615 0.026180 0.000000
vt -1.856923 0.026180 0.000000
vt -2.124615 0.039270 0.000000
vt -1.856923 0.039270 0.000000
vt -2.124615 0.052360 0.000000
vt -2.610000 0.000000 0.000000
vt -1.589231 0.013090 0.000000
vt 0.820000 0.052360 0.000000
vt 0.552308 0.065450 0.000000
vt 0.820000 0.065450 0.000000
vt -0.786154 0.065450 0.000000
vt -1.053846 0.065450 0.000000
vt -1.321538 0.065450 0.000000
vt -1.053846 0.052360 0.000000
vt -1.321538 0.052360 0.000000
vt -1.053846 0.039270 0.000000
vt -1.589231 0.065450 0.000000
vt -0.786154 0.052360 0.000000
vt -0.786154 0.039270 0.000000
vt -0.786154 0.026180 0.000000
vt 0.016923 0.052360 0.000000
vt 0.016923 0.039270 0.000000
vt 0.284615 0.039270 0.000000
vt -1.589231 0.026180 0.000000
vt 0.284615 0.026180 0.000000
vt -1.321538 0.013090 0.000000
vt 0.078540 -0.009256 0.000000
vt 0.065450 0.000000 0.000000
vt 0.065450 -0.009256 0.000000
vt 0.052360 0.000000 0.000000
vt 0.052360 -0.009256 0.000000
vt 0.039270 0.000000 0.000000
vt 0.039270 -0.009256 0.000000
vt 0.026180 0.000000 0.000000
vt 0.026180 -0.009256 0.000000
vt 0.013090 0.000000 0.000000
vt 0.013090 -0.009256 0.000000
vt -0.000000 0.000000 0.000000
vt -0.000000 -0.009256 0.000000
vt 0.013090 -0.018512 0.000000
vt -0.000000 -0.018512 0.000000
vt 0.013090 -0.027768 0.000000
vt -0.000000 -0.027768 0.000000
vt 0.013090 -0.037024 0.000000
vt -0.000000 -0.037024 0.000000
vt 0.013090 -0.046280 0.000000
vt -0.000000 -0.046280 0.000000
vt 0.013090 -0.055536 0.000000
vt -0.000000 -0.055536 0.000000
vt 0.026180 -0.055536 0.000000
vt 0.026180 -0.046280 0.000000
vt 0.026180 -0.037024 0.000000
vt 0.026180 -0.027768 0.000000
vt 0.026180 -0.018512 0.000000
vt 0.039270 -0.055536 0.000000
vt 0.039270 -0.046280 0.000000
vt 0.039270 -0.037024 0.000000
vt 0.039270 -0.027768 0.000000
vt 0.039270 -0.018512 0.000000
vt 0.052360 -0.055536 0.000000
vt 0.052360 -0.046280 0.000000
vt 0.052360 -0.037024 0.000000
vt 0.052360 -0.027768 0.000000
vt 0.052360 -0.018512 0.000000
vt 0.065450 -0.055536 0.000000
vt 0.065450 -0.046280 0.000000
vt 0.065450 -0.037024 0.000000
vt 0.065450 -0.027768 0.000000
vt 0.065450 -0.018512 0.000000
vt 0.078540 -0.055536 0.000000
vt 0.078540 -0.046280 0.000000
vt 0.078540 -0.037024 0.000000
vt 0.078540 -0.027768 0.000000
vt 0.078540 -0.018512 0.000000
vt -0.000000 0.448235 0.000000
vt 0.013090 0.448235 0.000000
vt -0.000000 0.498039 0.000000
vt 0.013090 0.498039 0.000000
vt -0.000000 0.547843 0.000000
vt 0.013090 0.547843 0.000000
vt -0.000000 0.597647 0.000000
vt 0.013090 0.597647 0.000000
vt -0.000000 0.647451 0.000000
vt 0.013090 0.647451 0.000000
vt -0.000000 0.697255 0.000000
vt 0.013090 0.697255 0.000000
vt -0.000000 0.747059 0.000000
vt 0.013090 0.747059 0.000000
vt -0.000000 0.796862 0.000000
vt 0.013090 0.796862 0.000000
vt -0.000000 0.846666 0.000000
vt 0.013090 0.846666 0.000000
vt -0.000000 0.896470 0.000000
vt 0.013090 0.896470 0.000000
vt 0.026180 0.846666 0.000000
vt 0.026180 0.896470 0.000000
vt 0.039270 0.846666 0.000000
vt 0.039270 0.896470 0.000000
vt 0.052360 0.846666 0.000000
vt 0.052360 0.896470 0.000000
vt 0.065450 0.846666 0.000000
vt 0.065450 0.896470 0.000000
vt 0.078540 0.896470 0.000000
vt 0.078540 0.840441 0.000000
vt 0.065450 0.796862 0.000000
vt 0.078540 0.784411 0.000000
vt 0.065450 0.747059 0.000000
vt 0.078540 0.728382 0.000000
vt 0.065450 0.697255 0.000000
vt 0.078540 0.672353 0.000000
vt 0.065450 0.647451 0.000000
vt 0.078540 0.616323 0.000000
vt 0.065450 0.597647 0.000000
vt 0.078540 0.560294 0.000000
vt 0.065450 0.547843 0.000000
vt 0.078540 0.504265 0.000000
vt 0.065450 0.498039 0.000000
vt 0.078540 0.448235 0.000000
vt 0.065450 0.448235 0.000000
vt 0.052360 0.498039 0.000000
vt 0.052360 0.448235 0.000000
vt 0.039270 0.498039 0.000000
vt 0.039270 0.448235 0.000000
vt 0.026180 0.498039 0.000000
vt 0.026180 0.448235 0.000000
vt 0.052360 0.547843 0.000000
vt 0.052360 0.597647 0.000000
vt 0.052360 0.647451 0.000000
vt 0.052360 0.697255 0.000000
vt 0.052360 0.747059 0.000000
vt 0.052360 0.796862 0.000000
vt 0.039270 0.547843 0.000000
vt 0.039270 0.597647 0.000000
vt 0.039270 0.647451 0.000000
vt 0.039270 0.697255 0.000000
vt 0.039270 0.747059 0.000000
vt 0.039270 0.796862 0.000000
vt 0.026180 0.547843 0.000000
vt 0.026180 0.597647 0.000000
vt 0.026180 0.647451 0.000000
vt 0.026180 0.697255 0.000000
vt 0.026180 0.747059 0.000000
vt 0.026180 0.796862 0.000000
vt -0.078540 0.056029 0.000000
vt -0.078540 -0.000000 0.000000
vt -0.065450 0.049804 0.000000
vt -0.065450 -0.000000 0.000000
vt -0.052360 -0.000000 0.000000
vt -0.052360 0.049804 0.000000
vt -0.039270 -0.000000 0.000000
vt -0.039270 0.049804 0.000000
vt -0.026180 -0.000000 0.000000
vt -0.026180 0.049804 0.000000
vt -0.013090 -0.000000 0.000000
vt -0.013090 0.049804 0.000000
vt -0.000000 -0.000000 0.000000
vt -0.000000 0.049804 0.000000
vt -0.013090 0.099608 0.000000
vt -0.000000 0.099608 0.000000
vt -0.013090 0.149412 0.000000
vt -0.000000 0.149412 0.000000
vt -0.013090 0.199216 0.000000
vt -0.000000 0.199216 0.000000
vt -0.013090 0.249020 0.000000
vt -0.000000 0.249020 0.000000
vt -0.013090 0.298823 0.000000
vt -0.000000 0.298823 0.000000
vt -0.013090 0.348627 0.000000
vt -0.000000 0.348627 0.000000
vt -0.013090 0.398431 0.000000
vt -0.000000 0.398431 0.000000
vt -0.013090 0.448235 0.000000
vt -0.000000 0.448235 0.000000
vt -0.026180 0.448235 0.000000
vt -0.026180 0.398431 0.000000
vt -0.026180 0.348627 0.000000
vt -0.026180 0.298823 0.000000
vt -0.026180 0.249020 0.000000
vt -0.026180 0.199216 0.000000
vt -0.026180 0.149412 0.000000
vt -0.026180 0.099608 0.000000
vt -0.039270 0.448235 0.000000
vt -0.039270 0.398431 0.000000
vt -0.039270 0.348627 0.000000
vt -0.039270 0.298823 0.000000
vt -0.039270 0.249020 0.000000
vt -0.039270 0.199216 0.000000
vt -0.039270 0.149412 0.000000
vt -0.039270 0.099608 0.000000
vt -0.052360 0.448235 0.000000
vt -0.052360 0.398431 0.000000
vt -0.052360 0.348627 0.000000
vt -0.052360 0.298823 0.000000
vt -0.052360 0.249020 0.000000
vt -0.052360 0.199216 0.000000
vt -0.052360 0.149412 0.000000
vt -0.052360 0.099608 0.000000
vt -0.065450 0.448235 0.000000
vt -0.065450 0.398431 0.000000
vt -0.065450 0.348627 0.000000
vt -0.065450 0.298823 0.000000
vt -0.065450 0.249020 0.000000
vt -0.065450 0.199216 0.000000
vt -0.065450 0.149412 0.000000
vt -0.065450 0.099608 0.000000
vt -0.078540 0.448235 0.000000
vt -0.078540 0.392206 0.000000
vt -0.078540 0.336176 0.000000
vt -0.078540 0.280147 0.000000
vt -0.078540 0.224118 0.000000
vt -0.078540 0.168088 0.000000
vt -0.078540 0.112059 0.000000
vt -2.200000 -0.013090 0.000000
vt -1.931250 -0.013090 0.000000
vt -2.200000 0.000000 0.000000
vt -1.662500 -0.013090 0.000000
vt -1.393750 -0.013090 0.000000
vt -1.393750 -0.026180 0.000000
vt -1.125000 -0.026180 0.000000
vt -1.125000 -0.039270 0.000000
vt -0.856250 -0.039270 0.000000
vt -0.856250 -0.052360 0.000000
vt -0.587500 -0.052360 0.000000
vt -0.587500 -0.065450 0.000000
vt -0.318750 -0.065450 0.000000
vt -0.050000 -0.078540 0.000000
vt -0.050000 -0.065450 0.000000
vt -1.931250 -0.026180 0.000000
vt -2.200000 -0.026180 0.000000
vt -1.931250 -0.039270 0.000000
vt -2.200000 -0.039270 0.000000
vt -1.931250 -0.052360 0.000000
vt -2.200000 -0.052360 0.000000
vt -1.931250 -0.065450 0.000000
vt -2.200000 -0.065450 0.000000
vt -2.200000 -0.078540 0.000000
vt -1.125000 -0.065450 0.000000
vt -1.393750 -0.065450 0.000000
vt -1.662500 -0.065450 0.000000
vt -1.662500 -0.052360 0.000000
vt -0.318750 -0.052360 0.000000
vt -0.050000 -0.052360 0.000000
vt -0.318750 -0.039270 0.000000
vt -0.050000 -0.039270 0.000000
vt -0.318750 -0.026180 0.000000
vt -0.050000 -0.026180 0.000000
vt -0.318750 -0.013090 0.000000
vt -0.050000 -0.013090 0.000000
vt -0.050000 0.000000 0.000000
vt -1.125000 -0.013090 0.000000
vt -0.856250 -0.013090 0.000000
vt -0.587500 -0.013090 0.000000
vt -0.587500 -0.026180 0.000000
vt -1.662500 -0.026180 0.000000
vt -1.662500 -0.039270 0.000000
vt -0.856250 -0.026180 0.000000
vt -1.393750 -0.039270 0.000000
vt -1.125000 -0.052360 0.000000
vt -0.856250 -0.065450 0.000000
vt -0.587500 -0.039270 0.000000
vt -1.393750 -0.052360 0.000000
vt -0.300000 -0.143990 0.000000
vt -0.563846 -0.143990 0.000000
vt -0.300000 -0.157080 0.000000
vt -0.827692 -0.143990 0.000000
vt -1.091538 -0.143990 0.000000
vt -1.091538 -0.130900 0.000000
vt -1.355385 -0.130900 0.000000
vt -1.355385 -0.117810 0.000000
vt -1.619231 -0.117810 0.000000
vt -1.619231 -0.104720 0.000000
vt -1.883077 -0.104720 0.000000
vt -1.883077 -0.091630 0.000000
vt -2.146923 -0.091630 0.000000
vt -3.730000 -0.078540 0.000000
vt -2.410769 -0.091630 0.000000
vt -2.674615 -0.091630 0.000000
vt -2.410769 -0.104720 0.000000
vt -2.674615 -0.104720 0.000000
vt -2.410769 -0.117810 0.000000
vt -2.674615 -0.117810 0.000000
vt -2.410769 -0.130900 0.000000
vt -2.674615 -0.130900 0.000000
vt -2.410769 -0.143990 0.000000
vt -2.674615 -0.143990 0.000000
vt -3.730000 -0.157080 0.000000
vt -2.938462 -0.143990 0.000000
vt -3.202308 -0.143990 0.000000
vt -3.202308 -0.130900 0.000000
vt -3.466154 -0.130900 0.000000
vt -3.466154 -0.117810 0.000000
vt -3.730000 -0.117810 0.000000
vt -3.730000 -0.104720 0.000000
vt -3.466154 -0.104720 0.000000
vt -3.730000 -0.091630 0.000000
vt -3.466154 -0.091630 0.000000
vt -3.202308 -0.091630 0.000000
vt -2.938462 -0.091630 0.000000
vt -2.938462 -0.104720 0.000000
vt -0.563846 -0.130900 0.000000
vt -0.300000 -0.130900 0.000000
vt -0.563846 -0.117810 0.000000
vt -0.300000 -0.117810 0.000000
vt -0.563846 -0.104720 0.000000
vt -0.300000 -0.104720 0.000000
vt -0.563846 -0.091630 0.000000
vt -0.300000 -0.091630 0.000000
vt -0.300000 -0.078540 0.000000
vt -1.619231 -0.091630 0.000000
vt -1.355385 -0.091630 0.000000
vt -1.355385 -0.104720 0.000000
vt -1.091538 -0.104720 0.000000
vt -1.091538 -0.117810 0.000000
vt -0.827692 -0.117810 0.000000
vt -0.827692 -0.130900 0.000000
vt -3.730000 -0.130900 0.000000
vt -3.466154 -0.143990 0.000000
vt -3.730000 -0.143990 0.000000
vt -2.146923 -0.143990 0.000000
vt -1.883077 -0.143990 0.000000
vt -1.619231 -0.143990 0.000000
vt -1.883077 -0.130900 0.000000
vt -1.619231 -0.130900 0.000000
vt -1.883077 -0.117810 0.000000
vt -1.355385 -0.143990 0.000000
vt -2.146923 -0.130900 0.000000
vt -2.146923 -0.117810 0.000000
vt -2.146923 -0.104720 0.000000
vt -2.938462 -0.130900 0.000000
vt -2.938462 -0.117810 0.000000
vt -3.202308 -0.117810 0.000000
vt -0.827692 -0.104720 0.000000
vt -0.827692 -0.091630 0.000000
vt -3.202308 -0.104720 0.000000
vt -1.091538 -0.091630 0.000000
vt -0.825000 0.065450 0.000000
vt -0.550000 0.065450 0.000000
vt -0.825000 0.078540 0.000000
vt -0.275000 0.065450 0.000000
vt -0.000000 0.065450 0.000000
vt -0.000000 0.052360 0.000000
vt 0.275000 0.052360 0.000000
vt 0.275000 0.039270 0.000000
vt 0.550000 0.039270 0.000000
vt 0.550000 0.026180 0.000000
vt 0.825000 0.026180 0.000000
vt 0.825000 0.013090 0.000000
vt 0.550000 0.013090 0.000000
vt 0.825000 0.000000 0.000000
vt 0.275000 0.013090 0.000000
vt -0.000000 0.013090 0.000000
vt -0.000000 0.026180 0.000000
vt -0.275000 0.026180 0.000000
vt -0.275000 0.039270 0.000000
vt -0.550000 0.039270 0.000000
vt -0.550000 0.052360 0.000000
vt -0.825000 0.052360 0.000000
vt -0.825000 0.039270 0.000000
vt -0.550000 0.026180 0.000000
vt -0.275000 0.013090 0.000000
vt -0.825000 0.000000 0.000000
vt -0.825000 0.026180 0.000000
vt -0.550000 0.013090 0.000000
vt -0.825000 0.013090 0.000000
vt 0.825000 0.039270 0.000000
vt 0.550000 0.052360 0.000000
vt 0.275000 0.065450 0.000000
vt 0.825000 0.078540 0.000000
vt 0.825000 0.052360 0.000000
vt 0.550000 0.065450 0.000000
vt 0.825000 0.065450 0.000000
vt -0.275000 0.052360 0.000000
vt -0.000000 0.039270 0.000000
vt 0.275000 0.026180 0.000000
vt -0.000000 -0.111072 0.000000
vt 0.013090 -0.111072 0.000000
vt -0.000000 -0.101816 0.000000
vt 0.013090 -0.101816 0.000000
vt -0.000000 -0.092560 0.000000
vt 0.013090 -0.092560 0.000000
vt -0.000000 -0.083304 0.000000
vt 0.013090 -0.083304 0.000000
vt -0.000000 -0.074048 0.000000
vt 0.013090 -0.074048 0.000000
vt -0.000000 -0.064792 0.000000
vt 0.013090 -0.064792 0.000000
vt -0.000000 -0.055536 0.000000
vt 0.013090 -0.055536 0.000000
vt 0.026180 -0.064792 0.000000
vt 0.026180 -0.055536 0.000000
vt 0.039270 -0.064792 0.000000
vt 0.039270 -0.055536 0.000000
vt 0.052360 -0.064792 0.000000
vt 0.052360 -0.055536 0.000000
vt 0.065450 -0.064792 0.000000
vt 0.065450 -0.055536 0.000000
vt 0.078540 -0.064792 0.000000
vt 0.026180 -0.111072 0.000000
vt 0.026180 -0.101816 0.000000
vt 0.026180 -0.092560 0.000000
vt 0.026180 -0.083304 0.000000
vt 0.026180 -0.074048 0.000000
vt 0.039270 -0.111072 0.000000
vt 0.039270 -0.101816 0.000000
vt 0.039270 -0.092560 0.000000
vt 0.039270 -0.083304 0.000000
vt 0.039270 -0.074048 0.000000
vt 0.052360 -0.111072 0.000000
vt 0.052360 -0.101816 0.000000
vt 0.052360 -0.092560 0.000000
vt 0.052360 -0.083304 0.000000
vt 0.052360 -0.074048 0.000000
vt 0.065450 -0.111072 0.000000
vt 0.065450 -0.101816 0.000000
vt 0.065450 -0.092560 0.000000
vt 0.065450 -0.083304 0.000000
vt 0.065450 -0.074048 0.000000
vt 0.078540 -0.111072 0.000000
vt 0.078540 -0.101816 0.000000
vt 0.078540 -0.092560 0.000000
vt 0.078540 -0.083304 0.000000
vt 0.078540 -0.074048 0.000000
vt -0.078540 0.504265 0.000000
vt -0.078540 0.448235 0.000000
vt -0.065450 0.498039 0.000000
vt -0.065450 0.448235 0.000000
vt -0.052360 0.448235 0.000000
vt -0.052360 0.498039 0.000000
vt -0.039270 0.448235 0.000000
vt -0.039270 0.498039 0.000000
vt -0.026180 0.448235 0.000000
vt -0.026180 0.498039 0.000000
vt -0.013090 0.448235 0.000000
vt -0.013090 0.498039 0.000000
vt -0.000000 0.448235 0.000000
vt -0.000000 0.498039 0.000000
vt -0.013090 0.547843 0.000000
vt -0.000000 0.547843 0.000000
vt -0.013090 0.597647 0.000000
vt -0.000000 0.597647 0.000000
vt -0.013090 0.647451 0.000000
vt -0.000000 0.647451 0.000000
vt -0.013090 0.697255 0.000000
vt -0.000000 0.697255 0.000000
vt -0.013090 0.747059 0.000000
vt -0.000000 0.747059 0.000000
vt -0.013090 0.796862 0.000000
vt -0.000000 0.796862 0.000000
vt -0.013090 0.846666 0.000000
vt -0.000000 0.846666 0.000000
vt -0.013090 0.896470 0.000000
vt -0.000000 0.896470 0.000000
vt -0.026180 0.896470 0.000000
vt -0.026180 0.846666 0.000000
vt -0.026180 0.796862 0.000000
vt -0.026180 0.747059 0.000000
vt -0.026180 0.697255 0.000000
vt -0.026180 0.647451 0.000000
vt -0.026180 0.597647 0.000000
vt -0.026180 0.547843 0.000000
vt -0.039270 0.896470 0.000000
vt -0.039270 0.846666 0.000000
vt -0.039270 0.796862 0.000000
vt -0.039270 0.747059 0.000000
vt -0.039270 0.697255 0.000000
vt -0.039270 0.647451 0.000000
vt -0.039270 0.597647 0.000000
vt -0.039270 0.547843 0.000000
vt -0.052360 0.896470 0.000000
vt -0.052360 0.846666 0.000000
vt -0.052360 0.796862 0.000000
vt -0.052360 0.747059 0.000000
vt -0.052360 0.697255 0.000000
vt -0.052360 0.647451 0.000000
vt -0.052360 0.597647 0.000000
vt -0.052360 0.547843 0.000000
vt -0.065450 0.896470 0.000000
vt -0.065450 0.846666 0.000000
vt -0.065450 0.796862 0.000000
vt -0.065450 0.747059 0.000000
vt -0.065450 0.697255 0.000000
vt -0.065450 0.647451 0.000000
vt -0.065450 0.597647 0.000000
vt -0.065450 0.547843 0.000000
vt -0.078540 0.896470 0.000000
vt -0.078540 0.840441 0.000000
vt -0.078540 0.784411 0.000000
vt -0.078540 0.728382 0.000000
vt -0.078540 0.672353 0.000000
vt -0.078540 0.616323 0.000000
vt -0.078540 0.560294 0.000000
vt -1.126127 -0.066097 0.000000
vt -1.307143 -0.065450 0.000000
vt -1.167233 -0.078540 0.000000
vt -1.568571 -0.065450 0.000000
vt -1.830000 -0.078540 0.000000
vt -1.830000 -0.065450 0.000000
vt -1.830000 -0.052360 0.000000
vt -1.568571 -0.052360 0.000000
vt -1.830000 -0.039270 0.000000
vt -1.568571 -0.039270 0.000000
vt -1.830000 -0.026180 0.000000
vt -1.568571 -0.026180 0.000000
vt -1.568571 -0.013105 0.000000
vt -1.307143 -0.013121 0.000000
vt -1.830000 0.000000 0.000000
vt -0.868834 -0.006068 0.000000
vt -0.845224 -0.005733 0.000000
vt -1.081648 -0.053947 0.000000
vt -1.307143 -0.052360 0.000000
vt -1.035891 -0.042361 0.000000
vt -1.307143 -0.039270 0.000000
vt -1.045714 -0.039270 0.000000
vt -0.989489 -0.031147 0.000000
vt -1.307143 -0.026180 0.000000
vt -1.045714 -0.026180 0.000000
vt -1.045714 -0.013136 0.000000
vt -0.947551 -0.021205 0.000000
vt -0.929668 -0.016909 0.000000
vt -0.914512 -0.013144 0.000000
vt -0.889916 -0.007284 0.000000
vt -0.880000 0.000000 0.000000
vt -0.821515 -0.006091 0.000000
vt -0.799974 -0.007342 0.000000
vt -0.775177 -0.013221 0.000000
vt -0.522857 -0.013090 0.000000
vt -0.261429 -0.013090 0.000000
vt -0.040245 -0.009817 0.000000
vt -0.030866 -0.019635 0.000000
vt -0.261429 -0.026180 0.000000
vt -0.022221 -0.029452 0.000000
vt -0.261429 -0.039270 0.000000
vt -0.014645 -0.039270 0.000000
vt -0.008427 -0.049087 0.000000
vt -0.261429 -0.052360 0.000000
vt -0.003806 -0.058905 0.000000
vt -0.261429 -0.065450 0.000000
vt -0.000961 -0.068722 0.000000
vt -0.000241 -0.073631 0.000000
vt 0.000000 -0.078540 0.000000
vt -0.522767 -0.078540 0.000000
vt -0.522857 -0.065450 0.000000
vt -0.563867 -0.066099 0.000000
vt -0.608306 -0.053959 0.000000
vt -0.522857 -0.052360 0.000000
vt -0.653948 -0.042401 0.000000
vt -0.522857 -0.039270 0.000000
vt -0.700164 -0.031229 0.000000
vt -0.522857 -0.026180 0.000000
vt -0.741948 -0.021324 0.000000
vt -0.759866 -0.017021 0.000000
vt -0.050000 0.000000 0.000000
vt -1.830000 -0.013090 0.000000
vt -0.820000 0.065450 0.000000
vt -0.552308 0.065450 0.000000
vt -0.820000 0.078540 0.000000
vt -0.284615 0.065450 0.000000
vt -0.016923 0.065450 0.000000
vt -0.016923 0.052360 0.000000
vt 0.250769 0.052360 0.000000
vt 0.250769 0.039270 0.000000
vt 0.518462 0.039270 0.000000
vt 0.518462 0.026180 0.000000
vt 0.786154 0.026180 0.000000
vt 0.786154 0.013090 0.000000
vt 1.053846 0.013090 0.000000
vt 2.610000 0.000000 0.000000
vt 1.321538 0.013090 0.000000
vt 1.589231 0.013090 0.000000
vt 1.321538 0.026180 0.000000
vt 1.589231 0.026180 0.000000
vt 1.321538 0.039270 0.000000
vt 1.589231 0.039270 0.000000
vt 1.321538 0.052360 0.000000
vt 1.589231 0.052360 0.000000
vt 1.321538 0.065450 0.000000
vt 1.589231 0.065450 0.000000
vt 2.659759 0.073631 0.000000
vt 1.856923 0.065450 0.000000
vt 2.124615 0.065450 0.000000
vt 2.124615 0.052360 0.000000
vt 2.392308 0.052360 0.000000
vt 2.392308 0.039270 0.000000
vt 2.651573 0.049087 0.000000
vt 2.645355 0.039270 0.000000
vt 2.637779 0.029452 0.000000
vt 2.392308 0.026180 0.000000
vt 2.629134 0.019635 0.000000
vt 2.392308 0.013090 0.000000
vt 2.619755 0.009817 0.000000
vt 2.124615 0.013090 0.000000
vt 1.856923 0.013090 0.000000
vt 1.856923 0.026180 0.000000
vt -0.552308 0.052360 0.000000
vt -0.820000 0.052360 0.000000
vt -0.552308 0.039270 0.000000
vt -0.820000 0.039270 0.000000
vt -0.552308 0.026180 0.000000
vt -0.820000 0.026180 0.000000
vt -0.552308 0.013090 0.000000
vt -0.820000 0.013090 0.000000
vt -0.820000 0.000000 0.000000
vt 0.518462 0.013090 0.000000
vt 0.250769 0.013090 0.000000
vt 0.250769 0.026180 0.000000
vt -0.016923 0.026180 0.000000
vt -0.016923 0.039270 0.000000
vt -0.284615 0.039270 0.000000
vt -0.284615 0.052360 0.000000
vt 2.656194 0.058905 0.000000
vt 2.392308 0.065450 0.000000
vt 2.659039 0.068722 0.000000
vt 2.660000 0.078540 0.000000
vt 1.053846 0.065450 0.000000
vt 0.250769 0.065450 0.000000
vt 0.518462 0.065450 0.000000
vt 0.786154 0.065450 0.000000
vt 0.786154 0.052360 0.000000
vt 1.053846 0.052360 0.000000
vt 1.053846 0.039270 0.000000
vt 0.518462 0.052360 0.000000
vt 1.856923 0.052360 0.000000
vt 1.856923 0.039270 0.000000
vt 0.786154 0.039270 0.000000
vt 2.124615 0.039270 0.000000
vt -0.284615 0.026180 0.000000
vt -0.284615 0.013090 0.000000
vt 1.053846 0.026180 0.000000
vt 2.124615 0.026180 0.000000
vt -0.016923 0.013090 0.000000
vt -0.000000 -1.071448 0.000000
vt -0.050000 -1.071448 0.000000
vt 0.000000 -1.130973 0.000000
vt -0.050000 -1.130973 0.000000
vt 0.000000 1.130973 0.000000
vt -0.050000 1.130973 0.000000
vt 0.000000 1.071448 0.000000
vt -0.050000 1.071448 0.000000
vt 0.000000 1.011924 0.000000
vt -0.050000 1.011924 0.000000
vt 0.000000 0.952399 0.000000
vt -0.050000 0.952399 0.000000
vt 0.000000 0.892874 0.000000
vt -0.050000 0.892874 0.000000
vt 0.000000 0.833349 0.000000
vt -0.050000 0.833349 0.000000
vt 0.000000 0.773824 0.000000
vt -0.050000 0.773824 0.000000
vt 0.000000 0.714299 0.000000
vt -0.050000 0.714299 0.000000
vt 0.000000 0.654774 0.000000
vt -0.050000 0.654774 0.000000
vt 0.000000 0.595249 0.000000
vt -0.050000 0.595249 0.000000
vt -0.000000 0.535724 0.000000
vt -0.050000 0.535724 0.000000
vt -0.000000 0.476199 0.000000
vt -0.050000 0.476199 0.000000
vt -0.000000 0.416674 0.000000
vt -0.050000 0.416674 0.000000
vt -0.000000 0.357149 0.000000
vt -0.050000 0.357149 0.000000
vt -0.000000 0.297625 0.000000
vt -0.050000 0.297625 0.000000
vt -0.000000 0.238100 0.000000
vt -0.050000 0.238100 0.000000
vt -0.000000 0.178575 0.000000
vt -0.050000 0.178575 0.000000
vt -0.000000 0.119050 0.000000
vt -0.050000 0.119050 0.000000
vt -0.000000 0.059525 0.000000
vt -0.050000 0.059525 0.000000
vt -0.000000 0.000000 0.000000
vt -0.050000 0.000000 0.000000
vt -0.000000 -0.059525 0.000000
vt -0.050000 -0.059525 0.000000
vt -0.000000 -0.119050 0.000000
vt -0.050000 -0.119050 0.000000
vt -0.000000 -0.178575 0.000000
vt -0.050000 -0.178575 0.000000
vt -0.000000 -0.238100 0.000000
vt -0.050000 -0.238100 0.000000
vt -0.000000 -0.297625 0.000000
vt -0.050000 -0.297625 0.000000
vt -0.000000 -0.357149 0.000000
vt -0.050000 -0.357149 0.000000
vt -0.000000 -0.416674 0.000000
vt -0.050000 -0.416674 0.000000
vt -0.000000 -0.476199 0.000000
vt -0.050000 -0.476199 0.000000
vt -0.000000 -0.535724 0.000000
vt -0.050000 -0.535724 0.000000
vt -0.000000 -0.595249 0.000000
vt -0.050000 -0.595249 0.000000
vt -0.000000 -0.654774 0.000000
vt -0.050000 -0.654774 0.000000
vt -0.000000 -0.714299 0.000000
vt -0.050000 -0.714299 0.000000
vt -0.000000 -0.773824 0.000000
vt -0.050000 -0.773824 0.000000
vt -0.000000 -0.833349 0.000000
vt -0.050000 -0.833349 0.000000
vt -0.000000 -0.892874 0.000000
vt -0.050000 -0.892874 0.000000
vt -0.000000 -0.952399 0.000000
vt -0.050000 -0.952399 0.000000
vt -0.000000 -1.011924 0.000000
vt -0.050000 -1.011924 0.000000
vt 0.355090 -0.059254 0.000000
vt 0.360000 0.000000 0.000000
vt 0.270000 0.000000 0.000000
vt 0.355090 0.059254 0.000000
vt 0.265121 0.051098 0.000000
vt 0.340494 0.116892 0.000000
vt 0.250659 0.100349 0.000000
vt 0.316611 0.171341 0.000000
vt 0.227138 0.145973 0.000000
vt 0.284091 0.221117 0.000000
vt 0.195408 0.186321 0.000000
vt 0.243821 0.264861 0.000000
vt 0.156615 0.219936 0.000000
vt 0.196901 0.301380 0.000000
vt 0.112162 0.245601 0.000000
vt 0.144610 0.329678 0.000000
vt 0.063655 0.262389 0.000000
vt 0.088375 0.348984 0.000000
vt 0.029729 0.358770 0.000000
vt 0.012847 0.269694 0.000000
vt -0.029729 0.358770 0.000000
vt -0.038425 0.267252 0.000000
vt -0.088375 0.348984 0.000000
vt -0.088308 0.255150 0.000000
vt -0.144610 0.329678 0.000000
vt -0.135000 0.233827 0.000000
vt -0.196901 0.301380 0.000000
vt -0.176812 0.204052 0.000000
vt -0.243821 0.264861 0.000000
vt -0.212234 0.166903 0.000000
vt -0.284091 0.221117 0.000000
vt -0.316611 0.171341 0.000000
vt -0.239986 0.123721 0.000000
vt -0.340494 0.116892 0.000000
vt -0.259063 0.076068 0.000000
vt -0.355090 0.059254 0.000000
vt -0.268777 0.025665 0.000000
vt -0.360000 0.000000 0.000000
vt -0.268777 -0.025665 0.000000
vt -0.355090 -0.059254 0.000000
vt -0.259063 -0.076068 0.000000
vt -0.340494 -0.116892 0.000000
vt -0.239986 -0.123721 0.000000
vt -0.316611 -0.171341 0.000000
vt -0.212234 -0.166903 0.000000
vt -0.284091 -0.221117 0.000000
vt -0.243821 -0.264861 0.000000
vt -0.176812 -0.204052 0.000000
vt -0.196901 -0.301380 0.000000
vt -0.135000 -0.233827 0.000000
vt -0.144610 -0.329678 0.000000
vt -0.088308 -0.255150 0.000000
vt -0.088375 -0.348984 0.000000
vt -0.038425 -0.267252 0.000000
vt -0.029729 -0.358770 0.000000
vt 0.012847 -0.269694 0.000000
vt 0.029729 -0.358770 0.000000
vt 0.063655 -0.262389 0.000000
vt 0.088375 -0.348984 0.000000
vt 0.144610 -0.329678 0.000000
vt 0.112162 -0.245601 0.000000
vt 0.196901 -0.301380 0.000000
vt 0.156615 -0.219936 0.000000
vt 0.243821 -0.264861 0.000000
vt 0.195408 -0.186321 0.000000
vt 0.284091 -0.221117 0.000000
vt 0.227138 -0.145973 0.000000
vt 0.316611 -0.171341 0.000000
vt 0.250659 -0.100349 0.000000
vt 0.340494 -0.116892 0.000000
vt 0.265121 -0.051098 0.000000
vt -0.000000 -1.071448 0.000000
vt -0.050000 -1.071448 0.000000
vt -0.000000 -1.130973 0.000000
vt -0.050000 -1.130973 0.000000
vt -0.000000 1.130973 0.000000
vt -0.050000 1.130973 0.000000
vt -0.000000 1.071448 0.000000
vt -0.050000 1.071448 0.000000
vt -0.000000 1.011924 0.000000
vt -0.050000 1.011924 0.000000
vt -0.000000 0.952399 0.000000
vt -0.050000 0.952399 0.000000
vt -0.000000 0.892874 0.000000
vt -0.050000 0.892874 0.000000
vt -0.000000 0.833349 0.000000
vt -0.050000 0.833349 0.000000
vt -0.000000 0.773824 0.000000
vt -0.050000 0.773824 0.000000
vt -0.000000 0.714299 0.000000
vt -0.050000 0.714299 0.000000
vt -0.000000 0.654774 0.000000
vt -0.050000 0.654774 0.000000
vt -0.000000 0.595249 0.000000
vt -0.050000 0.595249 0.000000
vt -0.000000 0.535724 0.000000
vt -0.050000 0.535724 0.000000
vt -0.000000 0.476199 0.000000
vt -0.050000 0.476199 0.000000
vt -0.000000 0.416674 0.000000
vt -0.050000 0.416674 0.000000
vt -0.000000 0.357149 0.000000
vt -0.050000 0.357149 0.000000
vt -0.000000 0.297625 0.000000
vt -0.050000 0.297625 0.000000
vt -0.000000 0.238100 0.000000
vt -0.050000 0.238100 0.000000
vt -0.000000 0.178575 0.000000
vt -0.050000 0.178575 0.000000
vt -0.000000 0.119050 0.000000
vt -0.050000 0.119050 0.000000
vt -0.000000 0.059525 0.000000
vt -0.050000 0.059525 0.000000
vt -0.000000 0.000000 0.000000
vt -0.050000 0.000000 0.000000
vt -0.000000 -0.059525 0.000000
vt -0.050000 -0.059525 0.000000
vt -0.000000 -0.119050 0.000000
vt -0.050000 -0.119050 0.000000
vt -0.000000 -0.178575 0.000000
vt -0.050000 -0.178575 0.000000
vt -0.000000 -0.238100 0.000000
vt -0.050000 -0.238100 0.000000
vt -0.000000 -0.297625 0.000000
vt -0.050000 -0.297625 0.000000
vt -0.000000 -0.357149 0.000000
vt -0.050000 -0.357149 0.000000
vt -0.000000 -0.416674 0.000000
vt -0.050000 -0.416674 0.000000
vt -0.000000 -0.476199 0.000000
vt -0.050000 -0.476199 0.000000
vt -0.000000 -0.535724 0.000000
vt -0.050000 -0.535724 0.000000
vt -0.000000 -0.595249 0.000000
vt -0.050000 -0.595249 0.000000
vt -0.000000 -0.654774 0.000000
vt -0.050000 -0.654774 0.000000
vt -0.000000 -0.714299 0.000000
vt -0.050000 -0.714299 0.000000
vt -0.000000 -0.773824 0.000000
vt -0.050000 -0.773824 0.000000
vt -0.000000 -0.833349 0.000000
vt -0.050000 -0.833349 0.000000
vt -0.000000 -0.892874 0.000000
vt -0.050000 -0.892874 0.000000
vt -0.000000 -0.952399 0.000000
vt -0.050000 -0.952399 0.000000
vt -0.000000 -1.011924 0.000000
vt -0.050000 -1.011924 0.000000
vt 0.355090 -0.059254 0.000000
vt 0.360000 0.000000 0.000000
vt 0.270000 0.000000 0.000000
vt 0.355090 0.059254 0.000000
vt 0.265121 0.051098 0.000000
vt 0.340494 0.116892 0.000000
vt 0.250659 0.100349 0.000000
vt 0.316611 0.171341 0.000000
vt 0.227138 0.145973 0.000000
vt 0.284091 0.221117 0.000000
vt 0.195408 0.186321 0.000000
vt 0.243821 0.264861 0.000000
vt 0.156615 0.219936 0.000000
vt 0.196901 0.301380 0.000000
vt 0.112162 0.245601 0.000000
vt 0.144610 0.329678 0.000000
vt 0.063655 0.262389 0.000000
vt 0.088375 0.348984 0.000000
vt 0.029729 0.358770 0.000000
vt 0.012847 0.269694 0.000000
vt -0.029729 0.358770 0.000000
vt -0.038425 0.267252 0.000000
vt -0.088375 0.348984 0.000000
vt -0.088308 0.255150 0.000000
vt -0.144610 0.329678 0.000000
vt -0.135000 0.233827 0.000000
vt -0.196901 0.301380 0.000000
vt -0.176812 0.204052 0.000000
vt -0.243821 0.264861 0.000000
vt -0.212234 0.166903 0.000000
vt -0.284091 0.221117 0.000000
vt -0.316611 0.171341 0.000000
vt -0.239986 0.123721 0.000000
vt -0.340494 0.116892 0.000000
vt -0.259063 0.076068 0.000000
vt -0.355090 0.059254 0.000000
vt -0.268777 0.025665 0.000000
vt -0.360000 0.000000 0.000000
vt -0.268777 -0.025665 0.000000
vt -0.355090 -0.059254 0.000000
vt -0.259063 -0.076068 0.000000
vt -0.340494 -0.116892 0.000000
vt -0.239986 -0.123721 0.000000
vt -0.316611 -0.171341 0.000000
vt -0.212234 -0.166903 0.000000
vt -0.284091 -0.221117 0.000000
vt -0.243821 -0.264861 0.000000
vt -0.176812 -0.204052 0.000000
vt -0.196901 -0.301380 0.000000
vt -0.135000 -0.233827 0.000000
vt -0.144610 -0.329678 0.000000
vt -0.088308 -0.255150 0.000000
vt -0.088375 -0.348984 0.000000
vt -0.038425 -0.267252 0.000000
vt -0.029729 -0.358770 0.000000
vt 0.012847 -0.269694 0.000000
vt 0.029729 -0.358770 0.000000
vt 0.063655 -0.262389 0.000000
vt 0.088375 -0.348984 0.000000
vt 0.144610 -0.329678 0.000000
vt 0.112162 -0.245601 0.000000
vt 0.196901 -0.301380 0.000000
vt 0.156615 -0.219936 0.000000
vt 0.243821 -0.264861 0.000000
vt 0.195408 -0.186321 0.000000
vt 0.284091 -0.221117 0.000000
vt 0.227138 -0.145973 0.000000
vt 0.316611 -0.171341 0.000000
vt 0.250659 -0.100349 0.000000
vt 0.340494 -0.116892 0.000000
vt 0.265121 -0.051098 0.000000
vt 0.790000 0.201246 0.000000
vt -0.000000 0.201246 0.000000
vt 0.790000 -0.201246 0.000000
vt -0.000000 -0.201246 0.000000
vt -0.180000 0.201246 0.000000
vt -0.214260 0.164294 0.000000
vt -0.180000 -0.201246 0.000000
vt -0.214260 -0.164294 0.000000
vt -0.241058 -0.121619 0.000000
vt -0.241058 0.121619 0.000000
vt -0.259458 -0.074708 0.000000
vt -0.259458 0.074708 0.000000
vt -0.268822 -0.025195 0.000000
vt -0.268822 0.025195 0.000000
vt -0.790000 -0.201246 0.000000
vt 0.000000 -0.201246 0.000000
vt -0.790000 0.201246 0.000000
vt 0.000000 0.201246 0.000000
vt 0.180000 0.201246 0.000000
vt 0.180000 -0.201246 0.000000
vt 0.214260 0.164294 0.000000
vt 0.214260 -0.164294 0.000000
vt 0.241058 -0.121619 0.000000
vt 0.241058 0.121619 0.000000
vt 0.259458 -0.074708 0.000000
vt 0.259458 0.074708 0.000000
vt 0.268822 -0.025195 0.000000
vt 0.268822 0.025195 0.000000
vt -0.790000 -0.201246 0.000000
vt 0.000000 -0.201246 0.000000
vt -0.790000 0.201246 0.000000
vt 0.000000 0.201246 0.000000
vt 0.180000 0.201246 0.000000
vt 0.180000 -0.201246 0.000000
vt 0.214260 0.164294 0.000000
vt 0.214260 -0.164294 0.000000
vt 0.241058 -0.121619 0.000000
vt 0.241058 0.121619 0.000000
vt 0.259458 -0.074708 0.000000
vt 0.259458 0.074708 0.000000
vt 0.268822 -0.025195 0.000000
vt 0.268822 0.025195 0.000000
vt 0.790000 0.201246 0.000000
vt -0.000000 0.201246 0.000000
vt 0.790000 -0.201246 0.000000
vt -0.000000 -0.201246 0.000000
vt -0.180000 0.201246 0.000000
vt -0.214260 0.164294 0.000000
vt -0.180000 -0.201246 0.000000
vt -0.214260 -0.164294 0.000000
vt -0.241058 -0.121619 0.000000
vt -0.241058 0.121619 0.000000
vt -0.259458 -0.074708 0.000000
vt -0.259458 0.074708 0.000000
vt -0.268822 -0.025195 0.000000
vt -0.268822 0.025195 0.000000
vt -1.620000 -2.350630 0.000000
vt -0.200000 -2.350630 0.000000
vt -1.620000 -2.255547 0.000000
vt -0.200000 -2.255547 0.000000
vt -1.620000 -2.160464 0.000000
vt -0.200000 -2.160464 0.000000
vt -1.620000 -2.065380 0.000000
vt -0.200000 -2.065380 0.000000
vt -1.620000 -1.970297 0.000000
vt -0.200000 -1.970297 0.000000
vt -1.620000 -1.875214 0.000000
vt -0.200000 -1.875214 0.000000
vt -1.620000 -1.780131 0.000000
vt -0.200000 -1.780131 0.000000
vt -1.620000 -1.685047 0.000000
vt -0.200000 -1.685047 0.000000
vt -1.620000 -1.589964 0.000000
vt -0.200000 -1.589964 0.000000
vt -1.620000 -1.494881 0.000000
vt -0.200000 -1.494881 0.000000
vt -1.620000 -1.399798 0.000000
vt -0.200000 -1.399798 0.000000
vt -1.620000 -1.304715 0.000000
vt -0.200000 -1.304715 0.000000
vt -1.620000 -1.209631 0.000000
vt -0.200000 -1.209631 0.000000
vt -1.620000 -1.114548 0.000000
vt -0.200000 -1.114548 0.000000
vt -1.620000 -1.019465 0.000000
vt -0.200000 -1.019465 0.000000
vt -1.620000 -0.924382 0.000000
vt -0.200000 -0.924382 0.000000
vt -1.620000 -0.829298 0.000000
vt -0.200000 -0.829298 0.000000
vt -1.620000 -0.734215 0.000000
vt -0.200000 -0.734215 0.000000
vt -1.620000 -0.639132 0.000000
vt -0.200000 -0.639132 0.000000
vt 0.000000 0.200000 0.000000
vt 0.492239 0.000000 0.000000
vt -0.000000 1.620000 0.000000
vt 0.839903 0.000000 0.000000
vt 1.332142 1.620000 0.000000
vt 1.332142 0.200000 0.000000
vt 0.911138 0.000312 0.000000
vt 0.985434 0.002615 0.000000
vt 0.001439 0.182195 0.000000
vt 0.005466 0.164039 0.000000
vt 0.011643 0.146881 0.000000
vt 0.019811 0.131363 0.000000
vt 0.042366 0.102080 0.000000
vt 0.068968 0.078305 0.000000
vt 0.099778 0.058779 0.000000
vt 0.133436 0.042637 0.000000
vt 0.166854 0.030514 0.000000
vt 0.200684 0.021380 0.000000
vt 0.272289 0.008955 0.000000
vt 0.346708 0.002615 0.000000
vt 0.421003 0.000312 0.000000
vt 1.059853 0.008955 0.000000
vt 1.131458 0.021380 0.000000
vt 1.165288 0.030514 0.000000
vt 1.198706 0.042637 0.000000
vt 1.232364 0.058779 0.000000
vt 1.263174 0.078305 0.000000
vt 1.289776 0.102080 0.000000
vt 1.312331 0.131363 0.000000
vt 1.320499 0.146881 0.000000
vt 1.326676 0.164039 0.000000
vt 1.330702 0.182195 0.000000
vt -1.620000 0.639132 0.000000
vt -0.200000 0.639132 0.000000
vt -1.620000 0.734215 0.000000
vt -0.200000 0.734215 0.000000
vt -1.620000 0.829298 0.000000
vt -0.200000 0.829298 0.000000
vt -1.620000 0.924382 0.000000
vt -0.200000 0.924382 0.000000
vt -1.620000 1.019465 0.000000
vt -0.200000 1.019465 0.000000
vt -1.620000 1.114548 0.000000
vt -0.200000 1.114548 0.000000
vt -1.620000 1.209631 0.000000
vt -0.200000 1.209631 0.000000
vt -1.620000 1.304715 0.000000
vt -0.200000 1.304715 0.000000
vt -1.620000 1.399798 0.000000
vt -0.200000 1.399798 0.000000
vt -1.620000 1.494881 0.000000
vt -0.200000 1.494881 0.000000
vt -1.620000 1.589964 0.000000
vt -0.200000 1.589964 0.000000
vt -1.620000 1.685047 0.000000
vt -0.200000 1.685047 0.000000
vt -1.620000 1.780131 0.000000
vt -0.200000 1.780131 0.000000
vt -1.620000 1.875214 0.000000
vt -0.200000 1.875214 0.000000
vt -1.620000 1.970297 0.000000
vt -0.200000 1.970297 0.000000
vt -1.620000 2.065380 0.000000
vt -0.200000 2.065380 0.000000
vt -1.620000 2.160464 0.000000
vt -0.200000 2.160464 0.000000
vt -1.620000 2.255547 0.000000
vt -0.200000 2.255547 0.000000
vt -1.620000 2.350630 0.000000
vt -0.200000 2.350630 0.000000
vt 0.839903 0.000000 0.000000
vt -0.000000 1.620000 0.000000
vt 0.492239 0.000000 0.000000
vt -0.000000 0.200000 0.000000
vt 0.421003 0.000312 0.000000
vt 0.346708 0.002615 0.000000
vt 0.272289 0.008955 0.000000
vt 0.200684 0.021380 0.000000
vt 0.166854 0.030514 0.000000
vt 0.133436 0.042637 0.000000
vt 0.099778 0.058779 0.000000
vt 0.068968 0.078305 0.000000
vt 0.042366 0.102080 0.000000
vt 0.019811 0.131363 0.000000
vt 0.011643 0.146881 0.000000
vt 0.005466 0.164039 0.000000
vt 0.001439 0.182195 0.000000
vt 0.911138 0.000312 0.000000
vt 1.332142 0.200000 0.000000
vt 1.332142 1.620000 0.000000
vt 0.985434 0.002615 0.000000
vt 1.059853 0.008955 0.000000
vt 1.131458 0.021380 0.000000
vt 1.165288 0.030514 0.000000
vt 1.198706 0.042637 0.000000
vt 1.232364 0.058779 0.000000
vt 1.263174 0.078305 0.000000
vt 1.289776 0.102080 0.000000
vt 1.312331 0.131363 0.000000
vt 1.320499 0.146881 0.000000
vt 1.326676 0.164039 0.000000
vt 1.330702 0.182195 0.000000
vt 0.745000 0.247743 0.000000
vt -0.745000 0.247743 0.000000
vt 0.745000 -0.099920 0.000000
vt -0.745000 -0.099920 0.000000
vt 0.728614 -0.184745 0.000000
vt 0.702603 -0.267129 0.000000
vt 0.667311 -0.345984 0.000000
vt 0.623204 -0.420269 0.000000
vt 0.570864 -0.489002 0.000000
vt 0.510983 -0.551276 0.000000
vt 0.444352 -0.606267 0.000000
vt 0.371852 -0.653250 0.000000
vt 0.294439 -0.691603 0.000000
vt 0.213136 -0.720820 0.000000
vt 0.129019 -0.740516 0.000000
vt -0.728614 -0.184745 0.000000
vt -0.702603 -0.267129 0.000000
vt 0.728614 0.332568 0.000000
vt 0.702603 0.414952 0.000000
vt 0.667311 0.493808 0.000000
vt 0.623204 0.568093 0.000000
vt 0.570864 0.636826 0.000000
vt 0.510983 0.699100 0.000000
vt 0.444352 0.754091 0.000000
vt 0.371852 0.801073 0.000000
vt 0.294439 0.839427 0.000000
vt 0.213136 0.868644 0.000000
vt 0.129019 0.888339 0.000000
vt 0.043196 0.898252 0.000000
vt -0.043196 0.898252 0.000000
vt -0.129019 0.888339 0.000000
vt -0.213136 0.868644 0.000000
vt -0.294439 0.839427 0.000000
vt -0.371852 0.801073 0.000000
vt -0.444352 0.754091 0.000000
vt -0.510983 0.699100 0.000000
vt -0.570864 0.636826 0.000000
vt -0.623204 0.568093 0.000000
vt -0.667311 0.493808 0.000000
vt -0.702603 0.414952 0.000000
vt -0.728614 0.332568 0.000000
vt -0.667311 -0.345984 0.000000
vt -0.623204 -0.420269 0.000000
vt -0.570864 -0.489002 0.000000
vt -0.510983 -0.551276 0.000000
vt -0.444352 -0.606267 0.000000
vt -0.371852 -0.653250 0.000000
vt -0.294439 -0.691603 0.000000
vt -0.213136 -0.720820 0.000000
vt -0.129019 -0.740516 0.000000
vt -0.043196 -0.750429 0.000000
vt 0.043196 -0.750429 0.000000
vt -0.314159 0.119072 0.000000
vt -0.301420 0.201679 0.000000
vt -0.314159 0.221775 0.000000
vt -0.281303 0.284240 0.000000
vt -0.314159 0.324479 0.000000
vt -0.269279 0.384684 0.000000
vt -0.314159 0.427182 0.000000
vt -0.269279 0.473222 0.000000
vt -0.314159 0.529886 0.000000
vt -0.269279 0.561759 0.000000
vt -0.314159 0.632589 0.000000
vt -0.269279 0.650297 0.000000
vt -0.314159 0.735293 0.000000
vt -0.269279 0.738834 0.000000
vt -0.269279 0.827372 0.000000
vt -0.224399 0.738834 0.000000
vt -0.224399 0.827372 0.000000
vt -0.179520 0.738834 0.000000
vt -0.179520 0.827372 0.000000
vt -0.134640 0.738834 0.000000
vt -0.134640 0.827372 0.000000
vt -0.089760 0.738834 0.000000
vt -0.089760 0.827372 0.000000
vt -0.044880 0.738834 0.000000
vt -0.044880 0.827372 0.000000
vt -0.000000 0.778252 0.000000
vt -0.000000 0.867483 0.000000
vt -0.254161 0.362197 0.000000
vt -0.220883 0.432092 0.000000
vt -0.224399 0.473222 0.000000
vt -0.224399 0.561759 0.000000
vt -0.224399 0.650297 0.000000
vt -0.202225 0.463275 0.000000
vt -0.181290 0.492906 0.000000
vt -0.179520 0.561759 0.000000
vt -0.179520 0.650297 0.000000
vt -0.156997 0.521575 0.000000
vt -0.134640 0.561759 0.000000
vt -0.134640 0.650297 0.000000
vt -0.130843 0.546794 0.000000
vt -0.102403 0.567794 0.000000
vt -0.089760 0.650297 0.000000
vt -0.070079 0.585048 0.000000
vt -0.044880 0.650297 0.000000
vt -0.053769 0.591172 0.000000
vt -0.036181 0.595761 0.000000
vt -0.017838 0.598733 0.000000
vt -0.000000 0.599791 0.000000
vt -0.000000 0.689022 0.000000
vt -0.044880 0.915909 0.000000
vt -0.000000 0.956713 0.000000
vt -0.044880 1.004447 0.000000
vt -0.000000 1.045944 0.000000
vt -0.044880 1.092985 0.000000
vt -0.000000 1.135174 0.000000
vt -0.044880 1.181522 0.000000
vt -0.000000 1.224405 0.000000
vt -0.044880 1.270060 0.000000
vt -0.000000 1.313635 0.000000
vt -0.044880 1.358597 0.000000
vt -0.000000 1.402866 0.000000
vt -0.044880 1.447135 0.000000
vt -0.000000 1.492096 0.000000
vt -0.044880 1.535672 0.000000
vt -0.000000 1.581327 0.000000
vt -0.044880 1.624210 0.000000
vt -0.000000 1.670557 0.000000
vt -0.044880 1.712747 0.000000
vt -0.000000 1.759788 0.000000
vt -0.044880 1.801285 0.000000
vt -0.000000 1.849019 0.000000
vt -0.044880 1.889822 0.000000
vt -0.000000 1.938249 0.000000
vt -0.044880 1.978360 0.000000
vt -0.000000 2.027480 0.000000
vt -0.044880 2.066897 0.000000
vt -0.000000 2.116710 0.000000
vt -0.044880 2.155435 0.000000
vt -0.017838 2.206999 0.000000
vt -0.036181 2.209970 0.000000
vt -0.000000 2.205941 0.000000
vt -0.053769 2.214559 0.000000
vt -0.070079 2.220684 0.000000
vt -0.089760 2.155435 0.000000
vt -0.102403 2.237937 0.000000
vt -0.134640 2.155435 0.000000
vt -0.134640 2.243972 0.000000
vt -0.179520 2.243972 0.000000
vt -0.156997 2.284157 0.000000
vt -0.181290 2.312826 0.000000
vt -0.130843 2.258938 0.000000
vt -0.224399 2.243972 0.000000
vt -0.202225 2.342456 0.000000
vt -0.224399 2.332510 0.000000
vt -0.220883 2.373640 0.000000
vt -0.254161 2.443535 0.000000
vt -0.281303 2.521492 0.000000
vt -0.269279 2.421048 0.000000
vt -0.269279 2.332510 0.000000
vt -0.301420 2.604053 0.000000
vt -0.314159 2.583957 0.000000
vt -0.314159 2.481253 0.000000
vt -0.314159 2.378550 0.000000
vt -0.314159 2.275846 0.000000
vt -0.269279 2.243972 0.000000
vt -0.314159 2.173142 0.000000
vt -0.269279 2.155435 0.000000
vt -0.314159 2.070439 0.000000
vt -0.269279 2.066897 0.000000
vt -0.269279 1.978360 0.000000
vt -0.224399 1.978360 0.000000
vt -0.224399 1.889822 0.000000
vt -0.179520 1.889822 0.000000
vt -0.179520 1.801285 0.000000
vt -0.134640 1.801285 0.000000
vt -0.134640 1.712747 0.000000
vt -0.089760 1.712747 0.000000
vt -0.089760 1.624210 0.000000
vt -0.314159 2.686660 0.000000
vt -0.314159 1.967735 0.000000
vt -0.269279 1.889822 0.000000
vt -0.224399 1.801285 0.000000
vt -0.179520 1.712747 0.000000
vt -0.134640 1.624210 0.000000
vt -0.089760 1.535672 0.000000
vt -0.314159 1.865032 0.000000
vt -0.269279 1.801285 0.000000
vt -0.224399 1.712747 0.000000
vt -0.179520 1.624210 0.000000
vt -0.134640 1.535672 0.000000
vt -0.089760 1.447135 0.000000
vt -0.314159 1.762328 0.000000
vt -0.269279 1.712747 0.000000
vt -0.224399 1.624210 0.000000
vt -0.179520 1.535672 0.000000
vt -0.134640 1.447135 0.000000
vt -0.089760 1.358597 0.000000
vt -0.314159 1.659625 0.000000
vt -0.269279 1.624210 0.000000
vt -0.224399 1.535672 0.000000
vt -0.179520 1.447135 0.000000
vt -0.134640 1.358597 0.000000
vt -0.089760 1.270060 0.000000
vt -0.314159 1.556921 0.000000
vt -0.269279 1.535672 0.000000
vt -0.224399 1.447135 0.000000
vt -0.179520 1.358597 0.000000
vt -0.134640 1.270060 0.000000
vt -0.089760 1.181522 0.000000
vt -0.314159 1.454218 0.000000
vt -0.269279 1.447135 0.000000
vt -0.224399 1.358597 0.000000
vt -0.179520 1.270060 0.000000
vt -0.134640 1.181522 0.000000
vt -0.089760 1.092985 0.000000
vt -0.314159 1.351514 0.000000
vt -0.269279 1.358597 0.000000
vt -0.224399 1.270060 0.000000
vt -0.179520 1.181522 0.000000
vt -0.134640 1.092985 0.000000
vt -0.089760 1.004447 0.000000
vt -0.269279 1.270060 0.000000
vt -0.314159 1.248811 0.000000
vt -0.269279 1.181522 0.000000
vt -0.314159 1.146107 0.000000
vt -0.269279 1.092985 0.000000
vt -0.314159 1.043403 0.000000
vt -0.269279 1.004447 0.000000
vt -0.314159 0.940700 0.000000
vt -0.269279 0.915909 0.000000
vt -0.314159 0.837996 0.000000
vt -0.089760 0.915909 0.000000
vt -0.134640 0.915909 0.000000
vt -0.134640 1.004447 0.000000
vt -0.179520 0.915909 0.000000
vt -0.179520 1.004447 0.000000
vt -0.179520 1.092985 0.000000
vt -0.224399 0.915909 0.000000
vt -0.224399 1.004447 0.000000
vt -0.224399 1.092985 0.000000
vt -0.224399 1.181522 0.000000
vt -0.089760 1.801285 0.000000
vt -0.134640 1.889822 0.000000
vt -0.179520 1.978360 0.000000
vt -0.224399 2.066897 0.000000
vt -0.089760 1.889822 0.000000
vt -0.134640 1.978360 0.000000
vt -0.179520 2.066897 0.000000
vt -0.224399 2.155435 0.000000
vt -0.089760 1.978360 0.000000
vt -0.134640 2.066897 0.000000
vt -0.179520 2.155435 0.000000
vt -0.089760 2.066897 0.000000
vt -0.314159 -2.686660 0.000000
vt -0.301420 -2.604053 0.000000
vt -0.314159 -2.583957 0.000000
vt -0.281303 -2.521492 0.000000
vt -0.314159 -2.481253 0.000000
vt -0.269279 -2.421048 0.000000
vt -0.314159 -2.378550 0.000000
vt -0.269279 -2.332510 0.000000
vt -0.314159 -2.275846 0.000000
vt -0.269279 -2.243972 0.000000
vt -0.314159 -2.173142 0.000000
vt -0.269279 -2.155435 0.000000
vt -0.314159 -2.070439 0.000000
vt -0.269279 -2.066897 0.000000
vt -0.269279 -1.978360 0.000000
vt -0.224399 -2.066897 0.000000
vt -0.224399 -1.978360 0.000000
vt -0.179520 -2.066897 0.000000
vt -0.179520 -1.978360 0.000000
vt -0.134640 -2.066897 0.000000
vt -0.134640 -1.978360 0.000000
vt -0.089760 -2.066897 0.000000
vt -0.089760 -1.978360 0.000000
vt -0.044880 -2.066897 0.000000
vt -0.044880 -1.978360 0.000000
vt -0.000000 -2.027480 0.000000
vt -0.000000 -1.938249 0.000000
vt -0.254161 -2.443535 0.000000
vt -0.220883 -2.373640 0.000000
vt -0.224399 -2.332510 0.000000
vt -0.224399 -2.243972 0.000000
vt -0.224399 -2.155435 0.000000
vt -0.202225 -2.342456 0.000000
vt -0.181290 -2.312826 0.000000
vt -0.179520 -2.243972 0.000000
vt -0.179520 -2.155435 0.000000
vt -0.156997 -2.284157 0.000000
vt -0.134640 -2.243972 0.000000
vt -0.134640 -2.155435 0.000000
vt -0.130843 -2.258938 0.000000
vt -0.102403 -2.237937 0.000000
vt -0.089760 -2.155435 0.000000
vt -0.070079 -2.220684 0.000000
vt -0.044880 -2.155435 0.000000
vt -0.053769 -2.214559 0.000000
vt -0.036181 -2.209970 0.000000
vt -0.017838 -2.206999 0.000000
vt -0.000000 -2.205941 0.000000
vt -0.000000 -2.116710 0.000000
vt -0.044880 -1.889822 0.000000
vt -0.000000 -1.849019 0.000000
vt -0.044880 -1.801285 0.000000
vt -0.000000 -1.759788 0.000000
vt -0.044880 -1.712747 0.000000
vt -0.000000 -1.670557 0.000000
vt -0.044880 -1.624210 0.000000
vt -0.000000 -1.581327 0.000000
vt -0.044880 -1.535672 0.000000
vt -0.000000 -1.492096 0.000000
vt -0.044880 -1.447135 0.000000
vt -0.000000 -1.402866 0.000000
vt -0.044880 -1.358597 0.000000
vt 0.000000 -1.313635 0.000000
vt -0.044880 -1.270060 0.000000
vt 0.000000 -1.224405 0.000000
vt -0.044880 -1.181522 0.000000
vt 0.000000 -1.135174 0.000000
vt -0.044880 -1.092985 0.000000
vt 0.000000 -1.045944 0.000000
vt -0.044880 -1.004447 0.000000
vt 0.000000 -0.956713 0.000000
vt -0.044880 -0.915909 0.000000
vt 0.000000 -0.867483 0.000000
vt -0.044880 -0.827372 0.000000
vt 0.000000 -0.778252 0.000000
vt -0.044880 -0.738834 0.000000
vt 0.000000 -0.689022 0.000000
vt -0.044880 -0.650297 0.000000
vt -0.017838 -0.598733 0.000000
vt -0.036181 -0.595761 0.000000
vt 0.000000 -0.599791 0.000000
vt -0.053769 -0.591172 0.000000
vt -0.070079 -0.585048 0.000000
vt -0.089760 -0.650297 0.000000
vt -0.102403 -0.567794 0.000000
vt -0.134640 -0.650297 0.000000
vt -0.134640 -0.561759 0.000000
vt -0.179520 -0.561759 0.000000
vt -0.156997 -0.521575 0.000000
vt -0.181290 -0.492906 0.000000
vt -0.130843 -0.546794 0.000000
vt -0.224399 -0.561759 0.000000
vt -0.202225 -0.463275 0.000000
vt -0.224399 -0.473222 0.000000
vt -0.220883 -0.432092 0.000000
vt -0.254161 -0.362197 0.000000
vt -0.281303 -0.284240 0.000000
vt -0.269279 -0.384684 0.000000
vt -0.269279 -0.473222 0.000000
vt -0.301420 -0.201679 0.000000
vt -0.314159 -0.221775 0.000000
vt -0.314159 -0.324479 0.000000
vt -0.314159 -0.427182 0.000000
vt -0.314159 -0.529886 0.000000
vt -0.269279 -0.561759 0.000000
vt -0.314159 -0.632589 0.000000
vt -0.269279 -0.650297 0.000000
vt -0.314159 -0.735293 0.000000
vt -0.269279 -0.738834 0.000000
vt -0.269279 -0.827372 0.000000
vt -0.224399 -0.827372 0.000000
vt -0.224399 -0.915909 0.000000
vt -0.179520 -0.915909 0.000000
vt -0.179520 -1.004447 0.000000
vt -0.134640 -1.004447 0.000000
vt -0.134640 -1.092985 0.000000
vt -0.089760 -1.092985 0.000000
vt -0.089760 -1.181522 0.000000
vt -0.314159 -0.119072 0.000000
vt -0.314159 -0.837996 0.000000
vt -0.269279 -0.915909 0.000000
vt -0.224399 -1.004447 0.000000
vt -0.179520 -1.092985 0.000000
vt -0.134640 -1.181522 0.000000
vt -0.089760 -1.270060 0.000000
vt -0.314159 -0.940700 0.000000
vt -0.269279 -1.004447 0.000000
vt -0.224399 -1.092985 0.000000
vt -0.179520 -1.181522 0.000000
vt -0.134640 -1.270060 0.000000
vt -0.089760 -1.358597 0.000000
vt -0.314159 -1.043403 0.000000
vt -0.269279 -1.092985 0.000000
vt -0.224399 -1.181522 0.000000
vt -0.179520 -1.270060 0.000000
vt -0.134640 -1.358597 0.000000
vt -0.089760 -1.447135 0.000000
vt -0.314159 -1.146107 0.000000
vt -0.269279 -1.181522 0.000000
vt -0.224399 -1.270060 0.000000
vt -0.179520 -1.358597 0.000000
vt -0.134640 -1.447135 0.000000
vt -0.089760 -1.535672 0.000000
vt -0.314159 -1.248811 0.000000
vt -0.269279 -1.270060 0.000000
vt -0.224399 -1.358597 0.000000
vt -0.179520 -1.447135 0.000000
vt -0.134640 -1.535672 0.000000
vt -0.089760 -1.624210 0.000000
vt -0.314159 -1.351514 0.000000
vt -0.269279 -1.358597 0.000000
vt -0.224399 -1.447135 0.000000
vt -0.179520 -1.535672 0.000000
vt -0.134640 -1.624210 0.000000
vt -0.089760 -1.712747 0.000000
vt -0.314159 -1.454218 0.000000
vt -0.269279 -1.447135 0.000000
vt -0.224399 -1.535672 0.000000
vt -0.179520 -1.624210 0.000000
vt -0.134640 -1.712747 0.000000
vt -0.089760 -1.801285 0.000000
vt -0.269279 -1.535672 0.000000
vt -0.314159 -1.556921 0.000000
vt -0.269279 -1.624210 0.000000
vt -0.314159 -1.659625 0.000000
vt -0.269279 -1.712747 0.000000
vt -0.314159 -1.762328 0.000000
vt -0.269279 -1.801285 0.000000
vt -0.314159 -1.865032 0.000000
vt -0.269279 -1.889822 0.000000
vt -0.314159 -1.967735 0.000000
vt -0.089760 -1.889822 0.000000
vt -0.134640 -1.889822 0.000000
vt -0.134640 -1.801285 0.000000
vt -0.179520 -1.889822 0.000000
vt -0.179520 -1.801285 0.000000
vt -0.179520 -1.712747 0.000000
vt -0.224399 -1.889822 0.000000
vt -0.224399 -1.801285 0.000000
vt -0.224399 -1.712747 0.000000
vt -0.224399 -1.624210 0.000000
vt -0.089760 -1.004447 0.000000
vt -0.134640 -0.915909 0.000000
vt -0.179520 -0.827372 0.000000
vt -0.224399 -0.738834 0.000000
vt -0.089760 -0.915909 0.000000
vt -0.134640 -0.827372 0.000000
vt -0.179520 -0.738834 0.000000
vt -0.224399 -0.650297 0.000000
vt -0.089760 -0.827372 0.000000
vt -0.134640 -0.738834 0.000000
vt -0.179520 -0.650297 0.000000
vt -0.089760 -0.738834 0.000000
vn -0.000000000 -0.000000000 1.000000000
vn -0.000000000 -0.000000000 1.000000000
vn -0.000000000 -0.000000000 1.000000000
vn -0.000000000 -0.000000000 1.000000000
vn -0.000000000 -0.000000000 1.000000000
vn -0.000000000 -0.000000000 1.000000000
vn -0.000000000 -0.000000000 1.000000000
vn -0.000000000 -0.000000000 1.000000000
vn -0.000000000 -0.000000000 1.000000000
vn -0.000000000 -0.000000000 1.000000000
vn -0.000000000 -0.000000000 1.000000000
vn -0.000000000 -0.000000000 1.000000000
vn -0.000000000 -0.000000000 1.000000000
vn -0.000000000 -0.000000000 1.000000000
vn -0.000000000 -0.000000000 1.000000000
vn -0.000000000 -0.000000000 1.000000000
vn -0.000000000 -0.000000000 1.000000000
vn -0.000000000 -0.000000000 1.000000000
vn -0.000000000 -0.000000000 1.000000000
vn -0.000000000 -0.000000000 1.000000000
vn -0.000000000 -0.000000000 1.000000000
vn -0.000000000 -0.000000000 1.000000000
vn -0.000000000 -0.000000000 1.000000000
vn -0.000000000 -0.000000000 1.000000000
vn -0.000000000 -0.000000000 1.000000000
vn -0.000000000 -0.000000000 1.000000000
vn -0.000000000 -0.000000000 1.000000000
vn -0.000000000 -0.000000000 1.000000000
vn -0.000000000 -0.000000000 1.000000000
vn -0.000000000 -0.000000000 1.000000000
vn -0.000000000 -0.000000000 1.000000000
vn -0.000000000 -0.000000000 1.000000000
vn -0.000000000 -0.000000000 1.000000000
vn -0.000000000 -0.000000000 -1.000000000
vn -0.000000000 -0.000000000 -1.000000000
vn -0.000000000 -0.000000000 -1.000000000
vn -0.000000000 -0.000000000 -1.000000000
vn -0.000000000 -0.000000000 -1.000000000
vn -0.000000000 -0.000000000 -1.000000000
vn -0.000000000 -0.000000000 -1.000000000
vn -0.000000000 -0.000000000 -1.000000000
vn -0.000000000 -0.000000000 -1.000000000
vn -0.000000000 -0.000000000 -1.000000000
vn -0.000000000 -0.000000000 -1.000000000
vn -0.000000000 -0.000000000 -1.000000000
vn -0.000000000 -0.000000000 -1.000000000
vn -0.000000000 -0.000000000 -1.000000000
vn -0.000000000 -0.000000000 -1.000000000
vn -0.000000000 -0.000000000 -1.000000000
vn -0.000000000 -0.000000000 -1.000000000
vn -0.000000000 -0.000000000 -1.000000000
vn -0.000000000 -0.000000000 -1.000000000
vn -0.000000000 -0.000000000 -1.000000000
vn -0.000000000 -0.000000000 -1.000000000
vn -0.000000000 -0.000000000 -1.000000000
vn -0.000000000 -0.000000000 -1.000000000
vn -0.000000000 -0.000000000 -1.000000000
vn -0.000000000 -0.000000000 -1.000000000
vn -0.000000000 -0.000000000 -1.000000000
vn -0.000000000 -0.000000000 -1.000000000
vn -0.000000000 -0.000000000 -1.000000000
vn -0.000000000 -0.000000000 -1.000000000
vn -0.000000000 -0.000000000 -1.000000000
vn -0.000000000 -0.000000000 -1.000000000
vn -0.000000000 -0.000000000 -1.000000000
vn -0.000000000 -0.000000000 -1.000000000
vn -0.981928754 -0.189250952 -0.000000000
vn -0.981928754 -0.189250952 -0.000000000
vn -1.000000000 -0.000000000 -0.000000000
vn -1.000000000 -0.000000000 -0.000000000
vn -0.981928754 0.189250952 -0.000000000
vn -0.981928754 0.189250952 -0.000000000
vn -0.928368099 0.371662040 -0.000000000
vn -0.928368099 0.371662040 -0.000000000
vn -0.841253586 0.540640734 -0.000000000
vn -0.841253586 0.540640734 -0.000000000
vn -0.723734026 0.690079024 -0.000000000
vn -0.723734026 0.690079024 -0.000000000
vn -0.580056947 0.814575925 -0.000000000
vn -0.580056947 0.814575925 -0.000000000
vn -0.415415000 0.909632001 -0.000000000
vn -0.415415000 0.909632001 -0.000000000
vn -0.235758898 0.971811578 -0.000000000
vn -0.235758898 0.971811578 -0.000000000
vn -0.047582016 0.998867334 -0.000000000
vn -0.047582016 0.998867334 -0.000000000
vn 0.142315059 0.989821410 -0.000000000
vn 0.142315059 0.989821410 -0.000000000
vn 0.327067940 0.945000827 -0.000000000
vn 0.327067940 0.945000827 -0.000000000
vn 0.500000175 0.866025303 -0.000000000
vn 0.500000175 0.866025303 -0.000000000
vn 0.654860675 0.755749625 -0.000000000
vn 0.654860675 0.755749625 -0.000000000
vn 0.786053052 0.618159041 -0.000000000
vn 0.786053052 0.618159041 -0.000000000
vn 0.888835160 0.458227082 -0.000000000
vn 0.888835160 0.458227082 -0.000000000
vn 0.959492856 0.281732958 -0.000000000
vn 0.959492856 0.281732958 -0.000000000
vn 0.995471927 0.095055993 -0.000000000
vn 0.995471927 0.095055993 -0.000000000
vn 0.995471927 -0.095055993 -0.000000000
vn 0.995471927 -0.095055993 -0.000000000
vn 0.959492856 -0.281732958 -0.000000000
vn 0.959492856 -0.281732958 -0.000000000
vn 0.888835160 -0.458227082 -0.000000000
vn 0.888835160 -0.458227082 -0.000000000
vn 0.786053052 -0.618159041 -0.000000000
vn 0.786053052 -0.618159041 -0.000000000
vn 0.654860675 -0.755749625 -0.000000000
vn 0.654860675 -0.755749625 -0.000000000
vn 0.500000175 -0.866025303 -0.000000000
vn 0.500000175 -0.866025303 -0.000000000
vn 0.327067940 -0.945000827 -0.000000000
vn 0.327067940 -0.945000827 -0.000000000
vn 0.142315059 -0.989821410 -0.000000000
vn 0.142315059 -0.989821410 -0.000000000
vn -0.047582016 -0.998867334 -0.000000000
vn -0.047582016 -0.998867334 -0.000000000
vn -0.235758898 -0.971811578 -0.000000000
vn -0.235758898 -0.971811578 -0.000000000
vn -0.415415000 -0.909632001 -0.000000000
vn -0.415415000 -0.909632001 -0.000000000
vn -0.580056947 -0.814575925 -0.000000000
vn -0.580056947 -0.814575925 -0.000000000
vn -0.723734026 -0.690079024 -0.000000000
vn -0.723734026 -0.690079024 -0.000000000
vn -0.841253586 -0.540640734 -0.000000000
vn -0.841253586 -0.540640734 -0.000000000
vn -0.928368099 -0.371662040 -0.000000000
vn -0.928368099 -0.371662040 -0.000000000
vn -0.981928754 0.189250952 -0.000000000
vn -1.000000000 0.000000000 -0.000000000
vn -0.981928754 -0.189250952 -0.000000000
vn -0.928368099 -0.371662040 -0.000000000
vn -0.841253586 -0.540640734 -0.000000000
vn -0.723734026 -0.690079024 -0.000000000
vn -0.580056947 -0.814575925 -0.000000000
vn -0.415415000 -0.909632001 -0.000000000
vn -0.235758898 -0.971811578 -0.000000000
vn -0.047582016 -0.998867334 -0.000000000
vn 0.142315059 -0.989821410 -0.000000000
vn 0.327067940 -0.945000827 -0.000000000
vn 0.500000175 -0.866025303 -0.000000000
vn 0.654860675 -0.755749625 -0.000000000
vn 0.786053052 -0.618159041 -0.000000000
vn 0.888835160 -0.458227082 -0.000000000
vn 0.959492856 -0.281732958 -0.000000000
vn 0.995471927 -0.095055993 -0.000000000
vn 0.995471927 0.095055993 -0.000000000
vn 0.959492856 0.281732958 -0.000000000
vn 0.888835160 0.458227082 -0.000000000
vn 0.786053052 0.618159041 -0.000000000
vn 0.654860675 0.755749625 -0.000000000
vn 0.500000175 0.866025303 -0.000000000
vn 0.327067940 0.945000827 -0.000000000
vn 0.142315059 0.989821410 -0.000000000
vn -0.047582016 0.998867334 -0.000000000
vn -0.235758898 0.971811578 -0.000000000
vn -0.415415000 0.909632001 -0.000000000
vn -0.580056947 0.814575925 -0.000000000
vn -0.723734026 0.690079024 -0.000000000
vn -0.841253586 0.540640734 -0.000000000
vn -0.928368099 0.371662040 -0.000000000
vn -0.666666848 -0.745355830 -0.000000000
vn -0.666666848 -0.745355830 -0.000000000
vn -0.580056947 -0.814575925 -0.000000000
vn -0.520379914 -0.853934860 -0.000000000
vn -0.415415000 -0.909632001 -0.000000000
vn -0.356822131 -0.934172343 -0.000000000
vn -0.235758898 -0.971811578 -0.000000000
vn -0.181422060 -0.983405326 -0.000000000
vn -0.047582016 -0.998867334 -0.000000000
vn 0.000000000 -1.000000000 -0.000000000
vn 0.142315059 -0.989821410 -0.000000000
vn 0.181422060 -0.983405326 -0.000000000
vn 0.327067940 -0.945000827 -0.000000000
vn 0.356822131 -0.934172343 -0.000000000
vn 0.500000175 -0.866025303 -0.000000000
vn 0.520379914 -0.853934860 -0.000000000
vn 0.654860675 -0.755749625 -0.000000000
vn 0.666666848 -0.745355830 -0.000000000
vn 0.666666848 -0.745355830 -0.000000000
vn 0.786053052 -0.618159041 -0.000000000
vn 0.793556963 -0.608495971 -0.000000000
vn 0.888835160 -0.458227082 -0.000000000
vn 0.892805755 -0.450441876 -0.000000000
vn 0.959492856 -0.281732958 -0.000000000
vn 0.960956933 -0.276697981 -0.000000000
vn 0.995471927 -0.095055993 -0.000000000
vn 0.995636546 -0.093315957 -0.000000000
vn 0.995636546 0.093315957 -0.000000000
vn 0.995471927 0.095055993 -0.000000000
vn 0.960956933 0.276697981 -0.000000000
vn 0.959492856 0.281732958 -0.000000000
vn 0.892805755 0.450441876 -0.000000000
vn 0.888835160 0.458227082 -0.000000000
vn 0.793556963 0.608495971 -0.000000000
vn 0.786053052 0.618159041 -0.000000000
vn 0.666666848 0.745355830 -0.000000000
vn 0.654860675 0.755749625 -0.000000000
vn 0.666666848 0.745355830 -0.000000000
vn 0.520379914 0.853934860 -0.000000000
vn 0.500000175 0.866025303 -0.000000000
vn 0.356822131 0.934172343 -0.000000000
vn 0.327067940 0.945000827 -0.000000000
vn 0.181422060 0.983405326 -0.000000000
vn 0.142315059 0.989821410 -0.000000000
vn -0.000000000 1.000000000 -0.000000000
vn -0.047582016 0.998867334 -0.000000000
vn -0.181422060 0.983405326 -0.000000000
vn -0.235758898 0.971811578 -0.000000000
vn -0.356822131 0.934172343 -0.000000000
vn -0.415415000 0.909632001 -0.000000000
vn -0.520379914 0.853934860 -0.000000000
vn -0.580056947 0.814575925 -0.000000000
vn -0.666666848 0.745355830 -0.000000000
vn -0.666666848 0.745355830 -0.000000000
vn -0.723734026 0.690079024 -0.000000000
vn -0.793556963 0.608495971 -0.000000000
vn -0.841253586 0.540640734 -0.000000000
vn -0.892805755 0.450441876 -0.000000000
vn -0.928368099 0.371662040 -0.000000000
vn -0.960956933 0.276697981 -0.000000000
vn -0.981928754 0.189250952 -0.000000000
vn -0.995636546 0.093315957 -0.000000000
vn -1.000000000 0.000000000 -0.000000000
vn -0.995636546 -0.093315957 -0.000000000
vn -0.981928754 -0.189250952 -0.000000000
vn -0.960956933 -0.276697981 -0.000000000
vn -0.928368099 -0.371662040 -0.000000000
vn -0.892805755 -0.450441876 -0.000000000
vn -0.841253586 -0.540640734 -0.000000000
vn -0.793556963 -0.608495971 -0.000000000
vn -0.723734026 -0.690079024 -0.000000000
vn 0.000000000 0.000000000 -1.000000000
vn 0.000000000 0.000000000 -1.000000000
vn 0.000000000 0.000000000 -1.000000000
vn 0.000000000 0.000000000 -1.000000000
vn 0.000000000 0.000000000 -1.000000000
vn 0.000000000 0.000000000 -1.000000000
vn 0.000000000 0.000000000 -1.000000000
vn 0.000000000 0.000000000 -1.000000000
vn 0.000000000 0.000000000 -1.000000000
vn 0.000000000 0.000000000 -1.000000000
vn 0.000000000 0.000000000 -1.000000000
vn 0.000000000 0.000000000 -1.000000000
vn 0.000000000 0.000000000 -1.000000000
vn 0.000000000 0.000000000 -1.000000000
vn 0.000000000 0.000000000 -1.000000000
vn 0.000000000 0.000000000 -1.000000000
vn 0.000000000 0.000000000 -1.000000000
vn 0.000000000 0.000000000 -1.000000000
vn 0.981928754 0.189250952 0.000000000
vn 0.995636546 0.093315957 0.000000000
vn 1.000000000 0.000000000 0.000000000
vn 0.995636546 -0.093315957 0.000000000
vn 0.981928754 -0.189250952 0.000000000
vn 0.960956933 -0.276697981 0.000000000
vn 0.928368099 -0.371662040 0.000000000
vn 0.892805755 -0.450441876 0.000000000
vn 0.841253586 -0.540640734 0.000000000
vn 0.793556963 -0.608495971 0.000000000
vn 0.723734026 -0.690079024 0.000000000
vn 0.666666848 -0.745355830 0.000000000
vn 0.580056947 -0.814575925 0.000000000
vn 0.666666848 -0.745355830 0.000000000
vn 0.520379914 -0.853934860 0.000000000
vn 0.960956933 0.276697981 0.000000000
vn 0.928368099 0.371662040 0.000000000
vn 0.892805755 0.450441876 0.000000000
vn 0.841253586 0.540640734 0.000000000
vn 0.793556963 0.608495971 0.000000000
vn 0.723734026 0.690079024 0.000000000
vn 0.666666848 0.745355830 0.000000000
vn 0.580056947 0.814575925 0.000000000
vn 0.666666848 0.745355830 0.000000000
vn 0.520379914 0.853934860 0.000000000
vn 0.415415000 0.909632001 0.000000000
vn 0.356822131 0.934172343 0.000000000
vn 0.235758898 0.971811578 0.000000000
vn 0.181422060 0.983405326 0.000000000
vn 0.047582016 0.998867334 0.000000000
vn 0.000000000 1.000000000 0.000000000
vn -0.142315059 0.989821410 0.000000000
vn -0.181422060 0.983405326 0.000000000
vn -0.327067940 0.945000827 0.000000000
vn -0.356822131 0.934172343 0.000000000
vn -0.500000175 0.866025303 0.000000000
vn -0.520379914 0.853934860 0.000000000
vn -0.654860675 0.755749625 0.000000000
vn -0.666666848 0.745355830 0.000000000
vn -0.666666848 0.745355830 0.000000000
vn -0.786053052 0.618159041 0.000000000
vn -0.793556963 0.608495971 0.000000000
vn -0.888835160 0.458227082 0.000000000
vn -0.892805755 0.450441876 0.000000000
vn -0.959492856 0.281732958 0.000000000
vn -0.960956933 0.276697981 0.000000000
vn -0.995471927 0.095055993 0.000000000
vn -0.995636546 0.093315957 0.000000000
vn -0.995471927 -0.095055993 0.000000000
vn -0.995636546 -0.093315957 0.000000000
vn -0.960956933 -0.276697981 0.000000000
vn -0.959492856 -0.281732958 0.000000000
vn -0.892805755 -0.450441876 0.000000000
vn -0.888835160 -0.458227082 0.000000000
vn -0.793556963 -0.608495971 0.000000000
vn -0.786053052 -0.618159041 0.000000000
vn -0.666666848 -0.745355830 0.000000000
vn -0.654860675 -0.755749625 0.000000000
vn -0.666666848 -0.745355830 0.000000000
vn -0.520379914 -0.853934860 0.000000000
vn -0.500000175 -0.866025303 0.000000000
vn -0.356822131 -0.934172343 0.000000000
vn -0.327067940 -0.945000827 0.000000000
vn -0.181422060 -0.983405326 0.000000000
vn -0.142315059 -0.989821410 0.000000000
vn -0.000000000 -1.000000000 0.000000000
vn 0.047582016 -0.998867334 0.000000000
vn 0.181422060 -0.983405326 0.000000000
vn 0.235758898 -0.971811578 0.000000000
vn 0.356822131 -0.934172343 0.000000000
vn 0.415415000 -0.909632001 0.000000000
vn 0.000000000 0.000000000 1.000000000
vn 0.000000000 0.000000000 1.000000000
vn 0.000000000 0.000000000 1.000000000
vn 0.000000000 0.000000000 1.000000000
vn 0.000000000 0.000000000 1.000000000
vn 0.000000000 0.000000000 1.000000000
vn 0.000000000 0.000000000 1.000000000
vn 0.000000000 0.000000000 1.000000000
vn 0.000000000 0.000000000 1.000000000
vn 0.000000000 0.000000000 1.000000000
vn 0.000000000 0.000000000 1.000000000
vn 0.000000000 0.000000000 1.000000000
vn 0.000000000 0.000000000 1.000000000
vn 0.000000000 0.000000000 1.000000000
vn 0.000000000 0.000000000 1.000000000
vn 0.000000000 0.000000000 1.000000000
vn 0.000000000 0.000000000 1.000000000
vn 0.000000000 0.000000000 1.000000000
vn -0.000000000 -1.000000000 -0.000000000
vn -0.000000000 -1.000000000 -0.000000000
vn -0.000000000 -1.000000000 -0.000000000
vn -0.000000000 -1.000000000 -0.000000000
vn -0.000000000 -1.000000000 -0.000000000
vn -0.000000000 -1.000000000 -0.000000000
vn -0.000000000 -1.000000000 -0.000000000
vn -0.000000000 -1.000000000 -0.000000000
vn -0.000000000 -1.000000000 -0.000000000
vn -0.000000000 -1.000000000 -0.000000000
vn -0.000000000 -1.000000000 -0.000000000
vn -0.000000000 -1.000000000 -0.000000000
vn -0.000000000 -1.000000000 -0.000000000
vn -0.000000000 -1.000000000 -0.000000000
vn -0.000000000 -1.000000000 -0.000000000
vn -0.000000000 -1.000000000 -0.000000000
vn -0.000000000 -1.000000000 -0.000000000
vn -0.000000000 -1.000000000 -0.000000000
vn -0.000000000 -1.000000000 -0.000000000
vn -0.000000000 -1.000000000 -0.000000000
vn -0.000000000 -1.000000000 -0.000000000
vn -0.000000000 -1.000000000 -0.000000000
vn -0.000000000 -1.000000000 -0.000000000
vn -0.000000000 -1.000000000 -0.000000000
vn -0.000000000 -1.000000000 -0.000000000
vn -0.000000000 -1.000000000 -0.000000000
vn -0.000000000 -1.000000000 -0.000000000
vn -1.000000000 -0.000000000 0.000000000
vn -1.000000000 -0.000000000 0.000000000
vn -1.000000000 -0.000000000 0.000000000
vn -1.000000000 -0.000000000 0.000000000
vn 1.000000000 -0.000000000 -0.000000000
vn 1.000000000 -0.000000000 -0.000000000
vn 1.000000000 -0.000000000 -0.000000000
vn 1.000000000 -0.000000000 -0.000000000
vn 0.984807791 0.173647963 0.000000000
vn 0.984807791 0.173647963 0.000000000
vn 1.000000000 -0.000000000 -0.000000000
vn 0.984807791 0.173647963 0.000000000
vn 0.939692711 0.342019895 0.000000000
vn 0.939692711 0.342019895 0.000000000
vn 0.866025303 0.500000175 0.000000000
vn 0.866025303 0.500000175 0.000000000
vn 0.766044068 0.642788057 0.000000000
vn 0.766044068 0.642788057 0.000000000
vn 0.642788057 0.766044068 0.000000000
vn 0.642788057 0.766044068 0.000000000
vn 0.500000175 0.866025303 0.000000000
vn 0.500000175 0.866025303 0.000000000
vn 0.342019895 0.939692711 0.000000000
vn 0.342019895 0.939692711 0.000000000
vn 0.173647963 0.984807791 0.000000000
vn 0.173647963 0.984807791 0.000000000
vn 0.000000000 1.000000000 0.000000000
vn 0.000000000 1.000000000 0.000000000
vn 0.173647963 0.984807791 0.000000000
vn 0.342019895 0.939692711 0.000000000
vn 0.500000175 0.866025303 0.000000000
vn 0.642788057 0.766044068 0.000000000
vn 0.766044068 0.642788057 0.000000000
vn 0.866025303 0.500000175 0.000000000
vn 0.939692711 0.342019895 0.000000000
vn 0.000000000 1.000000000 0.000000000
vn -0.000000000 1.000000000 -0.000000000
vn -0.000000000 1.000000000 -0.000000000
vn -0.173647963 0.984807791 -0.000000000
vn -0.173647963 0.984807791 -0.000000000
vn 0.000000000 1.000000000 0.000000000
vn -0.173647963 0.984807791 -0.000000000
vn -0.342019895 0.939692711 -0.000000000
vn -0.342019895 0.939692711 -0.000000000
vn -0.500000175 0.866025303 -0.000000000
vn -0.500000175 0.866025303 -0.000000000
vn -0.642788057 0.766044068 -0.000000000
vn -0.642788057 0.766044068 -0.000000000
vn -0.766044068 0.642788057 -0.000000000
vn -0.766044068 0.642788057 -0.000000000
vn -0.866025303 0.500000175 -0.000000000
vn -0.866025303 0.500000175 -0.000000000
vn -0.939692711 0.342019895 -0.000000000
vn -0.939692711 0.342019895 -0.000000000
vn -0.984807791 0.173647963 -0.000000000
vn -0.984807791 0.173647963 -0.000000000
vn -0.984807791 0.173647963 -0.000000000
vn -0.939692711 0.342019895 -0.000000000
vn -0.866025303 0.500000175 -0.000000000
vn -0.766044068 0.642788057 -0.000000000
vn -0.642788057 0.766044068 -0.000000000
vn -0.500000175 0.866025303 -0.000000000
vn -0.342019895 0.939692711 -0.000000000
vn -1.000000000 0.000000000 -0.000000000
vn -0.000000000 0.000000000 1.000000000
vn -0.000000000 0.000000000 1.000000000
vn -0.000000000 0.000000000 1.000000000
vn -0.000000000 0.000000000 1.000000000
vn -0.000000000 0.000000000 1.000000000
vn -0.000000000 0.000000000 1.000000000
vn -0.000000000 0.000000000 1.000000000
vn -0.000000000 0.000000000 1.000000000
vn -0.000000000 0.000000000 1.000000000
vn -0.000000000 0.000000000 1.000000000
vn -0.000000000 0.000000000 1.000000000
vn -0.000000000 0.000000000 1.000000000
vn -0.000000000 0.000000000 1.000000000
vn -0.000000000 0.000000000 1.000000000
vn -0.000000000 0.000000000 1.000000000
vn -0.000000000 0.000000000 1.000000000
vn -0.000000000 0.000000000 1.000000000
vn -0.000000000 0.000000000 1.000000000
vn -0.000000000 0.000000000 1.000000000
vn -0.000000000 0.000000000 1.000000000
vn -0.000000000 0.000000000 1.000000000
vn -0.000000000 0.000000000 1.000000000
vn -0.000000000 0.000000000 1.000000000
vn -0.000000000 0.000000000 1.000000000
vn -0.000000000 0.000000000 1.000000000
vn -0.000000000 0.000000000 1.000000000
vn -0.000000000 0.000000000 1.000000000
vn -0.000000000 0.000000000 1.000000000
vn -0.000000000 0.000000000 1.000000000
vn -0.000000000 0.000000000 1.000000000
vn -0.000000000 0.000000000 1.000000000
vn -0.000000000 0.000000000 1.000000000
vn -0.000000000 0.000000000 1.000000000
vn -0.000000000 0.000000000 1.000000000
vn -0.000000000 0.000000000 1.000000000
vn -0.000000000 0.000000000 1.000000000
vn -0.000000000 0.000000000 1.000000000
vn -0.000000000 0.000000000 1.000000000
vn -0.000000000 0.000000000 1.000000000
vn -0.000000000 0.000000000 1.000000000
vn -0.000000000 0.000000000 1.000000000
vn -0.000000000 0.000000000 1.000000000
vn -0.000000000 0.000000000 1.000000000
vn -0.000000000 0.000000000 1.000000000
vn -0.000000000 0.000000000 1.000000000
vn -0.000000000 0.000000000 1.000000000
vn -0.000000000 0.000000000 1.000000000
vn -0.000000000 0.000000000 1.000000000
vn -0.000000000 0.000000000 1.000000000
vn -0.000000000 0.000000000 1.000000000
vn -0.000000000 0.000000000 1.000000000
vn -0.000000000 0.000000000 1.000000000
vn -0.000000000 0.000000000 1.000000000
vn -0.000000000 0.000000000 1.000000000
vn -0.000000000 0.000000000 1.000000000
vn -0.000000000 0.000000000 1.000000000
vn -0.000000000 0.000000000 1.000000000
vn -0.000000000 0.000000000 1.000000000
vn -0.000000000 0.000000000 1.000000000
vn -0.000000000 0.000000000 1.000000000
vn -0.000000000 0.000000000 1.000000000
vn -0.000000000 0.000000000 1.000000000
vn -0.000000000 0.000000000 1.000000000
vn -0.000000000 0.000000000 1.000000000
vn -0.000000000 0.000000000 1.000000000
vn -0.000000000 0.000000000 1.000000000
vn -0.000000000 0.000000000 1.000000000
vn -0.000000000 0.000000000 1.000000000
vn -0.000000000 0.000000000 1.000000000
vn -0.000000000 0.000000000 1.000000000
vn -0.000000000 0.000000000 1.000000000
vn -0.000000000 0.000000000 1.000000000
vn -0.000000000 0.000000000 1.000000000
vn -0.000000000 0.000000000 1.000000000
vn -0.000000000 0.000000000 1.000000000
vn -0.000000000 0.000000000 1.000000000
vn -0.000000000 0.000000000 1.000000000
vn -0.000000000 0.000000000 1.000000000
vn -0.000000000 0.000000000 1.000000000
vn -0.000000000 0.000000000 1.000000000
vn -0.000000000 0.000000000 1.000000000
vn -0.000000000 0.000000000 1.000000000
vn -0.000000000 0.000000000 1.000000000
vn -0.000000000 0.000000000 1.000000000
vn -0.000000000 0.000000000 1.000000000
vn -0.000000000 0.000000000 1.000000000
vn -0.000000000 0.000000000 1.000000000
vn -0.000000000 0.000000000 1.000000000
vn -0.000000000 0.000000000 1.000000000
vn -0.000000000 0.000000000 1.000000000
vn -0.000000000 0.000000000 1.000000000
vn -0.000000000 0.000000000 1.000000000
vn -0.000000000 0.000000000 1.000000000
vn -0.000000000 0.000000000 1.000000000
vn -0.000000000 0.000000000 1.000000000
vn -0.000000000 0.000000000 1.000000000
vn -0.000000000 0.000000000 1.000000000
vn -0.000000000 0.000000000 1.000000000
vn -0.000000000 0.000000000 1.000000000
vn -0.000000000 0.000000000 1.000000000
vn -0.000000000 0.000000000 1.000000000
vn -0.000000000 0.000000000 1.000000000
vn -0.000000000 0.000000000 1.000000000
vn -0.000000000 0.000000000 1.000000000
vn -0.000000000 0.000000000 1.000000000
vn -0.000000000 0.000000000 1.000000000
vn -0.000000000 0.000000000 1.000000000
vn -0.000000000 0.000000000 1.000000000
vn -0.000000000 0.000000000 1.000000000
vn -0.000000000 0.000000000 1.000000000
vn -0.000000000 0.000000000 1.000000000
vn -0.000000000 0.000000000 1.000000000
vn 0.000000000 -0.000000000 -1.000000000
vn 0.000000000 -0.000000000 -1.000000000
vn 0.000000000 -0.000000000 -1.000000000
vn 0.000000000 -0.000000000 -1.000000000
vn 0.000000000 -0.000000000 -1.000000000
vn 0.000000000 -0.000000000 -1.000000000
vn 0.000000000 -0.000000000 -1.000000000
vn 0.000000000 -0.000000000 -1.000000000
vn 0.000000000 -0.000000000 -1.000000000
vn 0.000000000 -0.000000000 -1.000000000
vn 0.000000000 -0.000000000 -1.000000000
vn 0.000000000 -0.000000000 -1.000000000
vn 0.000000000 -0.000000000 -1.000000000
vn 0.000000000 -0.000000000 -1.000000000
vn 0.000000000 -0.000000000 -1.000000000
vn 0.000000000 -0.000000000 -1.000000000
vn 0.000000000 -0.000000000 -1.000000000
vn 0.000000000 -0.000000000 -1.000000000
vn 0.000000000 -0.000000000 -1.000000000
vn 0.000000000 -0.000000000 -1.000000000
vn 0.000000000 -0.000000000 -1.000000000
vn 0.000000000 -0.000000000 -1.000000000
vn 0.000000000 -0.000000000 -1.000000000
vn 0.000000000 -0.000000000 -1.000000000
vn 0.000000000 -0.000000000 -1.000000000
vn 0.000000000 -0.000000000 -1.000000000
vn 0.000000000 -0.000000000 -1.000000000
vn 0.000000000 -0.000000000 -1.000000000
vn 0.000000000 -0.000000000 -1.000000000
vn 0.000000000 -0.000000000 -1.000000000
vn 0.000000000 -0.000000000 -1.000000000
vn 0.000000000 -0.000000000 -1.000000000
vn 0.000000000 -0.000000000 -1.000000000
vn 0.000000000 -0.000000000 -1.000000000
vn 0.000000000 -0.000000000 -1.000000000
vn 0.000000000 -0.000000000 -1.000000000
vn 0.000000000 -0.000000000 -1.000000000
vn 0.000000000 -0.000000000 -1.000000000
vn 0.000000000 -0.000000000 -1.000000000
vn 0.000000000 -0.000000000 -1.000000000
vn 0.000000000 -0.000000000 -1.000000000
vn 0.000000000 -0.000000000 -1.000000000
vn 0.000000000 -0.000000000 -1.000000000
vn 0.000000000 -0.000000000 -1.000000000
vn 0.000000000 -0.000000000 -1.000000000
vn 0.000000000 -0.000000000 -1.000000000
vn 0.000000000 -0.000000000 -1.000000000
vn 0.000000000 -0.000000000 -1.000000000
vn 0.000000000 -0.000000000 -1.000000000
vn 0.000000000 -0.000000000 -1.000000000
vn 0.000000000 -0.000000000 -1.000000000
vn 0.000000000 -0.000000000 -1.000000000
vn 0.000000000 -0.000000000 -1.000000000
vn 0.000000000 -0.000000000 -1.000000000
vn 0.000000000 -0.000000000 -1.000000000
vn 0.000000000 -0.000000000 -1.000000000
vn 0.000000000 -0.000000000 -1.000000000
vn 0.000000000 -0.000000000 -1.000000000
vn 0.000000000 -0.000000000 -1.000000000
vn 0.000000000 -0.000000000 -1.000000000
vn 0.000000000 -0.000000000 -1.000000000
vn 0.000000000 -0.000000000 -1.000000000
vn 0.000000000 -0.000000000 -1.000000000
vn 0.000000000 -0.000000000 -1.000000000
vn 0.000000000 -0.000000000 -1.000000000
vn 0.000000000 -0.000000000 -1.000000000
vn 0.000000000 -0.000000000 -1.000000000
vn 0.000000000 -0.000000000 -1.000000000
vn 0.000000000 -0.000000000 -1.000000000
vn 0.000000000 -0.000000000 -1.000000000
vn 0.000000000 -0.000000000 -1.000000000
vn 0.000000000 -0.000000000 -1.000000000
vn 0.000000000 -0.000000000 -1.000000000
vn 0.000000000 -0.000000000 -1.000000000
vn 0.000000000 -0.000000000 -1.000000000
vn 0.000000000 -0.000000000 -1.000000000
vn 0.000000000 -0.000000000 -1.000000000
vn 0.000000000 -0.000000000 -1.000000000
vn 0.000000000 -0.000000000 -1.000000000
vn 0.000000000 -0.000000000 -1.000000000
vn 0.000000000 -0.000000000 -1.000000000
vn 0.000000000 -0.000000000 -1.000000000
vn 0.000000000 -0.000000000 -1.000000000
vn 0.000000000 -0.000000000 -1.000000000
vn 0.000000000 -0.000000000 -1.000000000
vn 0.000000000 -0.000000000 -1.000000000
vn 0.000000000 -0.000000000 -1.000000000
vn 0.000000000 -0.000000000 -1.000000000
vn 0.000000000 -0.000000000 -1.000000000
vn 0.000000000 -0.000000000 -1.000000000
vn 0.000000000 -0.000000000 -1.000000000
vn 0.000000000 -0.000000000 -1.000000000
vn 0.000000000 -0.000000000 -1.000000000
vn 0.000000000 -0.000000000 -1.000000000
vn 0.000000000 -0.000000000 -1.000000000
vn 0.000000000 -0.000000000 -1.000000000
vn 0.000000000 -0.000000000 -1.000000000
vn 0.000000000 -0.000000000 -1.000000000
vn 0.000000000 -0.000000000 -1.000000000
vn 0.000000000 -0.000000000 -1.000000000
vn 0.000000000 -0.000000000 -1.000000000
vn 0.000000000 -0.000000000 -1.000000000
vn 0.000000000 -0.000000000 -1.000000000
vn 0.000000000 -0.000000000 -1.000000000
vn 0.000000000 -0.000000000 -1.000000000
vn 0.000000000 -0.000000000 -1.000000000
vn 0.000000000 -0.000000000 -1.000000000
vn 0.000000000 -0.000000000 -1.000000000
vn -1.000000000 -0.000000000 0.000000000
vn -0.000000000 -1.000000000 -0.000000000
vn -0.000000000 -1.000000000 -0.000000000
vn -0.000000000 -1.000000000 -0.000000000
vn -0.000000000 -1.000000000 -0.000000000
vn -0.000000000 -1.000000000 -0.000000000
vn -0.000000000 -1.000000000 -0.000000000
vn -0.000000000 -1.000000000 -0.000000000
vn -0.000000000 -1.000000000 -0.000000000
vn -0.000000000 -1.000000000 -0.000000000
vn 1.000000000 -0.000000000 -0.000000000
vn -0.968583124 -0.248690032 -0.000000000
vn -0.968583124 -0.248690032 -0.000000000
vn -1.000000000 -0.000000000 -0.000000000
vn -1.000000000 -0.000000000 -0.000000000
vn -0.968583124 0.248690032 -0.000000000
vn -0.968583124 0.248690032 -0.000000000
vn -0.876306617 0.481753789 -0.000000000
vn -0.876306617 0.481753789 -0.000000000
vn -0.728968855 0.684546864 -0.000000000
vn -0.728968855 0.684546864 -0.000000000
vn -0.535826907 0.844327854 -0.000000000
vn -0.535826907 0.844327854 -0.000000000
vn -0.309016857 0.951056561 -0.000000000
vn -0.309016857 0.951056561 -0.000000000
vn -0.062790981 0.998026699 -0.000000000
vn -0.062790981 0.998026699 -0.000000000
vn 0.187381057 0.982287300 -0.000000000
vn 0.187381057 0.982287300 -0.000000000
vn 0.425779073 0.904827155 -0.000000000
vn 0.425779073 0.904827155 -0.000000000
vn 0.637424115 0.770513139 -0.000000000
vn 0.637424115 0.770513139 -0.000000000
vn 0.809017116 0.587785084 -0.000000000
vn 0.809017116 0.587785084 -0.000000000
vn 0.929776267 0.368125106 -0.000000000
vn 0.929776267 0.368125106 -0.000000000
vn 0.992114735 0.125332967 -0.000000000
vn 0.992114735 0.125332967 -0.000000000
vn 0.992114735 -0.125332967 -0.000000000
vn 0.992114735 -0.125332967 -0.000000000
vn 0.929776267 -0.368125106 -0.000000000
vn 0.929776267 -0.368125106 -0.000000000
vn 0.809017116 -0.587785084 -0.000000000
vn 0.809017116 -0.587785084 -0.000000000
vn 0.637424115 -0.770513139 -0.000000000
vn 0.637424115 -0.770513139 -0.000000000
vn 0.425779073 -0.904827155 -0.000000000
vn 0.425779073 -0.904827155 -0.000000000
vn 0.187381057 -0.982287300 -0.000000000
vn 0.187381057 -0.982287300 -0.000000000
vn -0.062790981 -0.998026699 -0.000000000
vn -0.062790981 -0.998026699 -0.000000000
vn -0.309016857 -0.951056561 -0.000000000
vn -0.309016857 -0.951056561 -0.000000000
vn -0.535826907 -0.844327854 -0.000000000
vn -0.535826907 -0.844327854 -0.000000000
vn -0.728968855 -0.684546864 -0.000000000
vn -0.728968855 -0.684546864 -0.000000000
vn -0.876306617 -0.481753789 -0.000000000
vn -0.876306617 -0.481753789 -0.000000000
vn -0.968583124 0.248690032 -0.000000000
vn -0.968583124 0.248690032 -0.000000000
vn -1.000000000 0.000000000 -0.000000000
vn -1.000000000 0.000000000 -0.000000000
vn -0.968583124 -0.248690032 -0.000000000
vn -0.968583124 -0.248690032 -0.000000000
vn -0.876306617 -0.481753789 -0.000000000
vn -0.876306617 -0.481753789 -0.000000000
vn -0.728968855 -0.684546864 -0.000000000
vn -0.728968855 -0.684546864 -0.000000000
vn -0.535826907 -0.844327854 -0.000000000
vn -0.535826907 -0.844327854 -0.000000000
vn -0.309016857 -0.951056561 -0.000000000
vn -0.309016857 -0.951056561 -0.000000000
vn -0.062790981 -0.998026699 -0.000000000
vn -0.062790981 -0.998026699 -0.000000000
vn 0.187381057 -0.982287300 -0.000000000
vn 0.187381057 -0.982287300 -0.000000000
vn 0.425779073 -0.904827155 -0.000000000
vn 0.425779073 -0.904827155 -0.000000000
vn 0.637424115 -0.770513139 -0.000000000
vn 0.637424115 -0.770513139 -0.000000000
vn 0.809017116 -0.587785084 -0.000000000
vn 0.809017116 -0.587785084 -0.000000000
vn 0.929776267 -0.368125106 -0.000000000
vn 0.929776267 -0.368125106 -0.000000000
vn 0.992114735 -0.125332967 -0.000000000
vn 0.992114735 -0.125332967 -0.000000000
vn 0.992114735 0.125332967 -0.000000000
vn 0.992114735 0.125332967 -0.000000000
vn 0.929776267 0.368125106 -0.000000000
vn 0.929776267 0.368125106 -0.000000000
vn 0.809017116 0.587785084 -0.000000000
vn 0.809017116 0.587785084 -0.000000000
vn 0.637424115 0.770513139 -0.000000000
vn 0.637424115 0.770513139 -0.000000000
vn 0.425779073 0.904827155 -0.000000000
vn 0.425779073 0.904827155 -0.000000000
vn 0.187381057 0.982287300 -0.000000000
vn 0.187381057 0.982287300 -0.000000000
vn -0.062790981 0.998026699 -0.000000000
vn -0.062790981 0.998026699 -0.000000000
vn -0.309016857 0.951056561 -0.000000000
vn -0.309016857 0.951056561 -0.000000000
vn -0.535826907 0.844327854 -0.000000000
vn -0.535826907 0.844327854 -0.000000000
vn -0.728968855 0.684546864 -0.000000000
vn -0.728968855 0.684546864 -0.000000000
vn -0.876306617 0.481753789 -0.000000000
vn -0.876306617 0.481753789 -0.000000000
vn -0.968583124 -0.248690032 -0.000000000
vn -0.968583124 -0.248690032 -0.000000000
vn -1.000000000 -0.000000000 -0.000000000
vn -1.000000000 -0.000000000 -0.000000000
vn -0.968583124 0.248690032 -0.000000000
vn -0.968583124 0.248690032 -0.000000000
vn -0.876306617 0.481753789 -0.000000000
vn -0.876306617 0.481753789 -0.000000000
vn -0.728968855 0.684546864 -0.000000000
vn -0.728968855 0.684546864 -0.000000000
vn -0.535826907 0.844327854 -0.000000000
vn -0.535826907 0.844327854 -0.000000000
vn -0.309016857 0.951056561 -0.000000000
vn -0.309016857 0.951056561 -0.000000000
vn -0.062790981 0.998026699 -0.000000000
vn -0.062790981 0.998026699 -0.000000000
vn 0.187381057 0.982287300 -0.000000000
vn 0.187381057 0.982287300 -0.000000000
vn 0.425779073 0.904827155 -0.000000000
vn 0.425779073 0.904827155 -0.000000000
vn 0.637424115 0.770513139 -0.000000000
vn 0.637424115 0.770513139 -0.000000000
vn 0.809017116 0.587785084 -0.000000000
vn 0.809017116 0.587785084 -0.000000000
vn 0.929776267 0.368125106 -0.000000000
vn 0.929776267 0.368125106 -0.000000000
vn 0.992114735 0.125332967 -0.000000000
vn 0.992114735 0.125332967 -0.000000000
vn 0.992114735 -0.125332967 -0.000000000
vn 0.992114735 -0.125332967 -0.000000000
vn 0.929776267 -0.368125106 -0.000000000
vn 0.929776267 -0.368125106 -0.000000000
vn 0.809017116 -0.587785084 -0.000000000
vn 0.809017116 -0.587785084 -0.000000000
vn 0.637424115 -0.770513139 -0.000000000
vn 0.637424115 -0.770513139 -0.000000000
vn 0.425779073 -0.904827155 -0.000000000
vn 0.425779073 -0.904827155 -0.000000000
vn 0.187381057 -0.982287300 -0.000000000
vn 0.187381057 -0.982287300 -0.000000000
vn -0.062790981 -0.998026699 -0.000000000
vn -0.062790981 -0.998026699 -0.000000000
vn -0.309016857 -0.951056561 -0.000000000
vn -0.309016857 -0.951056561 -0.000000000
vn -0.535826907 -0.844327854 -0.000000000
vn -0.535826907 -0.844327854 -0.000000000
vn -0.728968855 -0.684546864 -0.000000000
vn -0.728968855 -0.684546864 -0.000000000
vn -0.876306617 -0.481753789 -0.000000000
vn -0.876306617 -0.481753789 -0.000000000
vn -0.968583124 0.248690032 -0.000000000
vn -0.968583124 0.248690032 -0.000000000
vn -1.000000000 0.000000000 -0.000000000
vn -1.000000000 0.000000000 -0.000000000
vn -0.968583124 -0.248690032 -0.000000000
vn -0.968583124 -0.248690032 -0.000000000
vn -0.876306617 -0.481753789 -0.000000000
vn -0.876306617 -0.481753789 -0.000000000
vn -0.728968855 -0.684546864 -0.000000000
vn -0.728968855 -0.684546864 -0.000000000
vn -0.535826907 -0.844327854 -0.000000000
vn -0.535826907 -0.844327854 -0.000000000
vn -0.309016857 -0.951056561 -0.000000000
vn -0.309016857 -0.951056561 -0.000000000
vn -0.062790981 -0.998026699 -0.000000000
vn -0.062790981 -0.998026699 -0.000000000
vn 0.187381057 -0.982287300 -0.000000000
vn 0.187381057 -0.982287300 -0.000000000
vn 0.425779073 -0.904827155 -0.000000000
vn 0.425779073 -0.904827155 -0.000000000
vn 0.637424115 -0.770513139 -0.000000000
vn 0.637424115 -0.770513139 -0.000000000
vn 0.809017116 -0.587785084 -0.000000000
vn 0.809017116 -0.587785084 -0.000000000
vn 0.929776267 -0.368125106 -0.000000000
vn 0.929776267 -0.368125106 -0.000000000
vn 0.992114735 -0.125332967 -0.000000000
vn 0.992114735 -0.125332967 -0.000000000
vn 0.992114735 0.125332967 -0.000000000
vn 0.992114735 0.125332967 -0.000000000
vn 0.929776267 0.368125106 -0.000000000
vn 0.929776267 0.368125106 -0.000000000
vn 0.809017116 0.587785084 -0.000000000
vn 0.809017116 0.587785084 -0.000000000
vn 0.637424115 0.770513139 -0.000000000
vn 0.637424115 0.770513139 -0.000000000
vn 0.425779073 0.904827155 -0.000000000
vn 0.425779073 0.904827155 -0.000000000
vn 0.187381057 0.982287300 -0.000000000
vn 0.187381057 0.982287300 -0.000000000
vn -0.062790981 0.998026699 -0.000000000
vn -0.062790981 0.998026699 -0.000000000
vn -0.309016857 0.951056561 -0.000000000
vn -0.309016857 0.951056561 -0.000000000
vn -0.535826907 0.844327854 -0.000000000
vn -0.535826907 0.844327854 -0.000000000
vn -0.728968855 0.684546864 -0.000000000
vn -0.728968855 0.684546864 -0.000000000
vn -0.876306617 0.481753789 -0.000000000
vn -0.876306617 0.481753789 -0.000000000
vn 0.000000000 -1.000000000 0.000000000
vn 0.000000000 -1.000000000 0.000000000
vn 0.000000000 -1.000000000 0.000000000
vn 0.000000000 -1.000000000 0.000000000
vn 0.000000000 -1.000000000 0.000000000
vn 0.000000000 -1.000000000 0.000000000
vn 0.000000000 -1.000000000 0.000000000
vn 0.000000000 -1.000000000 0.000000000
vn 0.000000000 -1.000000000 0.000000000
vn 0.000000000 -1.000000000 0.000000000
vn 0.000000000 -1.000000000 0.000000000
vn 0.000000000 -1.000000000 0.000000000
vn 0.000000000 -1.000000000 0.000000000
vn 0.000000000 -1.000000000 0.000000000
vn 0.000000000 -1.000000000 0.000000000
vn 0.000000000 -1.000000000 0.000000000
vn 0.000000000 -1.000000000 0.000000000
vn 0.000000000 -1.000000000 0.000000000
vn 0.000000000 -1.000000000 0.000000000
vn 0.000000000 -1.000000000 0.000000000
vn 0.000000000 -1.000000000 0.000000000
vn 0.000000000 -1.000000000 0.000000000
vn 0.000000000 -1.000000000 0.000000000
vn 0.000000000 -1.000000000 0.000000000
vn 0.000000000 -1.000000000 0.000000000
vn 0.000000000 -1.000000000 0.000000000
vn 0.000000000 -1.000000000 0.000000000
vn 0.000000000 -1.000000000 0.000000000
vn 0.000000000 -1.000000000 0.000000000
vn 0.000000000 -1.000000000 0.000000000
vn 0.000000000 -1.000000000 0.000000000
vn 0.000000000 -1.000000000 0.000000000
vn 0.000000000 -1.000000000 0.000000000
vn 0.000000000 -1.000000000 0.000000000
vn 0.000000000 -1.000000000 0.000000000
vn 0.000000000 -1.000000000 0.000000000
vn 0.000000000 -1.000000000 0.000000000
vn 0.000000000 -1.000000000 0.000000000
vn 0.000000000 -1.000000000 0.000000000
vn 0.000000000 -1.000000000 0.000000000
vn 0.000000000 -1.000000000 0.000000000
vn 0.000000000 -1.000000000 0.000000000
vn 0.000000000 -1.000000000 0.000000000
vn 0.000000000 -1.000000000 0.000000000
vn 0.000000000 -1.000000000 0.000000000
vn 0.000000000 -1.000000000 0.000000000
vn 0.000000000 -1.000000000 0.000000000
vn 0.000000000 -1.000000000 0.000000000
vn 0.000000000 -1.000000000 0.000000000
vn 0.000000000 -1.000000000 0.000000000
vn 0.000000000 -1.000000000 0.000000000
vn 0.000000000 -1.000000000 0.000000000
vn 0.000000000 -1.000000000 0.000000000
vn 0.000000000 -1.000000000 0.000000000
vn 0.000000000 -1.000000000 0.000000000
vn 0.000000000 -1.000000000 0.000000000
vn 0.000000000 -1.000000000 0.000000000
vn 0.000000000 -1.000000000 0.000000000
vn 0.000000000 -1.000000000 0.000000000
vn 0.000000000 -1.000000000 0.000000000
vn 0.000000000 -1.000000000 0.000000000
vn 0.000000000 -1.000000000 0.000000000
vn 0.000000000 -1.000000000 0.000000000
vn 0.000000000 -1.000000000 0.000000000
vn 0.000000000 -1.000000000 0.000000000
vn 0.000000000 -1.000000000 0.000000000
vn 0.000000000 -1.000000000 0.000000000
vn 0.000000000 -1.000000000 0.000000000
vn 0.000000000 -1.000000000 0.000000000
vn 0.000000000 -1.000000000 0.000000000
vn 0.000000000 -1.000000000 0.000000000
vn 0.000000000 -1.000000000 0.000000000
vn 0.000000000 -1.000000000 0.000000000
vn 0.000000000 -1.000000000 0.000000000
vn 0.000000000 -1.000000000 0.000000000
vn 0.000000000 -1.000000000 0.000000000
vn 0.000000000 -1.000000000 0.000000000
vn 0.000000000 -1.000000000 0.000000000
vn 0.000000000 -1.000000000 0.000000000
vn 0.000000000 -1.000000000 0.000000000
vn 0.595327248 -0.000000000 -0.803483334
vn 0.664249190 -0.000000000 -0.747511213
vn 0.595327248 -0.000000000 -0.803483334
vn 0.667603224 -0.000000000 -0.744517250
vn 0.727935072 -0.000000000 -0.685646068
vn 0.734070863 -0.000000000 -0.679072874
vn 0.785882238 -0.000000000 -0.618376187
vn 0.794151235 -0.000000000 -0.607720180
vn 0.837634409 -0.000000000 -0.546231267
vn 0.847321772 -0.000000000 -0.531079857
vn 0.882783409 -0.000000000 -0.469780218
vn 0.893120193 -0.000000000 -0.449818097
vn 0.920973144 -0.000000000 -0.389626061
vn 0.931147348 -0.000000000 -0.364643136
vn 0.951902574 -0.000000000 -0.306400863
vn 0.961072885 -0.000000000 -0.276294967
vn 0.963607569 -0.000000000 -0.267320880
vn 0.974343983 -0.000000000 -0.225063996
vn 0.982636141 -0.000000000 -0.185543027
vn 0.983360283 -0.000000000 -0.181666052
vn 0.990471198 -0.000000000 -0.137720028
vn 0.995649564 -0.000000000 -0.093176959
vn 0.995187600 -0.000000000 -0.097987961
vn 0.996718082 -0.000000000 -0.080951007
vn 0.997793619 -0.000000000 -0.066391975
vn 0.999082804 -0.000000000 -0.042819992
vn 1.000000000 -0.000000000 0.000000000
vn 0.999750297 -0.000000000 -0.022346007
vn 0.999999977 -0.000000000 0.000213000
vn 0.999742844 -0.000000000 0.022676996
vn 0.999087255 -0.000000000 0.042716011
vn 0.995649564 -0.000000000 0.093176959
vn 0.997813201 -0.000000000 0.066097013
vn 0.996753963 -0.000000000 0.080507997
vn 0.995234249 -0.000000000 0.097513024
vn 0.990517030 -0.000000000 0.137390004
vn 0.982636141 -0.000000000 0.185543027
vn 0.983388560 -0.000000000 0.181512919
vn 0.974353918 -0.000000000 0.225020981
vn 0.961072885 -0.000000000 0.276294967
vn 0.963608928 -0.000000000 0.267315980
vn 0.951902574 -0.000000000 0.306400863
vn 0.931147348 -0.000000000 0.364643136
vn 0.920973144 -0.000000000 0.389626061
vn 0.893120193 -0.000000000 0.449818097
vn 0.882783409 -0.000000000 0.469780218
vn 0.847321772 -0.000000000 0.531079857
vn 0.837634409 -0.000000000 0.546231267
vn 0.794151235 -0.000000000 0.607720180
vn 0.785882238 -0.000000000 0.618376187
vn 0.734070863 -0.000000000 0.679072874
vn 0.727935072 -0.000000000 0.685646068
vn 0.667603224 -0.000000000 0.744517250
vn 0.664249190 -0.000000000 0.747511213
vn 0.595327248 -0.000000000 0.803483334
vn 0.595327248 -0.000000000 0.803483334
vn -0.595327248 -0.000000000 0.803483334
vn -0.664249190 -0.000000000 0.747511213
vn -0.595327248 -0.000000000 0.803483334
vn -0.667603224 -0.000000000 0.744517250
vn -0.727935072 -0.000000000 0.685646068
vn -0.734070863 -0.000000000 0.679072874
vn -0.785882238 -0.000000000 0.618376187
vn -0.794151235 -0.000000000 0.607720180
vn -0.837634409 -0.000000000 0.546231267
vn -0.847321772 -0.000000000 0.531079857
vn -0.882783409 -0.000000000 0.469780218
vn -0.893120193 -0.000000000 0.449818097
vn -0.920973144 -0.000000000 0.389626061
vn -0.931147348 -0.000000000 0.364643136
vn -0.951902574 -0.000000000 0.306400863
vn -0.961072885 -0.000000000 0.276294967
vn -0.963607569 -0.000000000 0.267320880
vn -0.974343983 -0.000000000 0.225063996
vn -0.982636141 -0.000000000 0.185543027
vn -0.983360283 -0.000000000 0.181666052
vn -0.990471198 -0.000000000 0.137720028
vn -0.995649564 -0.000000000 0.093176959
vn -0.995187600 -0.000000000 0.097987961
vn -0.996718082 -0.000000000 0.080951007
vn -0.997793619 -0.000000000 0.066391975
vn -0.999082804 -0.000000000 0.042819992
vn -1.000000000 -0.000000000 0.000000000
vn -0.999750297 -0.000000000 0.022346007
vn -0.999999977 -0.000000000 -0.000213000
vn -0.999742844 -0.000000000 -0.022676996
vn -0.999087255 -0.000000000 -0.042716011
vn -0.995649564 -0.000000000 -0.093176959
vn -0.997813201 -0.000000000 -0.066097013
vn -0.996753963 -0.000000000 -0.080507997
vn -0.995234249 -0.000000000 -0.097513024
vn -0.990517030 -0.000000000 -0.137390004
vn -0.982636141 -0.000000000 -0.185543027
vn -0.983388560 -0.000000000 -0.181512919
vn -0.974353918 -0.000000000 -0.225020981
vn -0.961072885 -0.000000000 -0.276294967
vn -0.963608928 -0.000000000 -0.267315980
vn -0.951902574 -0.000000000 -0.306400863
vn -0.931147348 -0.000000000 -0.364643136
vn -0.920973144 -0.000000000 -0.389626061
vn -0.893120193 -0.000000000 -0.449818097
vn -0.882783409 -0.000000000 -0.469780218
vn -0.847321772 -0.000000000 -0.531079857
vn -0.837634409 -0.000000000 -0.546231267
vn -0.794151235 -0.000000000 -0.607720180
vn -0.785882238 -0.000000000 -0.618376187
vn -0.734070863 -0.000000000 -0.679072874
vn -0.727935072 -0.000000000 -0.685646068
vn -0.667603224 -0.000000000 -0.744517250
vn -0.664249190 -0.000000000 -0.747511213
vn -0.595327248 -0.000000000 -0.803483334
vn -0.595327248 -0.000000000 -0.803483334
vn -0.000000000 -0.000000000 -1.000000000
vn -0.000000000 -0.000000000 -1.000000000
vn -0.000000000 -0.000000000 -1.000000000
vn -0.000000000 -0.000000000 -1.000000000
vn 0.044942993 0.254886963 -0.965925858
vn 0.000000000 0.258818960 -0.965925849
vn 0.000000000 0.500000175 -0.866025303
vn 0.086824026 0.492404146 -0.866025257
vn 0.000000000 0.707106781 -0.707106781
vn 0.122787999 0.696363992 -0.707106992
vn 0.000000000 0.866025303 -0.500000175
vn 0.150383934 0.852868625 -0.499999780
vn 0.000000000 0.965925849 -0.258818960
vn 0.167731048 0.951251272 -0.258819074
vn 0.330366125 0.907673343 -0.258819098
vn 0.482963108 0.836516187 -0.258819058
vn 0.620885118 0.739942140 -0.258819049
vn 0.739942140 0.620885118 -0.258819049
vn 0.836516187 0.482963108 -0.258819058
vn 0.907673343 0.330366125 -0.258819098
vn 0.951251272 0.167731048 -0.258819074
vn 0.965925849 -0.000000000 -0.258818960
vn 0.866025303 -0.000000000 -0.500000175
vn 0.852868625 0.150383934 -0.499999780
vn 0.813797821 0.296197935 -0.499999890
vn 0.749999903 0.433012944 -0.499999935
vn 0.663414125 0.556670105 -0.500000094
vn 0.556670105 0.663414125 -0.500000094
vn 0.433012944 0.749999903 -0.499999935
vn 0.296197935 0.813797821 -0.499999890
vn 0.707106781 -0.000000000 -0.707106781
vn 0.696363992 0.122787999 -0.707106992
vn 0.664462870 0.241844953 -0.707106861
vn 0.612372153 0.353553088 -0.707107177
vn 0.541675098 0.454519083 -0.707107129
vn 0.454519083 0.541675098 -0.707107129
vn 0.353553088 0.612372153 -0.707107177
vn 0.241844953 0.664462870 -0.707106861
vn 0.500000175 -0.000000000 -0.866025303
vn 0.492404146 0.086824026 -0.866025257
vn 0.469846239 0.171010087 -0.866025440
vn 0.433013096 0.250000055 -0.866025191
vn 0.383022142 0.321394120 -0.866025322
vn 0.321394120 0.383022142 -0.866025322
vn 0.250000055 0.433013096 -0.866025191
vn 0.171010087 0.469846239 -0.866025440
vn 0.258818960 -0.000000000 -0.965925849
vn 0.254886963 0.044942993 -0.965925858
vn 0.243209987 0.088520995 -0.965925947
vn 0.224143942 0.129409966 -0.965925750
vn 0.198266952 0.166365960 -0.965925765
vn 0.166365960 0.198266952 -0.965925765
vn 0.129409966 0.224143942 -0.965925750
vn 0.088520995 0.243209987 -0.965925947
vn 0.965925849 -0.258818960 -0.000000000
vn 0.965925849 -0.258818960 -0.000000000
vn 0.965925849 -0.258818960 -0.000000000
vn 0.866025303 -0.500000175 -0.000000000
vn 0.866025303 -0.500000175 -0.000000000
vn 0.707106781 -0.707106781 -0.000000000
vn 0.707106781 -0.707106781 -0.000000000
vn 0.500000175 -0.866025303 -0.000000000
vn 0.500000175 -0.866025303 -0.000000000
vn 0.258818960 -0.965925849 -0.000000000
vn 0.258818960 -0.965925849 -0.000000000
vn 0.258818960 -0.965925849 -0.000000000
vn 0.246262070 -0.969203277 -0.000000000
vn 0.472047937 -0.881572882 -0.000000000
vn 0.500000175 -0.866025303 -0.000000000
vn 0.661474048 -0.749968055 -0.000000000
vn 0.707106781 -0.707106781 -0.000000000
vn 0.707106781 -0.707106781 -0.000000000
vn 0.811205756 -0.584760824 -0.000000000
vn 0.993433382 -0.114412044 -0.000000000
vn 0.992589843 -0.121512981 -0.000000000
vn 0.989238939 -0.146308991 -0.000000000
vn 0.980785331 -0.195090066 -0.000000000
vn 0.965841104 -0.259135028 -0.000000000
vn 0.965742031 -0.259504008 -0.000000000
vn 0.992644948 -0.121061994 -0.000000000
vn 0.989407307 -0.145166045 -0.000000000
vn 0.965646282 -0.259860076 -0.000000000
vn 0.943362057 -0.331765020 -0.000000000
vn 0.911410720 -0.411497873 -0.000000000
vn 0.866025303 -0.500000175 -0.000000000
vn 0.812169116 -0.583422083 -0.000000000
vn 0.707106781 -0.707106781 -0.000000000
vn 0.662072117 -0.749440132 -0.000000000
vn 0.500000175 -0.866025303 -0.000000000
vn 0.472257737 -0.881460509 -0.000000000
vn 0.258818960 -0.965925849 -0.000000000
vn 0.246289104 -0.969196408 -0.000000000
vn 0.258818960 -0.965925849 -0.000000000
vn 0.098016975 -0.995184743 -0.000000000
vn 0.195090066 -0.980785331 -0.000000000
vn 0.382682898 -0.923879754 -0.000000000
vn 0.500000175 -0.866025303 -0.000000000
vn 0.555569893 -0.831469840 -0.000000000
vn 0.707106781 -0.707106781 -0.000000000
vn 0.707106781 -0.707106781 -0.000000000
vn 0.831469840 -0.555569893 -0.000000000
vn 0.866025303 -0.500000175 -0.000000000
vn 0.923879754 -0.382682898 -0.000000000
vn 0.965925849 -0.258818960 -0.000000000
vn 0.965243523 -0.261352142 -0.000000000
vn 0.942612781 -0.333887922 -0.000000000
vn 0.910428762 -0.413665892 -0.000000000
vn 0.866025303 -0.500000175 -0.000000000
vn 0.866025303 -0.500000175 -0.000000000
vn 0.258818960 -0.000000000 -0.965925849
vn 0.258818960 -0.000000000 -0.965925849
vn 0.258818960 -0.000000000 -0.965925849
vn 0.500000175 -0.000000000 -0.866025303
vn 0.500000175 -0.000000000 -0.866025303
vn 0.707106781 -0.000000000 -0.707106781
vn 0.707106781 -0.000000000 -0.707106781
vn 0.866025303 -0.000000000 -0.500000175
vn 0.866025303 -0.000000000 -0.500000175
vn 0.965925849 -0.000000000 -0.258818960
vn 0.965925849 -0.000000000 -0.258818960
vn 0.965925849 -0.000000000 -0.258818960
vn 0.965925849 -0.000000000 -0.258818960
vn 0.866025303 -0.000000000 -0.500000175
vn 0.866025303 -0.000000000 -0.500000175
vn 0.707106781 -0.000000000 -0.707106781
vn 0.707106781 -0.000000000 -0.707106781
vn 0.500000175 -0.000000000 -0.866025303
vn 0.500000175 -0.000000000 -0.866025303
vn 0.258818960 -0.000000000 -0.965925849
vn 0.258818960 -0.000000000 -0.965925849
vn 0.258818960 -0.000000000 -0.965925849
vn 0.258818960 -0.000000000 -0.965925849
vn 0.500000175 -0.000000000 -0.866025303
vn 0.500000175 -0.000000000 -0.866025303
vn 0.707106781 -0.000000000 -0.707106781
vn 0.707106781 -0.000000000 -0.707106781
vn 0.866025303 -0.000000000 -0.500000175
vn 0.866025303 -0.000000000 -0.500000175
vn 0.965925849 -0.000000000 -0.258818960
vn 0.965925849 -0.000000000 -0.258818960
vn 0.965925849 -0.000000000 -0.258818960
vn 0.965925849 -0.000000000 -0.258818960
vn 0.866025303 -0.000000000 -0.500000175
vn 0.500000175 -0.000000000 -0.866025303
vn 0.707106781 -0.000000000 -0.707106781
vn 0.866025303 -0.000000000 -0.500000175
vn 0.965925849 -0.000000000 -0.258818960
vn 0.965925849 -0.000000000 -0.258818960
vn 0.965925849 -0.000000000 -0.258818960
vn 0.866025303 -0.000000000 -0.500000175
vn 0.866025303 -0.000000000 -0.500000175
vn 0.707106781 -0.000000000 -0.707106781
vn 0.707106781 -0.000000000 -0.707106781
vn 0.500000175 -0.000000000 -0.866025303
vn 0.500000175 -0.000000000 -0.866025303
vn 0.258818960 -0.000000000 -0.965925849
vn 0.258818960 -0.000000000 -0.965925849
vn 0.258818960 -0.000000000 -0.965925849
vn 0.258818960 -0.000000000 -0.965925849
vn 0.258818960 -0.000000000 -0.965925849
vn 0.500000175 -0.000000000 -0.866025303
vn 0.500000175 -0.000000000 -0.866025303
vn 0.707106781 -0.000000000 -0.707106781
vn 0.258818960 -0.000000000 -0.965925849
vn 0.500000175 -0.000000000 -0.866025303
vn 0.707106781 -0.000000000 -0.707106781
vn 0.866025303 -0.000000000 -0.500000175
vn 0.500000175 -0.000000000 -0.866025303
vn 0.707106781 -0.000000000 -0.707106781
vn 0.707106781 -0.000000000 -0.707106781
vn 0.866025303 -0.000000000 -0.500000175
vn 0.965925849 -0.000000000 -0.258818960
vn 0.866025303 -0.000000000 -0.500000175
vn 0.965925849 -0.000000000 -0.258818960
vn -0.000000000 0.965925849 -0.258818960
vn -0.000000000 0.965925849 -0.258818960
vn -0.000000000 0.965925849 -0.258818960
vn -0.000000000 0.866025303 -0.500000175
vn -0.000000000 0.866025303 -0.500000175
vn -0.000000000 0.707106781 -0.707106781
vn -0.000000000 0.707106781 -0.707106781
vn -0.000000000 0.500000175 -0.866025303
vn -0.000000000 0.500000175 -0.866025303
vn -0.000000000 0.258818960 -0.965925849
vn -0.000000000 0.258818960 -0.965925849
vn -0.000000000 0.258818960 -0.965925849
vn -0.000000000 0.258818960 -0.965925849
vn -0.000000000 0.500000175 -0.866025303
vn -0.000000000 0.500000175 -0.866025303
vn -0.000000000 0.707106781 -0.707106781
vn -0.000000000 0.707106781 -0.707106781
vn -0.000000000 0.866025303 -0.500000175
vn -0.000000000 0.500000175 -0.866025303
vn -0.000000000 0.258818960 -0.965925849
vn -0.000000000 0.258818960 -0.965925849
vn -0.000000000 0.707106781 -0.707106781
vn -0.000000000 0.866025303 -0.500000175
vn -0.000000000 0.965925849 -0.258818960
vn -0.000000000 0.866025303 -0.500000175
vn -0.000000000 0.965925849 -0.258818960
vn -0.000000000 0.965925849 -0.258818960
vn -0.000000000 0.866025303 -0.500000175
vn -0.000000000 0.707106781 -0.707106781
vn -0.000000000 0.500000175 -0.866025303
vn 0.098016975 -0.000000000 0.995184743
vn 0.258818960 -0.000000000 0.965925849
vn 0.258818960 -0.000000000 0.965925849
vn 0.258818960 -0.000000000 0.965925849
vn 0.500000175 -0.000000000 0.866025303
vn 0.500000175 -0.000000000 0.866025303
vn 0.707106781 -0.000000000 0.707106781
vn 0.707106781 -0.000000000 0.707106781
vn 0.866025303 -0.000000000 0.500000175
vn 0.866025303 -0.000000000 0.500000175
vn 0.965925849 -0.000000000 0.258818960
vn 0.965925849 -0.000000000 0.258818960
vn 0.965925849 -0.000000000 0.258818960
vn 0.965925849 -0.000000000 0.258818960
vn 0.866025303 -0.000000000 0.500000175
vn 0.866025303 -0.000000000 0.500000175
vn 0.707106781 -0.000000000 0.707106781
vn 0.707106781 -0.000000000 0.707106781
vn 0.500000175 -0.000000000 0.866025303
vn 0.500000175 -0.000000000 0.866025303
vn 0.258818960 -0.000000000 0.965925849
vn 0.258818960 -0.000000000 0.965925849
vn 0.258818960 -0.000000000 0.965925849
vn 0.258818960 -0.000000000 0.965925849
vn 0.500000175 -0.000000000 0.866025303
vn 0.500000175 -0.000000000 0.866025303
vn 0.707106781 -0.000000000 0.707106781
vn 0.707106781 -0.000000000 0.707106781
vn 0.866025303 -0.000000000 0.500000175
vn 0.866025303 -0.000000000 0.500000175
vn 0.965925849 -0.000000000 0.258818960
vn 0.965925849 -0.000000000 0.258818960
vn 0.965925849 -0.000000000 0.258818960
vn 0.965925849 -0.000000000 0.258818960
vn 0.866025303 -0.000000000 0.500000175
vn 0.195090066 -0.000000000 0.980785331
vn 0.382682898 -0.000000000 0.923879754
vn 0.500000175 -0.000000000 0.866025303
vn 0.555569893 -0.000000000 0.831469840
vn 0.707106781 -0.000000000 0.707106781
vn 0.707106781 -0.000000000 0.707106781
vn 0.831469840 -0.000000000 0.555569893
vn 0.866025303 -0.000000000 0.500000175
vn 0.923879754 -0.000000000 0.382682898
vn 0.965925849 -0.000000000 0.258818960
vn 0.980785331 -0.000000000 0.195090066
vn 0.965925849 -0.000000000 0.258818960
vn 0.965925849 -0.000000000 0.258818960
vn 0.866025303 -0.000000000 0.500000175
vn 0.866025303 -0.000000000 0.500000175
vn 0.707106781 -0.000000000 0.707106781
vn 0.707106781 -0.000000000 0.707106781
vn 0.500000175 -0.000000000 0.866025303
vn 0.965925849 -0.000000000 0.258818960
vn 0.500000175 -0.000000000 0.866025303
vn 0.258818960 -0.000000000 0.965925849
vn 0.258818960 -0.000000000 0.965925849
vn 0.258818960 -0.000000000 0.965925849
vn 0.258818960 -0.000000000 0.965925849
vn 0.258818960 -0.000000000 0.965925849
vn 0.500000175 -0.000000000 0.866025303
vn 0.500000175 -0.000000000 0.866025303
vn 0.707106781 -0.000000000 0.707106781
vn 0.258818960 -0.000000000 0.965925849
vn 0.500000175 -0.000000000 0.866025303
vn 0.707106781 -0.000000000 0.707106781
vn 0.866025303 -0.000000000 0.500000175
vn 0.500000175 -0.000000000 0.866025303
vn 0.707106781 -0.000000000 0.707106781
vn 0.707106781 -0.000000000 0.707106781
vn 0.866025303 -0.000000000 0.500000175
vn 0.866025303 -0.000000000 0.500000175
vn 0.965925849 -0.000000000 0.258818960
vn 0.249999963 -0.066986990 -0.965925857
vn 0.482963119 -0.129410032 -0.866025213
vn 0.683012718 -0.183012924 -0.707106708
vn 0.836516188 -0.224144050 -0.500000112
vn 0.933012751 -0.249999933 -0.258818931
vn 0.836516187 -0.482963108 -0.258819058
vn 0.683012730 -0.683012730 -0.258818898
vn 0.482963108 -0.836516187 -0.258819058
vn 0.249999933 -0.933012751 -0.258818931
vn 0.000000000 -0.965925849 -0.258818960
vn 0.000000000 -0.866025303 -0.500000175
vn 0.224144050 -0.836516188 -0.500000112
vn 0.433012944 -0.749999903 -0.499999935
vn 0.612372327 -0.612372327 -0.500000267
vn 0.749999903 -0.433012944 -0.499999935
vn 0.000000000 -0.707106781 -0.707106781
vn 0.183012924 -0.683012718 -0.707106708
vn 0.353553088 -0.612372153 -0.707107177
vn 0.499999923 -0.499999923 -0.707106891
vn 0.612372153 -0.353553088 -0.707107177
vn 0.000000000 -0.500000175 -0.866025303
vn 0.129410032 -0.482963119 -0.866025213
vn 0.250000055 -0.433013096 -0.866025191
vn 0.353553221 -0.353553221 -0.866025542
vn 0.433013096 -0.250000055 -0.866025191
vn 0.000000000 -0.258818960 -0.965925849
vn 0.066986990 -0.249999963 -0.965925857
vn 0.129409966 -0.224143942 -0.965925750
vn 0.183012949 -0.183012949 -0.965925733
vn 0.224143942 -0.129409966 -0.965925750
vn -0.167731048 0.951251272 -0.258819074
vn -0.330366125 0.907673343 -0.258819098
vn -0.482963108 0.836516187 -0.258819058
vn -0.620885118 0.739942140 -0.258819049
vn -0.739942140 0.620885118 -0.258819049
vn -0.836516187 0.482963108 -0.258819058
vn -0.907673343 0.330366125 -0.258819098
vn -0.951251272 0.167731048 -0.258819074
vn -0.965925849 0.000000000 -0.258818960
vn -0.852868625 0.150383934 -0.499999780
vn -0.866025303 0.000000000 -0.500000175
vn -0.696363992 0.122787999 -0.707106992
vn -0.707106781 0.000000000 -0.707106781
vn -0.492404146 0.086824026 -0.866025257
vn -0.500000175 0.000000000 -0.866025303
vn -0.254886963 0.044942993 -0.965925858
vn -0.258818960 0.000000000 -0.965925849
vn -0.243209987 0.088520995 -0.965925947
vn -0.224143942 0.129409966 -0.965925750
vn -0.198266952 0.166365960 -0.965925765
vn -0.166365960 0.198266952 -0.965925765
vn -0.129409966 0.224143942 -0.965925750
vn -0.088520995 0.243209987 -0.965925947
vn -0.044942993 0.254886963 -0.965925858
vn -0.086824026 0.492404146 -0.866025257
vn -0.122787999 0.696363992 -0.707106992
vn -0.150383934 0.852868625 -0.499999780
vn -0.171010087 0.469846239 -0.866025440
vn -0.250000055 0.433013096 -0.866025191
vn -0.321394120 0.383022142 -0.866025322
vn -0.383022142 0.321394120 -0.866025322
vn -0.433013096 0.250000055 -0.866025191
vn -0.469846239 0.171010087 -0.866025440
vn -0.241844953 0.664462870 -0.707106861
vn -0.353553088 0.612372153 -0.707107177
vn -0.454519083 0.541675098 -0.707107129
vn -0.541675098 0.454519083 -0.707107129
vn -0.612372153 0.353553088 -0.707107177
vn -0.664462870 0.241844953 -0.707106861
vn -0.296197935 0.813797821 -0.499999890
vn -0.433012944 0.749999903 -0.499999935
vn -0.556670105 0.663414125 -0.500000094
vn -0.663414125 0.556670105 -0.500000094
vn -0.749999903 0.433012944 -0.499999935
vn -0.813797821 0.296197935 -0.499999890
vn 0.254886963 0.044942993 0.965925858
vn 0.492404146 0.086824026 0.866025257
vn 0.696363992 0.122787999 0.707106992
vn 0.852868625 0.150383934 0.499999780
vn 0.951251272 0.167731048 0.258819074
vn 0.907673343 0.330366125 0.258819098
vn 0.836516187 0.482963108 0.258819058
vn 0.739942140 0.620885118 0.258819049
vn 0.620885118 0.739942140 0.258819049
vn 0.482963108 0.836516187 0.258819058
vn 0.330366125 0.907673343 0.258819098
vn 0.167731048 0.951251272 0.258819074
vn 0.000000000 0.965925849 0.258818960
vn 0.000000000 0.866025303 0.500000175
vn 0.150383934 0.852868625 0.499999780
vn 0.296197935 0.813797821 0.499999890
vn 0.433012944 0.749999903 0.499999935
vn 0.556670105 0.663414125 0.500000094
vn 0.663414125 0.556670105 0.500000094
vn 0.749999903 0.433012944 0.499999935
vn 0.813797821 0.296197935 0.499999890
vn 0.000000000 0.707106781 0.707106781
vn 0.122787999 0.696363992 0.707106992
vn 0.241844953 0.664462870 0.707106861
vn 0.353553088 0.612372153 0.707107177
vn 0.454519083 0.541675098 0.707107129
vn 0.541675098 0.454519083 0.707107129
vn 0.612372153 0.353553088 0.707107177
vn 0.664462870 0.241844953 0.707106861
vn 0.000000000 0.500000175 0.866025303
vn 0.086824026 0.492404146 0.866025257
vn 0.171010087 0.469846239 0.866025440
vn 0.250000055 0.433013096 0.866025191
vn 0.321394120 0.383022142 0.866025322
vn 0.383022142 0.321394120 0.866025322
vn 0.433013096 0.250000055 0.866025191
vn 0.469846239 0.171010087 0.866025440
vn 0.000000000 0.258818960 0.965925849
vn 0.044942993 0.254886963 0.965925858
vn 0.088520995 0.243209987 0.965925947
vn 0.129409966 0.224143942 0.965925750
vn 0.166365960 0.198266952 0.965925765
vn 0.198266952 0.166365960 0.965925765
vn 0.224143942 0.129409966 0.965925750
vn 0.243209987 0.088520995 0.965925947
vn -0.000000000 -0.258818960 -0.965925849
vn -0.000000000 -0.258818960 -0.965925849
vn -0.000000000 -0.258818960 -0.965925849
vn -0.000000000 -0.500000175 -0.866025303
vn -0.000000000 -0.500000175 -0.866025303
vn -0.000000000 -0.707106781 -0.707106781
vn -0.000000000 -0.707106781 -0.707106781
vn -0.000000000 -0.866025303 -0.500000175
vn -0.000000000 -0.866025303 -0.500000175
vn -0.000000000 -0.965925849 -0.258818960
vn -0.000000000 -0.965925849 -0.258818960
vn -0.000000000 -0.965925849 -0.258818960
vn -0.000000000 -0.500000175 -0.866025303
vn -0.000000000 -0.707106781 -0.707106781
vn -0.000000000 -0.866025303 -0.500000175
vn -0.000000000 -0.965925849 -0.258818960
vn -0.000000000 -0.965925849 -0.258818960
vn -0.000000000 -0.965925849 -0.258818960
vn -0.000000000 -0.965925849 -0.258818960
vn -0.000000000 -0.866025303 -0.500000175
vn -0.000000000 -0.866025303 -0.500000175
vn -0.000000000 -0.866025303 -0.500000175
vn -0.000000000 -0.707106781 -0.707106781
vn -0.000000000 -0.707106781 -0.707106781
vn -0.000000000 -0.500000175 -0.866025303
vn -0.000000000 -0.500000175 -0.866025303
vn -0.000000000 -0.258818960 -0.965925849
vn -0.000000000 -0.258818960 -0.965925849
vn -0.000000000 -0.258818960 -0.965925849
vn -0.000000000 -0.258818960 -0.965925849
vn -0.000000000 -0.258818960 -0.965925849
vn -0.000000000 -0.500000175 -0.866025303
vn -0.000000000 -0.500000175 -0.866025303
vn -0.000000000 -0.707106781 -0.707106781
vn -0.000000000 -0.500000175 -0.866025303
vn -0.000000000 -0.707106781 -0.707106781
vn -0.000000000 -0.866025303 -0.500000175
vn -0.000000000 -0.965925849 -0.258818960
vn -0.000000000 -0.707106781 -0.707106781
vn -0.000000000 -0.866025303 -0.500000175
vn -0.965925849 -0.000000000 -0.258818960
vn -0.965925849 -0.000000000 -0.258818960
vn -0.965925849 -0.000000000 -0.258818960
vn -0.866025303 -0.000000000 -0.500000175
vn -0.866025303 -0.000000000 -0.500000175
vn -0.707106781 -0.000000000 -0.707106781
vn -0.707106781 -0.000000000 -0.707106781
vn -0.500000175 -0.000000000 -0.866025303
vn -0.500000175 -0.000000000 -0.866025303
vn -0.258818960 -0.000000000 -0.965925849
vn -0.258818960 -0.000000000 -0.965925849
vn -0.258818960 -0.000000000 -0.965925849
vn -0.258818960 -0.000000000 -0.965925849
vn -0.500000175 -0.000000000 -0.866025303
vn -0.500000175 -0.000000000 -0.866025303
vn -0.707106781 -0.000000000 -0.707106781
vn -0.707106781 -0.000000000 -0.707106781
vn -0.866025303 -0.000000000 -0.500000175
vn -0.866025303 -0.000000000 -0.500000175
vn -0.965925849 -0.000000000 -0.258818960
vn -0.965925849 -0.000000000 -0.258818960
vn -0.965925849 -0.000000000 -0.258818960
vn -0.965925849 -0.000000000 -0.258818960
vn -0.866025303 -0.000000000 -0.500000175
vn -0.866025303 -0.000000000 -0.500000175
vn -0.707106781 -0.000000000 -0.707106781
vn -0.707106781 -0.000000000 -0.707106781
vn -0.500000175 -0.000000000 -0.866025303
vn -0.500000175 -0.000000000 -0.866025303
vn -0.258818960 -0.000000000 -0.965925849
vn -0.258818960 -0.000000000 -0.965925849
vn -0.258818960 -0.000000000 -0.965925849
vn -0.258818960 -0.000000000 -0.965925849
vn -0.500000175 -0.000000000 -0.866025303
vn -0.866025303 -0.000000000 -0.500000175
vn -0.707106781 -0.000000000 -0.707106781
vn -0.500000175 -0.000000000 -0.866025303
vn -0.258818960 -0.000000000 -0.965925849
vn -0.258818960 -0.000000000 -0.965925849
vn -0.258818960 -0.000000000 -0.965925849
vn -0.500000175 -0.000000000 -0.866025303
vn -0.500000175 -0.000000000 -0.866025303
vn -0.707106781 -0.000000000 -0.707106781
vn -0.707106781 -0.000000000 -0.707106781
vn -0.866025303 -0.000000000 -0.500000175
vn -0.866025303 -0.000000000 -0.500000175
vn -0.965925849 -0.000000000 -0.258818960
vn -0.965925849 -0.000000000 -0.258818960
vn -0.965925849 -0.000000000 -0.258818960
vn -0.965925849 -0.000000000 -0.258818960
vn -0.965925849 -0.000000000 -0.258818960
vn -0.866025303 -0.000000000 -0.500000175
vn -0.866025303 -0.000000000 -0.500000175
vn -0.707106781 -0.000000000 -0.707106781
vn -0.965925849 -0.000000000 -0.258818960
vn -0.866025303 -0.000000000 -0.500000175
vn -0.707106781 -0.000000000 -0.707106781
vn -0.500000175 -0.000000000 -0.866025303
vn -0.866025303 -0.000000000 -0.500000175
vn -0.707106781 -0.000000000 -0.707106781
vn -0.707106781 -0.000000000 -0.707106781
vn -0.500000175 -0.000000000 -0.866025303
vn -0.258818960 -0.000000000 -0.965925849
vn -0.500000175 -0.000000000 -0.866025303
vn -0.258818960 -0.000000000 -0.965925849
vn -0.000000000 0.258818960 0.965925849
vn -0.000000000 0.258818960 0.965925849
vn -0.000000000 0.258818960 0.965925849
vn -0.000000000 0.500000175 0.866025303
vn -0.000000000 0.500000175 0.866025303
vn -0.000000000 0.707106781 0.707106781
vn -0.000000000 0.707106781 0.707106781
vn -0.000000000 0.866025303 0.500000175
vn -0.000000000 0.866025303 0.500000175
vn -0.000000000 0.965925849 0.258818960
vn -0.000000000 0.965925849 0.258818960
vn -0.000000000 0.965925849 0.258818960
vn -0.000000000 0.965925849 0.258818960
vn -0.000000000 0.866025303 0.500000175
vn -0.000000000 0.866025303 0.500000175
vn -0.000000000 0.707106781 0.707106781
vn -0.000000000 0.707106781 0.707106781
vn -0.000000000 0.500000175 0.866025303
vn -0.000000000 0.866025303 0.500000175
vn -0.000000000 0.965925849 0.258818960
vn -0.000000000 0.965925849 0.258818960
vn -0.000000000 0.707106781 0.707106781
vn -0.000000000 0.500000175 0.866025303
vn -0.000000000 0.258818960 0.965925849
vn -0.000000000 0.500000175 0.866025303
vn -0.000000000 0.258818960 0.965925849
vn -0.000000000 0.258818960 0.965925849
vn -0.000000000 0.500000175 0.866025303
vn -0.000000000 0.707106781 0.707106781
vn -0.000000000 0.866025303 0.500000175
vn -0.965925849 -0.258818960 0.000000000
vn -0.933012751 -0.249999933 -0.258818931
vn -0.866025303 -0.500000175 0.000000000
vn -0.836516187 -0.482963108 -0.258819058
vn -0.707106781 -0.707106781 0.000000000
vn -0.683012730 -0.683012730 -0.258818898
vn -0.500000175 -0.866025303 0.000000000
vn -0.482963108 -0.836516187 -0.258819058
vn -0.258818960 -0.965925849 0.000000000
vn -0.249999933 -0.933012751 -0.258818931
vn -0.224144050 -0.836516188 -0.500000112
vn -0.183012924 -0.683012718 -0.707106708
vn -0.129410032 -0.482963119 -0.866025213
vn -0.066986990 -0.249999963 -0.965925857
vn -0.836516188 -0.224144050 -0.500000112
vn -0.749999903 -0.433012944 -0.499999935
vn -0.612372327 -0.612372327 -0.500000267
vn -0.433012944 -0.749999903 -0.499999935
vn -0.683012718 -0.183012924 -0.707106708
vn -0.612372153 -0.353553088 -0.707107177
vn -0.499999923 -0.499999923 -0.707106891
vn -0.353553088 -0.612372153 -0.707107177
vn -0.482963119 -0.129410032 -0.866025213
vn -0.433013096 -0.250000055 -0.866025191
vn -0.353553221 -0.353553221 -0.866025542
vn -0.250000055 -0.433013096 -0.866025191
vn -0.249999963 -0.066986990 -0.965925857
vn -0.224143942 -0.129409966 -0.965925750
vn -0.183012949 -0.183012949 -0.965925733
vn -0.129409966 -0.224143942 -0.965925750
vn -0.044942993 0.254886963 0.965925858
vn -0.086824026 0.492404146 0.866025257
vn -0.122787999 0.696363992 0.707106992
vn -0.150383934 0.852868625 0.499999780
vn -0.167731048 0.951251272 0.258819074
vn -0.330366125 0.907673343 0.258819098
vn -0.482963108 0.836516187 0.258819058
vn -0.620885118 0.739942140 0.258819049
vn -0.739942140 0.620885118 0.258819049
vn -0.836516187 0.482963108 0.258819058
vn -0.907673343 0.330366125 0.258819098
vn -0.951251272 0.167731048 0.258819074
vn -0.965925849 0.000000000 0.258818960
vn -0.866025303 0.000000000 0.500000175
vn -0.852868625 0.150383934 0.499999780
vn -0.813797821 0.296197935 0.499999890
vn -0.749999903 0.433012944 0.499999935
vn -0.663414125 0.556670105 0.500000094
vn -0.556670105 0.663414125 0.500000094
vn -0.433012944 0.749999903 0.499999935
vn -0.296197935 0.813797821 0.499999890
vn -0.707106781 0.000000000 0.707106781
vn -0.696363992 0.122787999 0.707106992
vn -0.664462870 0.241844953 0.707106861
vn -0.612372153 0.353553088 0.707107177
vn -0.541675098 0.454519083 0.707107129
vn -0.454519083 0.541675098 0.707107129
vn -0.353553088 0.612372153 0.707107177
vn -0.241844953 0.664462870 0.707106861
vn -0.500000175 0.000000000 0.866025303
vn -0.492404146 0.086824026 0.866025257
vn -0.469846239 0.171010087 0.866025440
vn -0.433013096 0.250000055 0.866025191
vn -0.383022142 0.321394120 0.866025322
vn -0.321394120 0.383022142 0.866025322
vn -0.250000055 0.433013096 0.866025191
vn -0.171010087 0.469846239 0.866025440
vn -0.258818960 0.000000000 0.965925849
vn -0.254886963 0.044942993 0.965925858
vn -0.243209987 0.088520995 0.965925947
vn -0.224143942 0.129409966 0.965925750
vn -0.198266952 0.166365960 0.965925765
vn -0.166365960 0.198266952 0.965925765
vn -0.129409966 0.224143942 0.965925750
vn -0.088520995 0.243209987 0.965925947
vn -0.246289104 -0.969196408 -0.000000000
vn -0.258818960 -0.965925849 -0.000000000
vn -0.258818960 -0.965925849 -0.000000000
vn -0.500000175 -0.866025303 -0.000000000
vn -0.707106781 -0.707106781 -0.000000000
vn -0.866025303 -0.500000175 -0.000000000
vn -0.965846195 -0.259116052 -0.000000000
vn -0.965766198 -0.259414053 -0.000000000
vn -0.992644948 -0.121061994 -0.000000000
vn -0.993433382 -0.114412044 -0.000000000
vn -0.472257737 -0.881460509 -0.000000000
vn -0.500000175 -0.866025303 -0.000000000
vn -0.662072117 -0.749440132 -0.000000000
vn -0.707106781 -0.707106781 -0.000000000
vn -0.707106781 -0.707106781 -0.000000000
vn -0.812169116 -0.583422083 -0.000000000
vn -0.866025303 -0.500000175 -0.000000000
vn -0.866025303 -0.500000175 -0.000000000
vn -0.965686360 -0.259711097 -0.000000000
vn -0.911410720 -0.411497873 -0.000000000
vn -0.943362057 -0.331765020 -0.000000000
vn -0.965646282 -0.259860076 -0.000000000
vn -0.989407307 -0.145166045 -0.000000000
vn -0.992589843 -0.121512981 -0.000000000
vn -0.989238939 -0.146308991 -0.000000000
vn -0.965243523 -0.261352142 -0.000000000
vn -0.965925849 -0.258818960 -0.000000000
vn -0.965925849 -0.258818960 -0.000000000
vn -0.980785331 -0.195090066 -0.000000000
vn -0.923879754 -0.382682898 -0.000000000
vn -0.866025303 -0.500000175 -0.000000000
vn -0.831469840 -0.555569893 -0.000000000
vn -0.707106781 -0.707106781 -0.000000000
vn -0.707106781 -0.707106781 -0.000000000
vn -0.555569893 -0.831469840 -0.000000000
vn -0.500000175 -0.866025303 -0.000000000
vn -0.382682898 -0.923879754 -0.000000000
vn -0.258818960 -0.965925849 -0.000000000
vn -0.195090066 -0.980785331 -0.000000000
vn -0.098016975 -0.995184743 -0.000000000
vn -0.258818960 -0.965925849 -0.000000000
vn -0.246262070 -0.969203277 -0.000000000
vn -0.472047937 -0.881572882 -0.000000000
vn -0.500000175 -0.866025303 -0.000000000
vn -0.661474048 -0.749968055 -0.000000000
vn -0.707106781 -0.707106781 -0.000000000
vn -0.811205756 -0.584760824 -0.000000000
vn -0.866025303 -0.500000175 -0.000000000
vn -0.910428762 -0.413665892 -0.000000000
vn -0.942612781 -0.333887922 -0.000000000
vn -0.258818960 -0.000000000 0.965925849
vn -0.258818960 -0.000000000 0.965925849
vn -0.258818960 -0.000000000 0.965925849
vn -0.500000175 -0.000000000 0.866025303
vn -0.500000175 -0.000000000 0.866025303
vn -0.707106781 -0.000000000 0.707106781
vn -0.707106781 -0.000000000 0.707106781
vn -0.866025303 -0.000000000 0.500000175
vn -0.866025303 -0.000000000 0.500000175
vn -0.965925849 -0.000000000 0.258818960
vn -0.965925849 -0.000000000 0.258818960
vn -0.965925849 -0.000000000 0.258818960
vn -0.965925849 -0.000000000 0.258818960
vn -0.866025303 -0.000000000 0.500000175
vn -0.866025303 -0.000000000 0.500000175
vn -0.707106781 -0.000000000 0.707106781
vn -0.707106781 -0.000000000 0.707106781
vn -0.500000175 -0.000000000 0.866025303
vn -0.500000175 -0.000000000 0.866025303
vn -0.258818960 -0.000000000 0.965925849
vn -0.258818960 -0.000000000 0.965925849
vn -0.098016975 -0.000000000 0.995184743
vn -0.258818960 -0.000000000 0.965925849
vn -0.258818960 -0.000000000 0.965925849
vn -0.500000175 -0.000000000 0.866025303
vn -0.500000175 -0.000000000 0.866025303
vn -0.707106781 -0.000000000 0.707106781
vn -0.555569893 -0.000000000 0.831469840
vn -0.707106781 -0.000000000 0.707106781
vn -0.831469840 -0.000000000 0.555569893
vn -0.866025303 -0.000000000 0.500000175
vn -0.923879754 -0.000000000 0.382682898
vn -0.965925849 -0.000000000 0.258818960
vn -0.980785331 -0.000000000 0.195090066
vn -0.965925849 -0.000000000 0.258818960
vn -0.965925849 -0.000000000 0.258818960
vn -0.866025303 -0.000000000 0.500000175
vn -0.500000175 -0.000000000 0.866025303
vn -0.707106781 -0.000000000 0.707106781
vn -0.866025303 -0.000000000 0.500000175
vn -0.965925849 -0.000000000 0.258818960
vn -0.965925849 -0.000000000 0.258818960
vn -0.965925849 -0.000000000 0.258818960
vn -0.866025303 -0.000000000 0.500000175
vn -0.866025303 -0.000000000 0.500000175
vn -0.707106781 -0.000000000 0.707106781
vn -0.707106781 -0.000000000 0.707106781
vn -0.500000175 -0.000000000 0.866025303
vn -0.382682898 -0.000000000 0.923879754
vn -0.258818960 -0.000000000 0.965925849
vn -0.195090066 -0.000000000 0.980785331
vn -0.258818960 -0.000000000 0.965925849
vn -0.258818960 -0.000000000 0.965925849
vn -0.258818960 -0.000000000 0.965925849
vn -0.258818960 -0.000000000 0.965925849
vn -0.500000175 -0.000000000 0.866025303
vn -0.500000175 -0.000000000 0.866025303
vn -0.707106781 -0.000000000 0.707106781
vn -0.500000175 -0.000000000 0.866025303
vn -0.500000175 -0.000000000 0.866025303
vn -0.707106781 -0.000000000 0.707106781
vn -0.707106781 -0.000000000 0.707106781
vn -0.707106781 -0.000000000 0.707106781
vn -0.866025303 -0.000000000 0.500000175
vn -0.965925849 -0.000000000 0.258818960
vn -0.866025303 -0.000000000 0.500000175
vn -0.866025303 -0.000000000 0.500000175
vn -0.965925849 -0.000000000 0.258818960
vn 0.986361229 -0.164595038 0.000000000
vn 0.986361229 -0.164595038 0.000000000
vn 1.000000000 -0.000000000 0.000000000
vn 1.000000000 -0.000000000 0.000000000
vn 0.986361229 0.164595038 0.000000000
vn 0.986361229 0.164595038 0.000000000
vn 0.945817360 0.324699124 0.000000000
vn 0.945817360 0.324699124 0.000000000
vn 0.879473972 0.475946985 0.000000000
vn 0.879473972 0.475946985 0.000000000
vn 0.789140555 0.614212654 0.000000000
vn 0.789140555 0.614212654 0.000000000
vn 0.677281759 0.735723738 0.000000000
vn 0.677281759 0.735723738 0.000000000
vn 0.546948266 0.837166408 0.000000000
vn 0.546948266 0.837166408 0.000000000
vn 0.401695189 0.915773430 0.000000000
vn 0.401695189 0.915773430 0.000000000
vn 0.245485093 0.969400366 0.000000000
vn 0.245485093 0.969400366 0.000000000
vn 0.082579043 0.996584518 0.000000000
vn 0.082579043 0.996584518 0.000000000
vn -0.082579043 0.996584518 0.000000000
vn -0.082579043 0.996584518 0.000000000
vn -0.245485093 0.969400366 0.000000000
vn -0.245485093 0.969400366 0.000000000
vn -0.401695189 0.915773430 0.000000000
vn -0.401695189 0.915773430 0.000000000
vn -0.546948266 0.837166408 0.000000000
vn -0.546948266 0.837166408 0.000000000
vn -0.677281759 0.735723738 0.000000000
vn -0.677281759 0.735723738 0.000000000
vn -0.789140555 0.614212654 0.000000000
vn -0.789140555 0.614212654 0.000000000
vn -0.879473972 0.475946985 0.000000000
vn -0.879473972 0.475946985 0.000000000
vn -0.945817360 0.324699124 0.000000000
vn -0.945817360 0.324699124 0.000000000
vn -0.986361229 0.164595038 0.000000000
vn -0.986361229 0.164595038 0.000000000
vn -1.000000000 0.000000000 0.000000000
vn -1.000000000 0.000000000 0.000000000
vn -0.986361229 -0.164595038 0.000000000
vn -0.986361229 -0.164595038 0.000000000
vn -0.945817360 -0.324699124 0.000000000
vn -0.945817360 -0.324699124 0.000000000
vn -0.879473972 -0.475946985 0.000000000
vn -0.879473972 -0.475946985 0.000000000
vn -0.789140555 -0.614212654 0.000000000
vn -0.789140555 -0.614212654 0.000000000
vn -0.677281759 -0.735723738 0.000000000
vn -0.677281759 -0.735723738 0.000000000
vn -0.546948266 -0.837166408 0.000000000
vn -0.546948266 -0.837166408 0.000000000
vn -0.401695189 -0.915773430 0.000000000
vn -0.401695189 -0.915773430 0.000000000
vn -0.245485093 -0.969400366 0.000000000
vn -0.245485093 -0.969400366 0.000000000
vn -0.082579043 -0.996584518 0.000000000
vn -0.082579043 -0.996584518 0.000000000
vn 0.082579043 -0.996584518 0.000000000
vn 0.082579043 -0.996584518 0.000000000
vn 0.245485093 -0.969400366 0.000000000
vn 0.245485093 -0.969400366 0.000000000
vn 0.401695189 -0.915773430 0.000000000
vn 0.401695189 -0.915773430 0.000000000
vn 0.546948266 -0.837166408 0.000000000
vn 0.546948266 -0.837166408 0.000000000
vn 0.677281759 -0.735723738 0.000000000
vn 0.677281759 -0.735723738 0.000000000
vn 0.789140555 -0.614212654 0.000000000
vn 0.789140555 -0.614212654 0.000000000
vn 0.879473972 -0.475946985 0.000000000
vn 0.879473972 -0.475946985 0.000000000
vn 0.945817360 -0.324699124 0.000000000
vn 0.945817360 -0.324699124 0.000000000
vn 0.000000000 0.000000000 1.000000000
vn 0.000000000 0.000000000 1.000000000
vn 0.000000000 0.000000000 1.000000000
vn 0.000000000 0.000000000 1.000000000
vn 0.000000000 0.000000000 1.000000000
vn 0.000000000 0.000000000 1.000000000
vn 0.000000000 0.000000000 1.000000000
vn 0.000000000 0.000000000 1.000000000
vn 0.000000000 0.000000000 1.000000000
vn 0.000000000 0.000000000 1.000000000
vn 0.000000000 0.000000000 1.000000000
vn 0.000000000 0.000000000 1.000000000
vn 0.000000000 0.000000000 1.000000000
vn 0.000000000 0.000000000 1.000000000
vn 0.000000000 0.000000000 1.000000000
vn 0.000000000 0.000000000 1.000000000
vn 0.000000000 0.000000000 1.000000000
vn 0.000000000 0.000000000 1.000000000
vn 0.000000000 0.000000000 1.000000000
vn 0.000000000 0.000000000 1.000000000
vn 0.000000000 0.000000000 1.000000000
vn 0.000000000 0.000000000 1.000000000
vn 0.000000000 0.000000000 1.000000000
vn 0.000000000 0.000000000 1.000000000
vn 0.000000000 0.000000000 1.000000000
vn 0.000000000 0.000000000 1.000000000
vn 0.000000000 0.000000000 1.000000000
vn 0.000000000 0.000000000 1.000000000
vn 0.000000000 0.000000000 1.000000000
vn 0.000000000 0.000000000 1.000000000
vn 0.000000000 0.000000000 1.000000000
vn 0.000000000 0.000000000 1.000000000
vn 0.000000000 0.000000000 1.000000000
vn 0.000000000 0.000000000 1.000000000
vn 0.000000000 0.000000000 1.000000000
vn 0.000000000 0.000000000 1.000000000
vn 0.000000000 0.000000000 1.000000000
vn 0.000000000 0.000000000 1.000000000
vn 0.000000000 0.000000000 1.000000000
vn 0.000000000 0.000000000 1.000000000
vn 0.000000000 0.000000000 1.000000000
vn 0.000000000 0.000000000 1.000000000
vn 0.000000000 0.000000000 1.000000000
vn 0.000000000 0.000000000 1.000000000
vn 0.000000000 0.000000000 1.000000000
vn 0.000000000 0.000000000 1.000000000
vn 0.000000000 0.000000000 1.000000000
vn 0.000000000 0.000000000 1.000000000
vn 0.000000000 0.000000000 1.000000000
vn 0.000000000 0.000000000 1.000000000
vn 0.000000000 0.000000000 1.000000000
vn 0.000000000 0.000000000 1.000000000
vn 0.000000000 0.000000000 1.000000000
vn 0.000000000 0.000000000 1.000000000
vn 0.000000000 0.000000000 1.000000000
vn 0.000000000 0.000000000 1.000000000
vn 0.000000000 0.000000000 1.000000000
vn 0.000000000 0.000000000 1.000000000
vn 0.000000000 0.000000000 1.000000000
vn 0.000000000 0.000000000 1.000000000
vn 0.000000000 0.000000000 1.000000000
vn 0.000000000 0.000000000 1.000000000
vn 0.000000000 0.000000000 1.000000000
vn 0.000000000 0.000000000 1.000000000
vn 0.000000000 0.000000000 1.000000000
vn 0.000000000 0.000000000 1.000000000
vn 0.000000000 0.000000000 1.000000000
vn 0.000000000 0.000000000 1.000000000
vn 0.000000000 0.000000000 1.000000000
vn 0.000000000 0.000000000 1.000000000
vn 0.000000000 0.000000000 1.000000000
vn -0.986361229 -0.164595038 -0.000000000
vn -0.986361229 -0.164595038 -0.000000000
vn -1.000000000 -0.000000000 -0.000000000
vn -1.000000000 -0.000000000 -0.000000000
vn -0.986361229 0.164595038 -0.000000000
vn -0.986361229 0.164595038 -0.000000000
vn -0.945817360 0.324699124 -0.000000000
vn -0.945817360 0.324699124 -0.000000000
vn -0.879473972 0.475946985 -0.000000000
vn -0.879473972 0.475946985 -0.000000000
vn -0.789140555 0.614212654 -0.000000000
vn -0.789140555 0.614212654 -0.000000000
vn -0.677281759 0.735723738 -0.000000000
vn -0.677281759 0.735723738 -0.000000000
vn -0.546948266 0.837166408 -0.000000000
vn -0.546948266 0.837166408 -0.000000000
vn -0.401695189 0.915773430 -0.000000000
vn -0.401695189 0.915773430 -0.000000000
vn -0.245485093 0.969400366 -0.000000000
vn -0.245485093 0.969400366 -0.000000000
vn -0.082579043 0.996584518 -0.000000000
vn -0.082579043 0.996584518 -0.000000000
vn 0.082579043 0.996584518 -0.000000000
vn 0.082579043 0.996584518 -0.000000000
vn 0.245485093 0.969400366 -0.000000000
vn 0.245485093 0.969400366 -0.000000000
vn 0.401695189 0.915773430 -0.000000000
vn 0.401695189 0.915773430 -0.000000000
vn 0.546948266 0.837166408 -0.000000000
vn 0.546948266 0.837166408 -0.000000000
vn 0.677281759 0.735723738 -0.000000000
vn 0.677281759 0.735723738 -0.000000000
vn 0.789140555 0.614212654 -0.000000000
vn 0.789140555 0.614212654 -0.000000000
vn 0.879473972 0.475946985 -0.000000000
vn 0.879473972 0.475946985 -0.000000000
vn 0.945817360 0.324699124 -0.000000000
vn 0.945817360 0.324699124 -0.000000000
vn 0.986361229 0.164595038 -0.000000000
vn 0.986361229 0.164595038 -0.000000000
vn 1.000000000 0.000000000 -0.000000000
vn 1.000000000 0.000000000 -0.000000000
vn 0.986361229 -0.164595038 -0.000000000
vn 0.986361229 -0.164595038 -0.000000000
vn 0.945817360 -0.324699124 -0.000000000
vn 0.945817360 -0.324699124 -0.000000000
vn 0.879473972 -0.475946985 -0.000000000
vn 0.879473972 -0.475946985 -0.000000000
vn 0.789140555 -0.614212654 -0.000000000
vn 0.789140555 -0.614212654 -0.000000000
vn 0.677281759 -0.735723738 -0.000000000
vn 0.677281759 -0.735723738 -0.000000000
vn 0.546948266 -0.837166408 -0.000000000
vn 0.546948266 -0.837166408 -0.000000000
vn 0.401695189 -0.915773430 -0.000000000
vn 0.401695189 -0.915773430 -0.000000000
vn 0.245485093 -0.969400366 -0.000000000
vn 0.245485093 -0.969400366 -0.000000000
vn 0.082579043 -0.996584518 -0.000000000
vn 0.082579043 -0.996584518 -0.000000000
vn -0.082579043 -0.996584518 -0.000000000
vn -0.082579043 -0.996584518 -0.000000000
vn -0.245485093 -0.969400366 -0.000000000
vn -0.245485093 -0.969400366 -0.000000000
vn -0.401695189 -0.915773430 -0.000000000
vn -0.401695189 -0.915773430 -0.000000000
vn -0.546948266 -0.837166408 -0.000000000
vn -0.546948266 -0.837166408 -0.000000000
vn -0.677281759 -0.735723738 -0.000000000
vn -0.677281759 -0.735723738 -0.000000000
vn -0.789140555 -0.614212654 -0.000000000
vn -0.789140555 -0.614212654 -0.000000000
vn -0.879473972 -0.475946985 -0.000000000
vn -0.879473972 -0.475946985 -0.000000000
vn -0.945817360 -0.324699124 -0.000000000
vn -0.945817360 -0.324699124 -0.000000000
vn 0.000000000 0.000000000 -1.000000000
vn 0.000000000 0.000000000 -1.000000000
vn 0.000000000 0.000000000 -1.000000000
vn 0.000000000 0.000000000 -1.000000000
vn 0.000000000 0.000000000 -1.000000000
vn 0.000000000 0.000000000 -1.000000000
vn 0.000000000 0.000000000 -1.000000000
vn 0.000000000 0.000000000 -1.000000000
vn 0.000000000 0.000000000 -1.000000000
vn 0.000000000 0.000000000 -1.000000000
vn 0.000000000 0.000000000 -1.000000000
vn 0.000000000 0.000000000 -1.000000000
vn 0.000000000 0.000000000 -1.000000000
vn 0.000000000 0.000000000 -1.000000000
vn 0.000000000 0.000000000 -1.000000000
vn 0.000000000 0.000000000 -1.000000000
vn 0.000000000 0.000000000 -1.000000000
vn 0.000000000 0.000000000 -1.000000000
vn 0.000000000 0.000000000 -1.000000000
vn 0.000000000 0.000000000 -1.000000000
vn 0.000000000 0.000000000 -1.000000000
vn 0.000000000 0.000000000 -1.000000000
vn 0.000000000 0.000000000 -1.000000000
vn 0.000000000 0.000000000 -1.000000000
vn 0.000000000 0.000000000 -1.000000000
vn 0.000000000 0.000000000 -1.000000000
vn 0.000000000 0.000000000 -1.000000000
vn 0.000000000 0.000000000 -1.000000000
vn 0.000000000 0.000000000 -1.000000000
vn 0.000000000 0.000000000 -1.000000000
vn 0.000000000 0.000000000 -1.000000000
vn 0.000000000 0.000000000 -1.000000000
vn 0.000000000 0.000000000 -1.000000000
vn 0.000000000 0.000000000 -1.000000000
vn 0.000000000 0.000000000 -1.000000000
vn 0.000000000 0.000000000 -1.000000000
vn 0.000000000 0.000000000 -1.000000000
vn 0.000000000 0.000000000 -1.000000000
vn 0.000000000 0.000000000 -1.000000000
vn 0.000000000 0.000000000 -1.000000000
vn 0.000000000 0.000000000 -1.000000000
vn 0.000000000 0.000000000 -1.000000000
vn 0.000000000 0.000000000 -1.000000000
vn 0.000000000 0.000000000 -1.000000000
vn 0.000000000 0.000000000 -1.000000000
vn 0.000000000 0.000000000 -1.000000000
vn 0.000000000 0.000000000 -1.000000000
vn 0.000000000 0.000000000 -1.000000000
vn 0.000000000 0.000000000 -1.000000000
vn 0.000000000 0.000000000 -1.000000000
vn 0.000000000 0.000000000 -1.000000000
vn 0.000000000 0.000000000 -1.000000000
vn 0.000000000 0.000000000 -1.000000000
vn 0.000000000 0.000000000 -1.000000000
vn 0.000000000 0.000000000 -1.000000000
vn 0.000000000 0.000000000 -1.000000000
vn 0.000000000 0.000000000 -1.000000000
vn 0.000000000 0.000000000 -1.000000000
vn 0.000000000 0.000000000 -1.000000000
vn 0.000000000 0.000000000 -1.000000000
vn 0.000000000 0.000000000 -1.000000000
vn 0.000000000 0.000000000 -1.000000000
vn 0.000000000 0.000000000 -1.000000000
vn 0.000000000 0.000000000 -1.000000000
vn 0.000000000 0.000000000 -1.000000000
vn 0.000000000 0.000000000 -1.000000000
vn 0.000000000 0.000000000 -1.000000000
vn 0.000000000 0.000000000 -1.000000000
vn 0.000000000 0.000000000 -1.000000000
vn 0.000000000 0.000000000 -1.000000000
vn 0.000000000 0.000000000 -1.000000000
vn -1.000000000 -0.000000000 -0.000000000
vn -1.000000000 -0.000000000 -0.000000000
vn -1.000000000 -0.000000000 -0.000000000
vn -1.000000000 -0.000000000 -0.000000000
vn -0.000000000 0.000000000 1.000000000
vn -0.000000000 0.000000000 1.000000000
vn -0.000000000 0.000000000 1.000000000
vn -0.000000000 0.000000000 1.000000000
vn -0.000000000 0.000000000 1.000000000
vn -0.000000000 0.000000000 1.000000000
vn -0.000000000 0.000000000 1.000000000
vn -0.000000000 0.000000000 1.000000000
vn -0.000000000 0.000000000 1.000000000
vn -0.000000000 0.000000000 1.000000000
vn 1.000000000 0.000000000 0.000000000
vn 1.000000000 0.000000000 0.000000000
vn 1.000000000 0.000000000 0.000000000
vn 1.000000000 0.000000000 0.000000000
vn -0.000000000 0.000000000 1.000000000
vn -0.000000000 0.000000000 1.000000000
vn -0.000000000 0.000000000 1.000000000
vn -0.000000000 0.000000000 1.000000000
vn -0.000000000 0.000000000 1.000000000
vn -0.000000000 0.000000000 1.000000000
vn -0.000000000 0.000000000 1.000000000
vn -0.000000000 0.000000000 1.000000000
vn -0.000000000 0.000000000 1.000000000
vn -0.000000000 0.000000000 1.000000000
vn -1.000000000 0.000000000 0.000000000
vn -1.000000000 0.000000000 0.000000000
vn -1.000000000 0.000000000 0.000000000
vn -1.000000000 0.000000000 0.000000000
vn 0.000000000 0.000000000 -1.000000000
vn 0.000000000 0.000000000 -1.000000000
vn 0.000000000 0.000000000 -1.000000000
vn 0.000000000 0.000000000 -1.000000000
vn 0.000000000 0.000000000 -1.000000000
vn 0.000000000 0.000000000 -1.000000000
vn 0.000000000 0.000000000 -1.000000000
vn 0.000000000 0.000000000 -1.000000000
vn 0.000000000 0.000000000 -1.000000000
vn 0.000000000 0.000000000 -1.000000000
vn 1.000000000 -0.000000000 -0.000000000
vn 1.000000000 -0.000000000 -0.000000000
vn 1.000000000 -0.000000000 -0.000000000
vn 1.000000000 -0.000000000 -0.000000000
vn 0.000000000 0.000000000 -1.000000000
vn 0.000000000 0.000000000 -1.000000000
vn 0.000000000 0.000000000 -1.000000000
vn 0.000000000 0.000000000 -1.000000000
vn 0.000000000 0.000000000 -1.000000000
vn 0.000000000 0.000000000 -1.000000000
vn 0.000000000 0.000000000 -1.000000000
vn 0.000000000 0.000000000 -1.000000000
vn 0.000000000 0.000000000 -1.000000000
vn 0.000000000 0.000000000 -1.000000000
vn -0.622230848 -0.000000000 -0.782833809
vn -0.622230848 -0.000000000 -0.782833809
vn -0.697212000 -0.000000000 -0.716865000
vn -0.697212000 -0.000000000 -0.716865000
vn -0.765239138 -0.000000000 -0.643746116
vn -0.765239138 -0.000000000 -0.643746116
vn -0.825634036 -0.000000000 -0.564206025
vn -0.825634036 -0.000000000 -0.564206025
vn -0.877793706 -0.000000000 -0.479038840
vn -0.877793706 -0.000000000 -0.479038840
vn -0.921198048 -0.000000000 -0.389094020
vn -0.921198048 -0.000000000 -0.389094020
vn -0.955414516 -0.000000000 -0.295267850
vn -0.955414516 -0.000000000 -0.295267850
vn -0.980101515 -0.000000000 -0.198496902
vn -0.980101515 -0.000000000 -0.198496902
vn -0.995012933 -0.000000000 -0.099745993
vn -0.995012933 -0.000000000 -0.099745993
vn -1.000000000 -0.000000000 -0.000000000
vn -1.000000000 -0.000000000 0.000000000
vn -0.995012933 -0.000000000 0.099745993
vn -0.995012933 -0.000000000 0.099745993
vn -0.980101515 -0.000000000 0.198496902
vn -0.980101515 -0.000000000 0.198496902
vn -0.955414516 -0.000000000 0.295267850
vn -0.955414516 -0.000000000 0.295267850
vn -0.921198048 -0.000000000 0.389094020
vn -0.921198048 -0.000000000 0.389094020
vn -0.877793706 -0.000000000 0.479038840
vn -0.877793706 -0.000000000 0.479038840
vn -0.825634036 -0.000000000 0.564206025
vn -0.825634036 -0.000000000 0.564206025
vn -0.765239138 -0.000000000 0.643746116
vn -0.765239138 -0.000000000 0.643746116
vn -0.697212000 -0.000000000 0.716865000
vn -0.697212000 -0.000000000 0.716865000
vn -0.622230848 -0.000000000 0.782833809
vn -0.622230848 -0.000000000 0.782833809
vn -0.000000000 -0.000000000 -1.000000000
vn -0.000000000 -0.000000000 -1.000000000
vn -0.000000000 -0.000000000 -1.000000000
vn -0.000000000 -0.000000000 -1.000000000
vn -0.000000000 -0.000000000 -1.000000000
vn -0.000000000 -0.000000000 -1.000000000
vn -0.000000000 -0.000000000 -1.000000000
vn -0.000000000 -0.000000000 -1.000000000
vn -0.000000000 -0.000000000 -1.000000000
vn -0.000000000 -0.000000000 -1.000000000
vn -0.000000000 -0.000000000 -1.000000000
vn -0.000000000 -0.000000000 -1.000000000
vn -0.000000000 -0.000000000 -1.000000000
vn -0.000000000 -0.000000000 -1.000000000
vn -0.000000000 -0.000000000 -1.000000000
vn -0.000000000 -0.000000000 -1.000000000
vn -0.000000000 -0.000000000 -1.000000000
vn -0.000000000 -0.000000000 -1.000000000
vn -0.000000000 -0.000000000 -1.000000000
vn -0.000000000 -0.000000000 -1.000000000
vn -0.000000000 -0.000000000 -1.000000000
vn -0.000000000 -0.000000000 -1.000000000
vn -0.000000000 -0.000000000 -1.000000000
vn -0.000000000 -0.000000000 -1.000000000
vn -0.000000000 -0.000000000 -1.000000000
vn -0.000000000 -0.000000000 -1.000000000
vn -0.000000000 -0.000000000 -1.000000000
vn -0.000000000 -0.000000000 -1.000000000
vn -0.000000000 -0.000000000 -1.000000000
vn -0.000000000 -0.000000000 -1.000000000
vn -0.000000000 -0.000000000 -1.000000000
vn -0.000000000 -0.000000000 -1.000000000
vn 0.622230848 -0.000000000 0.782833809
vn 0.622230848 -0.000000000 0.782833809
vn 0.697212000 -0.000000000 0.716865000
vn 0.697212000 -0.000000000 0.716865000
vn 0.765239138 -0.000000000 0.643746116
vn 0.765239138 -0.000000000 0.643746116
vn 0.825634036 -0.000000000 0.564206025
vn 0.825634036 -0.000000000 0.564206025
vn 0.877793706 -0.000000000 0.479038840
vn 0.877793706 -0.000000000 0.479038840
vn 0.921198048 -0.000000000 0.389094020
vn 0.921198048 -0.000000000 0.389094020
vn 0.955414516 -0.000000000 0.295267850
vn 0.955414516 -0.000000000 0.295267850
vn 0.980101515 -0.000000000 0.198496902
vn 0.980101515 -0.000000000 0.198496902
vn 0.995012933 -0.000000000 0.099745993
vn 0.995012933 -0.000000000 0.099745993
vn 1.000000000 -0.000000000 0.000000000
vn 1.000000000 -0.000000000 0.000000000
vn 0.995012933 -0.000000000 -0.099745993
vn 0.995012933 -0.000000000 -0.099745993
vn 0.980101515 -0.000000000 -0.198496902
vn 0.980101515 -0.000000000 -0.198496902
vn 0.955414516 -0.000000000 -0.295267850
vn 0.955414516 -0.000000000 -0.295267850
vn 0.921198048 -0.000000000 -0.389094020
vn 0.921198048 -0.000000000 -0.389094020
vn 0.877793706 -0.000000000 -0.479038840
vn 0.877793706 -0.000000000 -0.479038840
vn 0.825634036 -0.000000000 -0.564206025
vn 0.825634036 -0.000000000 -0.564206025
vn 0.765239138 -0.000000000 -0.643746116
vn 0.765239138 -0.000000000 -0.643746116
vn 0.697212000 -0.000000000 -0.716865000
vn 0.697212000 -0.000000000 -0.716865000
vn 0.622230848 -0.000000000 -0.782833809
vn 0.622230848 -0.000000000 -0.782833809
vn -0.000000000 -0.000000000 1.000000000
vn -0.000000000 -0.000000000 1.000000000
vn -0.000000000 -0.000000000 1.000000000
vn -0.000000000 -0.000000000 1.000000000
vn -0.000000000 -0.000000000 1.000000000
vn -0.000000000 -0.000000000 1.000000000
vn -0.000000000 -0.000000000 1.000000000
vn -0.000000000 -0.000000000 1.000000000
vn -0.000000000 -0.000000000 1.000000000
vn -0.000000000 -0.000000000 1.000000000
vn -0.000000000 -0.000000000 1.000000000
vn -0.000000000 -0.000000000 1.000000000
vn -0.000000000 -0.000000000 1.000000000
vn -0.000000000 -0.000000000 1.000000000
vn -0.000000000 -0.000000000 1.000000000
vn -0.000000000 -0.000000000 1.000000000
vn -0.000000000 -0.000000000 1.000000000
vn -0.000000000 -0.000000000 1.000000000
vn -0.000000000 -0.000000000 1.000000000
vn -0.000000000 -0.000000000 1.000000000
vn -0.000000000 -0.000000000 1.000000000
vn -0.000000000 -0.000000000 1.000000000
vn -0.000000000 -0.000000000 1.000000000
vn -0.000000000 -0.000000000 1.000000000
vn -0.000000000 -0.000000000 1.000000000
vn -0.000000000 -0.000000000 1.000000000
vn -0.000000000 -0.000000000 1.000000000
vn -0.000000000 -0.000000000 1.000000000
vn -0.000000000 -0.000000000 1.000000000
vn -0.000000000 -0.000000000 1.000000000
vn -0.000000000 -0.000000000 1.000000000
vn -0.000000000 -0.000000000 1.000000000
vn 0.000000000 -1.000000000 0.000000000
vn 0.000000000 -1.000000000 0.000000000
vn 0.000000000 -1.000000000 0.000000000
vn 0.000000000 -1.000000000 0.000000000
vn 0.000000000 -1.000000000 0.000000000
vn 0.000000000 -1.000000000 0.000000000
vn 0.000000000 -1.000000000 0.000000000
vn 0.000000000 -1.000000000 0.000000000
vn 0.000000000 -1.000000000 0.000000000
vn 0.000000000 -1.000000000 0.000000000
vn 0.000000000 -1.000000000 0.000000000
vn 0.000000000 -1.000000000 0.000000000
vn 0.000000000 -1.000000000 0.000000000
vn 0.000000000 -1.000000000 0.000000000
vn 0.000000000 -1.000000000 0.000000000
vn 0.000000000 -1.000000000 0.000000000
vn 0.000000000 -1.000000000 0.000000000
vn 0.000000000 -1.000000000 0.000000000
vn 0.000000000 -1.000000000 0.000000000
vn 0.000000000 -1.000000000 0.000000000
vn 0.000000000 -1.000000000 0.000000000
vn 0.000000000 -1.000000000 0.000000000
vn 0.000000000 -1.000000000 0.000000000
vn 0.000000000 -1.000000000 0.000000000
vn 0.000000000 -1.000000000 0.000000000
vn 0.000000000 -1.000000000 0.000000000
vn 0.000000000 -1.000000000 0.000000000
vn 0.000000000 -1.000000000 0.000000000
vn 0.000000000 -1.000000000 0.000000000
vn 0.000000000 -1.000000000 0.000000000
vn 0.000000000 -1.000000000 0.000000000
vn 0.000000000 -1.000000000 0.000000000
vn 0.000000000 -1.000000000 0.000000000
vn 0.000000000 -1.000000000 0.000000000
vn 0.000000000 -1.000000000 0.000000000
vn 0.000000000 -1.000000000 0.000000000
vn 0.000000000 -1.000000000 0.000000000
vn 0.000000000 -1.000000000 0.000000000
vn 0.000000000 -1.000000000 0.000000000
vn 0.000000000 -1.000000000 0.000000000
vn 0.000000000 -1.000000000 0.000000000
vn 0.000000000 -1.000000000 0.000000000
vn 0.000000000 -1.000000000 0.000000000
vn 0.000000000 -1.000000000 0.000000000
vn 0.000000000 -1.000000000 0.000000000
vn 0.000000000 -1.000000000 0.000000000
vn 0.000000000 -1.000000000 0.000000000
vn 0.000000000 -1.000000000 0.000000000
vn 0.000000000 -1.000000000 0.000000000
vn 0.000000000 -1.000000000 0.000000000
vn 0.000000000 -1.000000000 0.000000000
vn 0.000000000 -1.000000000 0.000000000
vn 0.014252999 -0.997971951 -0.062038997
vn 0.051176008 -0.986536162 -0.155330026
vn 0.092910987 -0.974927863 -0.202195972
vn 0.112466993 -0.974927942 -0.192006989
vn 0.130917999 -0.974927994 -0.179932999
vn 0.148083973 -0.974927824 -0.166092970
vn 0.163795966 -0.974927795 -0.150620968
vn 0.177898971 -0.974927840 -0.133669978
vn 0.319377986 -0.900968961 -0.293687987
vn 0.346877014 -0.900969038 -0.260636011
vn 0.458945104 -0.781831177 -0.422030096
vn 0.498461300 -0.781831470 -0.374534225
vn 0.575499004 -0.623490004 -0.529208004
vn 0.625050814 -0.623489815 -0.469650860
vn 0.663195015 -0.433884010 -0.609850013
vn 0.720297865 -0.433883919 -0.541216898
vn 0.717635202 -0.222521063 -0.659912186
vn 0.779425785 -0.222520939 -0.585644839
vn 0.116588007 -0.955339057 -0.271541016
vn 0.209163083 -0.893200356 -0.398050159
vn 0.219293932 -0.900968719 -0.374386883
vn 0.255271008 -0.900969029 -0.350844011
vn 0.288742030 -0.900969094 -0.323856034
vn 0.263212017 -0.847431056 -0.461064030
vn 0.323263997 -0.787318992 -0.525003994
vn 0.366824205 -0.781831437 -0.504162282
vn 0.414922113 -0.781831214 -0.465381127
vn 0.390041048 -0.706814086 -0.590154072
vn 0.459983065 -0.623490089 -0.632199090
vn 0.520295874 -0.623489849 -0.583568858
vn 0.456045225 -0.608538300 -0.649387320
vn 0.517641953 -0.489935956 -0.701433937
vn 0.599579692 -0.433883777 -0.672494655
vn 0.572204786 -0.343269871 -0.744813721
vn 0.648797911 -0.222520969 -0.727698900
vn 0.592567740 -0.265619884 -0.760466666
vn 0.608595820 -0.179920947 -0.772812772
vn 0.618833102 -0.089072015 -0.780456128
vn 0.833562056 -0.222521015 -0.505627034
vn 0.879513332 -0.222521084 -0.420643159
vn 0.916827236 -0.222521057 -0.331530085
vn 0.945138608 -0.222520908 -0.239159901
vn 0.964168543 -0.222520895 -0.144441932
vn 0.973730447 -0.222521102 -0.048305022
vn 0.973730447 -0.222521102 0.048305022
vn 0.964168543 -0.222520895 0.144441932
vn 0.945138608 -0.222520908 0.239159901
vn 0.916827236 -0.222521057 0.331530085
vn 0.879513332 -0.222521084 0.420643159
vn 0.833562056 -0.222521015 0.505627034
vn 0.779425785 -0.222520939 0.585644839
vn 0.717635202 -0.222521063 0.659912186
vn 0.648797911 -0.222520969 0.727698900
vn 0.618833102 -0.089072015 0.780456128
vn 0.608595820 -0.179920947 0.772812772
vn 0.592567740 -0.265619884 0.760466666
vn 0.572204786 -0.343269871 0.744813721
vn 0.599579692 -0.433883777 0.672494655
vn 0.517641953 -0.489935956 0.701433937
vn 0.520295874 -0.623489849 0.583568858
vn 0.459983065 -0.623490089 0.632199090
vn 0.366824205 -0.781831437 0.504162282
vn 0.390041048 -0.706814086 0.590154072
vn 0.323263997 -0.787318992 0.525003994
vn 0.456045225 -0.608538300 0.649387320
vn 0.255271008 -0.900969029 0.350844011
vn 0.263212017 -0.847431056 0.461064030
vn 0.219293932 -0.900968719 0.374386883
vn 0.209163083 -0.893200356 0.398050159
vn 0.116588007 -0.955339057 0.271541016
vn 0.051176008 -0.986536162 0.155330026
vn 0.092910987 -0.974927863 0.202195972
vn 0.112466993 -0.974927942 0.192006989
vn 0.014252999 -0.997971951 0.062038997
vn 0.130917999 -0.974927994 0.179932999
vn 0.148083973 -0.974927824 0.166092970
vn 0.163795966 -0.974927795 0.150620968
vn 0.177898971 -0.974927840 0.133669978
vn 0.346877014 -0.900969038 0.260636011
vn 0.370969976 -0.900968941 0.225024985
vn 0.533083297 -0.781831435 0.323360180
vn 0.562470093 -0.781831129 0.269012044
vn 0.705314803 -0.623489826 0.337329906
vn 0.735238670 -0.623489720 0.265865881
vn 0.847275984 -0.433883992 0.306378994
vn 0.873439207 -0.433884103 0.221017052
vn 0.190254989 -0.974927944 0.115405993
vn 0.391419982 -0.900968958 0.187203991
vn 0.586333292 -0.781831389 0.212021106
vn 0.757942135 -0.623490111 0.191791034
vn 0.891025716 -0.433883862 0.133483958
vn 0.200742991 -0.974927958 0.096008996
vn 0.408026857 -0.900968685 0.147544948
vn 0.604439117 -0.781831151 0.152949030
vn 0.773203022 -0.623490018 0.115833003
vn 0.899862106 -0.433884051 0.044641005
vn 0.209259984 -0.974927927 0.075668994
vn 0.420626001 -0.900969003 0.106436000
vn 0.616609207 -0.781831263 0.092374031
vn 0.780871027 -0.623490021 0.038738001
vn 0.899862106 -0.433884051 -0.044641005
vn 0.215721965 -0.974927841 0.054586991
vn 0.429095008 -0.900969017 0.064283001
vn 0.622724246 -0.781831309 0.030892012
vn 0.780871027 -0.623490021 -0.038738001
vn 0.891025716 -0.433883862 -0.133483958
vn 0.220064989 -0.974927952 0.032967998
vn 0.433350915 -0.900968823 0.021497996
vn 0.622724246 -0.781831309 -0.030892012
vn 0.773203022 -0.623490018 -0.115833003
vn 0.873439207 -0.433884103 -0.221017052
vn 0.222247963 -0.974927839 0.011024998
vn 0.433350915 -0.900968823 -0.021497996
vn 0.616609207 -0.781831263 -0.092374031
vn 0.757942135 -0.623490111 -0.191791034
vn 0.847275984 -0.433883992 -0.306378994
vn 0.222247963 -0.974927839 -0.011024998
vn 0.429095008 -0.900969017 -0.064283001
vn 0.604439117 -0.781831151 -0.152949030
vn 0.735238670 -0.623489720 -0.265865881
vn 0.812792201 -0.433884107 -0.388733096
vn 0.220064989 -0.974927952 -0.032967998
vn 0.215721965 -0.974927841 -0.054586991
vn 0.209259984 -0.974927927 -0.075668994
vn 0.200742991 -0.974927958 -0.096008996
vn 0.190254989 -0.974927944 -0.115405993
vn 0.770327258 -0.433884145 -0.467269156
vn 0.668464974 -0.623489976 -0.405480984
vn 0.705314803 -0.623489826 -0.337329906
vn 0.533083297 -0.781831435 -0.323360180
vn 0.562470093 -0.781831129 -0.269012044
vn 0.586333292 -0.781831389 -0.212021106
vn 0.370969976 -0.900968941 -0.225024985
vn 0.391419982 -0.900968958 -0.187203991
vn 0.408026857 -0.900968685 -0.147544948
vn 0.420626001 -0.900969003 -0.106436000
vn 0.812792201 -0.433884107 0.388733096
vn 0.668464974 -0.623489976 0.405480984
vn 0.498461300 -0.781831470 0.374534225
vn 0.319377986 -0.900968961 0.293687987
vn 0.770327258 -0.433884145 0.467269156
vn 0.625050814 -0.623489815 0.469650860
vn 0.458945104 -0.781831177 0.422030096
vn 0.288742030 -0.900969094 0.323856034
vn 0.720297865 -0.433883919 0.541216898
vn 0.575499004 -0.623490004 0.529208004
vn 0.414922113 -0.781831214 0.465381127
vn 0.663195015 -0.433884010 0.609850013
vn -0.014252999 -0.997971951 0.062038997
vn -0.051176008 -0.986536162 0.155330026
vn -0.092910987 -0.974927863 0.202195972
vn -0.112466993 -0.974927942 0.192006989
vn -0.130917999 -0.974927994 0.179932999
vn -0.148083973 -0.974927824 0.166092970
vn -0.163795966 -0.974927795 0.150620968
vn -0.177898971 -0.974927840 0.133669978
vn -0.319377986 -0.900968961 0.293687987
vn -0.346877014 -0.900969038 0.260636011
vn -0.458945104 -0.781831177 0.422030096
vn -0.498461300 -0.781831470 0.374534225
vn -0.575499004 -0.623490004 0.529208004
vn -0.625050814 -0.623489815 0.469650860
vn -0.663195015 -0.433884010 0.609850013
vn -0.720297865 -0.433883919 0.541216898
vn -0.717635202 -0.222521063 0.659912186
vn -0.779425785 -0.222520939 0.585644839
vn -0.116588007 -0.955339057 0.271541016
vn -0.209163083 -0.893200356 0.398050159
vn -0.219293932 -0.900968719 0.374386883
vn -0.255271008 -0.900969029 0.350844011
vn -0.288742030 -0.900969094 0.323856034
vn -0.263212017 -0.847431056 0.461064030
vn -0.323263997 -0.787318992 0.525003994
vn -0.366824205 -0.781831437 0.504162282
vn -0.414922113 -0.781831214 0.465381127
vn -0.390041048 -0.706814086 0.590154072
vn -0.459983065 -0.623490089 0.632199090
vn -0.520295874 -0.623489849 0.583568858
vn -0.456045225 -0.608538300 0.649387320
vn -0.517641953 -0.489935956 0.701433937
vn -0.599579692 -0.433883777 0.672494655
vn -0.572204786 -0.343269871 0.744813721
vn -0.648797911 -0.222520969 0.727698900
vn -0.592567740 -0.265619884 0.760466666
vn -0.608595820 -0.179920947 0.772812772
vn -0.618833102 -0.089072015 0.780456128
vn -0.833562056 -0.222521015 0.505627034
vn -0.879513332 -0.222521084 0.420643159
vn -0.916827236 -0.222521057 0.331530085
vn -0.945138608 -0.222520908 0.239159901
vn -0.964168543 -0.222520895 0.144441932
vn -0.973730447 -0.222521102 0.048305022
vn -0.973730447 -0.222521102 -0.048305022
vn -0.964168543 -0.222520895 -0.144441932
vn -0.945138608 -0.222520908 -0.239159901
vn -0.916827236 -0.222521057 -0.331530085
vn -0.879513332 -0.222521084 -0.420643159
vn -0.833562056 -0.222521015 -0.505627034
vn -0.779425785 -0.222520939 -0.585644839
vn -0.717635202 -0.222521063 -0.659912186
vn -0.648797911 -0.222520969 -0.727698900
vn -0.618833102 -0.089072015 -0.780456128
vn -0.608595820 -0.179920947 -0.772812772
vn -0.592567740 -0.265619884 -0.760466666
vn -0.572204786 -0.343269871 -0.744813721
vn -0.599579692 -0.433883777 -0.672494655
vn -0.517641953 -0.489935956 -0.701433937
vn -0.520295874 -0.623489849 -0.583568858
vn -0.459983065 -0.623490089 -0.632199090
vn -0.366824205 -0.781831437 -0.504162282
vn -0.390041048 -0.706814086 -0.590154072
vn -0.323263997 -0.787318992 -0.525003994
vn -0.456045225 -0.608538300 -0.649387320
vn -0.255271008 -0.900969029 -0.350844011
vn -0.263212017 -0.847431056 -0.461064030
vn -0.219293932 -0.900968719 -0.374386883
vn -0.209163083 -0.893200356 -0.398050159
vn -0.116588007 -0.955339057 -0.271541016
vn -0.051176008 -0.986536162 -0.155330026
vn -0.092910987 -0.974927863 -0.202195972
vn -0.112466993 -0.974927942 -0.192006989
vn -0.014252999 -0.997971951 -0.062038997
vn -0.130917999 -0.974927994 -0.179932999
vn -0.148083973 -0.974927824 -0.166092970
vn -0.163795966 -0.974927795 -0.150620968
vn -0.177898971 -0.974927840 -0.133669978
vn -0.346877014 -0.900969038 -0.260636011
vn -0.370969976 -0.900968941 -0.225024985
vn -0.533083297 -0.781831435 -0.323360180
vn -0.562470093 -0.781831129 -0.269012044
vn -0.705314803 -0.623489826 -0.337329906
vn -0.735238670 -0.623489720 -0.265865881
vn -0.847275984 -0.433883992 -0.306378994
vn -0.873439207 -0.433884103 -0.221017052
vn -0.190254989 -0.974927944 -0.115405993
vn -0.391419982 -0.900968958 -0.187203991
vn -0.586333292 -0.781831389 -0.212021106
vn -0.757942135 -0.623490111 -0.191791034
vn -0.891025716 -0.433883862 -0.133483958
vn -0.200742991 -0.974927958 -0.096008996
vn -0.408026857 -0.900968685 -0.147544948
vn -0.604439117 -0.781831151 -0.152949030
vn -0.773203022 -0.623490018 -0.115833003
vn -0.899862106 -0.433884051 -0.044641005
vn -0.209259984 -0.974927927 -0.075668994
vn -0.420626001 -0.900969003 -0.106436000
vn -0.616609207 -0.781831263 -0.092374031
vn -0.780871027 -0.623490021 -0.038738001
vn -0.899862106 -0.433884051 0.044641005
vn -0.215721965 -0.974927841 -0.054586991
vn -0.429095008 -0.900969017 -0.064283001
vn -0.622724246 -0.781831309 -0.030892012
vn -0.780871027 -0.623490021 0.038738001
vn -0.891025716 -0.433883862 0.133483958
vn -0.220064989 -0.974927952 -0.032967998
vn -0.433350915 -0.900968823 -0.021497996
vn -0.622724246 -0.781831309 0.030892012
vn -0.773203022 -0.623490018 0.115833003
vn -0.873439207 -0.433884103 0.221017052
vn -0.222247963 -0.974927839 -0.011024998
vn -0.433350915 -0.900968823 0.021497996
vn -0.616609207 -0.781831263 0.092374031
vn -0.757942135 -0.623490111 0.191791034
vn -0.847275984 -0.433883992 0.306378994
vn -0.222247963 -0.974927839 0.011024998
vn -0.429095008 -0.900969017 0.064283001
vn -0.604439117 -0.781831151 0.152949030
vn -0.735238670 -0.623489720 0.265865881
vn -0.812792201 -0.433884107 0.388733096
vn -0.220064989 -0.974927952 0.032967998
vn -0.215721965 -0.974927841 0.054586991
vn -0.209259984 -0.974927927 0.075668994
vn -0.200742991 -0.974927958 0.096008996
vn -0.190254989 -0.974927944 0.115405993
vn -0.770327258 -0.433884145 0.467269156
vn -0.668464974 -0.623489976 0.405480984
vn -0.705314803 -0.623489826 0.337329906
vn -0.533083297 -0.781831435 0.323360180
vn -0.562470093 -0.781831129 0.269012044
vn -0.586333292 -0.781831389 0.212021106
vn -0.370969976 -0.900968941 0.225024985
vn -0.391419982 -0.900968958 0.187203991
vn -0.408026857 -0.900968685 0.147544948
vn -0.420626001 -0.900969003 0.106436000
vn -0.812792201 -0.433884107 -0.388733096
vn -0.668464974 -0.623489976 -0.405480984
vn -0.498461300 -0.781831470 -0.374534225
vn -0.319377986 -0.900968961 -0.293687987
vn -0.770327258 -0.433884145 -0.467269156
vn -0.625050814 -0.623489815 -0.469650860
vn -0.458945104 -0.781831177 -0.422030096
vn -0.288742030 -0.900969094 -0.323856034
vn -0.720297865 -0.433883919 -0.541216898
vn -0.575499004 -0.623490004 -0.529208004
vn -0.414922113 -0.781831214 -0.465381127
vn -0.663195015 -0.433884010 -0.609850013
usemtl Opaque(255,239,35)
f 33/1/1 1/2/2 22/3/3
f 22/3/3 1/2/2 2/4/4
f 22/3/3 2/4/4 21/5/5
f 21/5/5 2/4/4 3/6/6
f 21/5/5 3/6/6 4/7/7
f 4/7/7 5/8/8 21/5/5
f 21/5/5 5/8/8 6/9/9
f 21/5/5 6/9/9 7/10/10
f 7/10/10 8/11/11 21/5/5
f 21/5/5 8/11/11 9/12/12
f 21/5/5 9/12/12 10/13/13
f 10/13/13 11/14/14 21/5/5
f 21/5/5 11/14/14 12/15/15
f 21/5/5 12/15/15 13/16/16
f 13/16/16 14/17/17 21/5/5
f 21/5/5 14/17/17 20/18/18
f 20/18/18 14/17/17 15/19/19
f 20/18/18 15/19/19 19/20/20
f 19/20/20 15/19/19 16/21/21
f 19/20/20 16/21/21 18/22/22
f 18/22/22 16/21/21 17/23/23
f 23/24/24 29/25/25 22/3/3
f 22/3/3 29/25/25 30/26/26
f 22/3/3 30/26/26 31/27/27
f 29/25/25 23/24/24 28/28/28
f 28/28/28 23/24/24 24/29/29
f 28/28/28 24/29/29 27/30/30
f 27/30/30 24/29/29 25/31/31
f 27/30/30 25/31/31 26/32/32
f 31/27/27 32/33/33 22/3/3
f 22/3/3 32/33/33 33/1/1
f 66/34/34 34/35/35 46/36/36
f 46/36/36 34/35/35 35/37/37
f 46/36/36 35/37/37 36/38/38
f 36/38/38 37/39/39 46/36/36
f 46/36/36 37/39/39 38/40/40
f 46/36/36 38/40/40 39/41/41
f 46/36/36 39/41/41 45/42/42
f 45/42/42 39/41/41 40/43/43
f 45/42/42 40/43/43 44/44/44
f 44/44/44 40/43/43 41/45/45
f 44/44/44 41/45/45 43/46/46
f 43/46/46 41/45/45 42/47/47
f 46/36/36 47/48/48 66/34/34
f 66/34/34 47/48/48 65/49/49
f 65/49/49 47/48/48 64/50/50
f 64/50/50 47/48/48 63/51/51
f 63/51/51 47/48/48 62/52/52
f 62/52/52 47/48/48 61/53/53
f 61/53/53 47/48/48 60/54/54
f 60/54/54 47/48/48 59/55/55
f 59/55/55 47/48/48 58/56/56
f 58/56/56 47/48/48 57/57/57
f 57/57/57 47/48/48 56/58/58
f 56/58/58 47/48/48 55/59/59
f 55/59/59 47/48/48 54/60/60
f 54/60/60 47/48/48 48/61/61
f 54/60/60 48/61/61 53/62/62
f 53/62/62 48/61/61 49/63/63
f 53/62/62 49/63/63 52/64/64
f 52/64/64 49/63/63 50/65/65
f 52/64/64 50/65/65 51/66/66
f 66/67/67 68/68/68 34/69/69
f 34/69/69 68/68/68 67/70/70
f 34/71/69 67/72/70 35/73/71
f 35/73/71 67/72/70 99/74/72
f 35/73/71 99/74/72 36/75/73
f 36/75/73 99/74/72 98/76/74
f 36/75/73 98/76/74 37/77/75
f 37/77/75 98/76/74 97/78/76
f 37/77/75 97/78/76 38/79/77
f 38/79/77 97/78/76 96/80/78
f 38/79/77 96/80/78 39/81/79
f 39/81/79 96/80/78 95/82/80
f 39/81/79 95/82/80 40/83/81
f 40/83/81 95/82/80 94/84/82
f 40/83/81 94/84/82 41/85/83
f 41/85/83 94/84/82 93/86/84
f 41/85/83 93/86/84 42/87/85
f 42/87/85 93/86/84 92/88/86
f 42/87/85 92/88/86 43/89/87
f 43/89/87 92/88/86 91/90/88
f 43/89/87 91/90/88 44/91/89
f 44/91/89 91/90/88 90/92/90
f 44/91/89 90/92/90 45/93/91
f 45/93/91 90/92/90 89/94/92
f 45/93/91 89/94/92 46/95/93
f 46/95/93 89/94/92 88/96/94
f 46/95/93 88/96/94 47/97/95
f 47/97/95 88/96/94 87/98/96
f 47/97/95 87/98/96 48/99/97
f 48/99/97 87/98/96 86/100/98
f 48/99/97 86/100/98 49/101/99
f 49/101/99 86/100/98 85/102/100
f 49/101/99 85/102/100 50/103/101
f 50/103/101 85/102/100 84/104/102
f 50/103/101 84/104/102 51/105/103
f 51/105/103 84/104/102 83/106/104
f 51/105/103 83/106/104 52/107/105
f 52/107/105 83/106/104 82/108/106
f 52/107/105 82/108/106 53/109/107
f 53/109/107 82/108/106 81/110/108
f 53/109/107 81/110/108 54/111/109
f 54/111/109 81/110/108 80/112/110
f 54/111/109 80/112/110 55/113/111
f 55/113/111 80/112/110 79/114/112
f 55/113/111 79/114/112 56/115/113
f 56/115/113 79/114/112 78/116/114
f 56/115/113 78/116/114 57/117/115
f 57/117/115 78/116/114 77/118/116
f 57/117/115 77/118/116 58/119/117
f 58/119/117 77/118/116 76/120/118
f 58/119/117 76/120/118 59/121/119
f 59/121/119 76/120/118 75/122/120
f 59/121/119 75/122/120 60/123/121
f 60/123/121 75/122/120 74/124/122
f 60/123/121 74/124/122 61/125/123
f 61/125/123 74/124/122 73/126/124
f 61/125/123 73/126/124 62/127/125
f 62/127/125 73/126/124 72/128/126
f 62/127/125 72/128/126 63/129/127
f 63/129/127 72/128/126 71/130/128
f 63/129/127 71/130/128 64/131/129
f 64/131/129 71/130/128 70/132/130
f 64/131/129 70/132/130 65/133/131
f 65/133/131 70/132/130 69/134/132
f 65/133/131 69/134/132 66/67/67
f 66/67/67 69/134/132 68/68/68
f 33/135/133 99/74/72 1/136/134
f 1/136/134 99/74/72 67/72/70
f 1/137/134 67/70/70 2/138/135
f 2/138/135 67/70/70 68/68/68
f 2/138/135 68/68/68 3/139/136
f 3/139/136 68/68/68 69/134/132
f 3/139/136 69/134/132 4/140/137
f 4/140/137 69/134/132 70/132/130
f 4/140/137 70/132/130 5/141/138
f 5/141/138 70/132/130 71/130/128
f 5/141/138 71/130/128 6/142/139
f 6/142/139 71/130/128 72/128/126
f 6/142/139 72/128/126 7/143/140
f 7/143/140 72/128/126 73/126/124
f 7/143/140 73/126/124 8/144/141
f 8/144/141 73/126/124 74/124/122
f 8/144/141 74/124/122 9/145/142
f 9/145/142 74/124/122 75/122/120
f 9/145/142 75/122/120 10/146/143
f 10/146/143 75/122/120 76/120/118
f 10/146/143 76/120/118 11/147/144
f 11/147/144 76/120/118 77/118/116
f 11/147/144 77/118/116 12/148/145
f 12/148/145 77/118/116 78/116/114
f 12/148/145 78/116/114 13/149/146
f 13/149/146 78/116/114 79/114/112
f 13/149/146 79/114/112 14/150/147
f 14/150/147 79/114/112 80/112/110
f 14/150/147 80/112/110 15/151/148
f 15/151/148 80/112/110 81/110/108
f 15/151/148 81/110/108 16/152/149
f 16/152/149 81/110/108 82/108/106
f 16/152/149 82/108/106 17/153/150
f 17/153/150 82/108/106 83/106/104
f 17/153/150 83/106/104 18/154/151
f 18/154/151 83/106/104 84/104/102
f 18/154/151 84/104/102 19/155/152
f 19/155/152 84/104/102 85/102/100
f 19/155/152 85/102/100 20/156/153
f 20/156/153 85/102/100 86/100/98
f 20/156/153 86/100/98 21/157/154
f 21/157/154 86/100/98 87/98/96
f 21/157/154 87/98/96 22/158/155
f 22/158/155 87/98/96 88/96/94
f 22/158/155 88/96/94 23/159/156
f 23/159/156 88/96/94 89/94/92
f 23/159/156 89/94/92 24/160/157
f 24/160/157 89/94/92 90/92/90
f 24/160/157 90/92/90 25/161/158
f 25/161/158 90/92/90 91/90/88
f 25/161/158 91/90/88 26/162/159
f 26/162/159 91/90/88 92/88/86
f 26/162/159 92/88/86 27/163/160
f 27/163/160 92/88/86 93/86/84
f 27/163/160 93/86/84 28/164/161
f 28/164/161 93/86/84 94/84/82
f 28/164/161 94/84/82 29/165/162
f 29/165/162 94/84/82 95/82/80
f 29/165/162 95/82/80 30/166/163
f 30/166/163 95/82/80 96/80/78
f 30/166/163 96/80/78 31/167/164
f 31/167/164 96/80/78 97/78/76
f 31/167/164 97/78/76 32/168/165
f 32/168/165 97/78/76 98/76/74
f 32/168/165 98/76/74 33/135/133
f 33/135/133 98/76/74 99/74/72
usemtl Opaque(255,255,255)
f 137/169/166 100/170/167 166/171/168
f 166/171/168 100/170/167 101/172/169
f 166/171/168 101/172/169 165/173/170
f 165/173/170 101/172/169 102/174/171
f 165/173/170 102/174/171 164/175/172
f 164/175/172 102/174/171 103/176/173
f 164/175/172 103/176/173 163/177/174
f 163/177/174 103/176/173 104/178/175
f 163/177/174 104/178/175 162/179/176
f 162/179/176 104/178/175 105/180/177
f 162/179/176 105/180/177 161/181/178
f 161/181/178 105/180/177 106/182/179
f 161/181/178 106/182/179 160/183/180
f 160/183/180 106/182/179 107/184/181
f 160/183/180 107/184/181 159/185/182
f 159/185/182 107/184/181 108/186/183
f 159/185/182 108/186/183 109/187/184
f 159/185/182 109/187/184 158/188/185
f 158/188/185 109/187/184 110/189/186
f 158/188/185 110/189/186 157/190/187
f 157/190/187 110/189/186 111/191/188
f 157/190/187 111/191/188 156/192/189
f 156/192/189 111/191/188 112/193/190
f 156/192/189 112/193/190 155/194/191
f 155/194/191 112/193/190 113/195/192
f 155/194/191 113/195/192 114/196/193
f 155/194/191 114/196/193 154/197/194
f 154/197/194 114/196/193 115/198/195
f 154/197/194 115/198/195 153/199/196
f 153/199/196 115/198/195 116/200/197
f 153/199/196 116/200/197 152/201/198
f 152/201/198 116/200/197 117/202/199
f 152/201/198 117/202/199 151/203/200
f 151/203/200 117/202/199 118/204/201
f 151/203/200 118/204/201 150/205/202
f 150/205/202 118/204/201 119/206/203
f 150/205/202 119/206/203 120/207/204
f 150/205/202 120/207/204 149/208/205
f 149/208/205 120/207/204 121/209/206
f 149/208/205 121/209/206 148/210/207
f 148/210/207 121/209/206 122/211/208
f 148/210/207 122/211/208 147/212/209
f 147/212/209 122/211/208 123/213/210
f 147/212/209 123/213/210 146/214/211
f 146/214/211 123/213/210 124/215/212
f 146/214/211 124/215/212 145/216/213
f 145/216/213 124/215/212 125/217/214
f 145/216/213 125/217/214 144/218/215
f 144/218/215 125/217/214 126/219/216
f 144/218/215 126/219/216 143/220/217
f 143/220/217 126/219/216 127/221/218
f 143/220/217 127/221/218 128/222/219
f 143/220/217 128/222/219 142/223/220
f 142/223/220 128/222/219 129/224/221
f 142/223/220 129/224/221 141/225/222
f 141/225/222 129/224/221 130/226/223
f 141/225/222 130/226/223 140/227/224
f 140/227/224 130/226/223 131/228/225
f 140/227/224 131/228/225 139/229/226
f 139/229/226 131/228/225 132/230/227
f 139/229/226 132/230/227 138/231/228
f 138/232/228 132/233/227 133/234/229
f 138/232/228 133/234/229 170/235/230
f 170/235/230 133/234/229 134/236/231
f 170/235/230 134/236/231 169/237/232
f 169/237/232 134/236/231 135/238/233
f 169/237/232 135/238/233 168/239/234
f 168/239/234 135/238/233 136/240/235
f 168/239/234 136/240/235 167/241/236
f 167/241/236 136/240/235 137/169/166
f 167/241/236 137/169/166 166/171/168
f 119/242/237 108/243/238 120/244/239
f 120/244/239 108/243/238 107/245/240
f 120/244/239 107/245/240 121/246/241
f 121/246/241 107/245/240 106/247/242
f 121/246/241 106/247/242 122/248/243
f 122/248/243 106/247/242 105/249/244
f 122/248/243 105/249/244 123/250/245
f 123/250/245 105/249/244 104/251/246
f 123/250/245 104/251/246 103/252/247
f 123/250/245 103/252/247 124/253/248
f 124/253/248 103/252/247 102/254/249
f 124/253/248 102/254/249 125/255/250
f 125/255/250 102/254/249 101/256/251
f 125/255/250 101/256/251 126/257/252
f 126/257/252 101/256/251 100/258/253
f 126/257/252 100/258/253 127/259/254
f 172/260/255 237/261/256 171/262/257
f 171/263/257 237/264/256 238/265/258
f 171/263/257 238/265/258 203/266/259
f 203/266/259 238/265/258 239/267/260
f 203/266/259 239/267/260 202/268/261
f 202/268/261 239/267/260 240/269/262
f 202/268/261 240/269/262 201/270/263
f 201/270/263 240/269/262 241/271/264
f 201/270/263 241/271/264 200/272/265
f 200/272/265 241/271/264 204/273/266
f 200/272/265 204/273/266 199/274/267
f 199/274/267 204/273/266 205/275/268
f 199/274/267 205/275/268 206/276/269
f 237/261/256 172/260/255 236/277/270
f 236/277/270 172/260/255 173/278/271
f 236/277/270 173/278/271 235/279/272
f 235/279/272 173/278/271 174/280/273
f 235/279/272 174/280/273 234/281/274
f 234/281/274 174/280/273 175/282/275
f 234/281/274 175/282/275 233/283/276
f 233/283/276 175/282/275 176/284/277
f 233/283/276 176/284/277 232/285/278
f 232/285/278 176/284/277 231/286/279
f 231/286/279 176/284/277 177/287/280
f 231/286/279 177/287/280 230/288/281
f 230/288/281 177/287/280 178/289/282
f 230/288/281 178/289/282 229/290/283
f 229/290/283 178/289/282 179/291/284
f 229/290/283 179/291/284 228/292/285
f 228/292/285 179/291/284 180/293/286
f 228/292/285 180/293/286 227/294/287
f 227/294/287 180/293/286 181/295/288
f 227/294/287 181/295/288 226/296/289
f 226/296/289 181/295/288 182/297/290
f 226/296/289 182/297/290 225/298/291
f 225/298/291 182/297/290 183/299/292
f 225/298/291 183/299/292 224/300/293
f 224/300/293 183/299/292 223/301/294
f 223/301/294 183/299/292 184/302/295
f 223/301/294 184/302/295 222/303/296
f 222/303/296 184/302/295 185/304/297
f 222/303/296 185/304/297 221/305/298
f 221/305/298 185/304/297 186/306/299
f 221/305/298 186/306/299 220/307/300
f 220/307/300 186/306/299 187/308/301
f 220/307/300 187/308/301 219/309/302
f 219/309/302 187/308/301 188/310/303
f 219/309/302 188/310/303 218/311/304
f 218/311/304 188/310/303 217/312/305
f 217/312/305 188/310/303 189/313/306
f 217/312/305 189/313/306 216/314/307
f 216/314/307 189/313/306 190/315/308
f 216/314/307 190/315/308 215/316/309
f 215/316/309 190/315/308 191/317/310
f 215/316/309 191/317/310 214/318/311
f 214/318/311 191/317/310 192/319/312
f 214/318/311 192/319/312 213/320/313
f 213/320/313 192/319/312 212/321/314
f 212/321/314 192/319/312 193/322/315
f 212/321/314 193/322/315 211/323/316
f 211/323/316 193/322/315 194/324/317
f 211/323/316 194/324/317 210/325/318
f 210/325/318 194/324/317 195/326/319
f 210/325/318 195/326/319 209/327/320
f 209/327/320 195/326/319 196/328/321
f 209/327/320 196/328/321 208/329/322
f 208/329/322 196/328/321 197/330/323
f 208/329/322 197/330/323 207/331/324
f 207/331/324 197/330/323 198/332/325
f 207/331/324 198/332/325 206/276/269
f 206/276/269 198/332/325 199/274/267
f 224/333/326 213/334/327 225/335/328
f 225/335/328 213/334/327 212/336/329
f 225/335/328 212/336/329 226/337/330
f 226/337/330 212/336/329 211/338/331
f 226/337/330 211/338/331 227/339/332
f 227/339/332 211/338/331 210/340/333
f 227/339/332 210/340/333 228/341/334
f 228/341/334 210/340/333 209/342/335
f 228/341/334 209/342/335 208/343/336
f 228/341/334 208/343/336 229/344/337
f 229/344/337 208/343/336 207/345/338
f 229/344/337 207/345/338 230/346/339
f 230/346/339 207/345/338 206/347/340
f 230/346/339 206/347/340 231/348/341
f 231/348/341 206/347/340 205/349/342
f 231/348/341 205/349/342 232/350/343
usemtl Opaque(255,239,35)
f 259/351/344 242/352/345 250/353/346
f 250/353/346 242/352/345 243/354/347
f 250/353/346 243/354/347 244/355/348
f 244/355/348 245/356/349 250/353/346
f 250/353/346 245/356/349 246/357/350
f 250/353/346 246/357/350 247/358/351
f 247/358/351 248/359/352 250/353/346
f 250/353/346 248/359/352 249/360/353
f 250/353/346 251/361/354 259/351/344
f 259/351/344 251/361/354 258/362/355
f 258/362/355 251/361/354 257/363/356
f 257/363/356 251/361/354 256/364/357
f 256/364/357 251/361/354 255/365/358
f 255/365/358 251/361/354 254/366/359
f 254/366/359 251/361/354 253/367/360
f 253/367/360 251/361/354 252/368/361
f 260/369/362 261/370/363 268/371/364
f 268/371/364 261/370/363 262/372/365
f 268/371/364 262/372/365 263/373/366
f 263/373/366 264/374/367 268/371/364
f 268/371/364 264/374/367 265/375/368
f 268/371/364 265/375/368 266/376/369
f 266/376/369 267/377/370 268/371/364
f 270/378/371 271/379/372 269/380/373
f 269/380/373 271/379/372 272/381/374
f 274/382/375 275/383/376 273/384/377
f 273/384/377 275/383/376 276/385/378
f 276/386/378 297/387/379 273/388/377
f 273/388/377 297/387/379 295/389/380
f 273/388/377 295/389/380 296/390/381
f 276/386/378 277/391/382 297/387/379
f 297/387/379 277/391/382 298/392/383
f 297/387/379 298/392/383 294/393/384
f 294/393/384 298/392/383 293/394/385
f 293/394/385 298/392/383 299/395/386
f 293/394/385 299/395/386 292/396/387
f 292/396/387 299/395/386 300/397/388
f 292/396/387 300/397/388 291/398/389
f 291/398/389 300/397/388 301/399/390
f 291/398/389 301/399/390 290/400/391
f 290/400/391 301/399/390 302/401/392
f 290/400/391 302/401/392 289/402/393
f 289/402/393 302/401/392 303/403/394
f 289/402/393 303/403/394 288/404/395
f 288/404/395 303/403/394 304/405/396
f 288/404/395 304/405/396 286/406/397
f 286/406/397 304/405/396 285/407/398
f 285/407/398 304/405/396 284/408/399
f 284/408/399 304/405/396 283/409/400
f 283/409/400 304/405/396 303/403/394
f 283/409/400 303/403/394 282/410/401
f 282/410/401 303/403/394 302/401/392
f 282/410/401 302/401/392 281/411/402
f 281/411/402 302/401/392 301/399/390
f 281/411/402 301/399/390 280/412/403
f 280/412/403 301/399/390 300/397/388
f 280/412/403 300/397/388 279/413/404
f 279/413/404 300/397/388 299/395/386
f 279/413/404 299/395/386 278/414/405
f 278/414/405 299/395/386 298/392/383
f 278/414/405 298/392/383 277/391/382
f 286/406/397 287/415/406 288/404/395
f 294/393/384 295/389/380 297/387/379
f 286/416/397 285/417/398 306/418/407
f 306/418/407 285/417/398 305/419/408
f 305/420/408 325/421/409 306/422/407
f 306/422/407 325/421/409 323/423/410
f 306/422/407 323/423/410 324/424/411
f 305/420/408 307/425/412 325/421/409
f 325/421/409 307/425/412 326/426/413
f 325/421/409 326/426/413 322/427/414
f 322/427/414 326/426/413 321/428/415
f 321/428/415 326/426/413 327/429/416
f 321/428/415 327/429/416 320/430/417
f 320/430/417 327/429/416 328/431/418
f 320/430/417 328/431/418 319/432/419
f 319/432/419 328/431/418 329/433/420
f 319/432/419 329/433/420 318/434/421
f 318/434/421 329/433/420 330/435/422
f 318/434/421 330/435/422 317/436/423
f 317/436/423 330/435/422 331/437/424
f 317/436/423 331/437/424 316/438/425
f 316/438/425 331/437/424 332/439/426
f 316/438/425 332/439/426 272/440/374
f 272/440/374 332/439/426 269/441/373
f 269/441/373 332/439/426 314/442/427
f 314/442/427 332/439/426 313/443/428
f 313/443/428 332/439/426 331/437/424
f 313/443/428 331/437/424 312/444/429
f 312/444/429 331/437/424 330/435/422
f 312/444/429 330/435/422 311/445/430
f 311/445/430 330/435/422 329/433/420
f 311/445/430 329/433/420 310/446/431
f 310/446/431 329/433/420 328/431/418
f 310/446/431 328/431/418 309/447/432
f 309/447/432 328/431/418 327/429/416
f 309/447/432 327/429/416 308/448/433
f 308/448/433 327/429/416 326/426/413
f 308/448/433 326/426/413 307/425/412
f 272/440/374 315/449/434 316/438/425
f 322/427/414 323/423/410 325/421/409
f 334/450/435 341/451/436 333/452/437
f 333/452/437 341/451/436 399/453/438
f 333/452/437 399/453/438 400/454/439
f 334/450/435 335/455/440 341/451/436
f 341/451/436 335/455/440 336/456/441
f 341/451/436 336/456/441 337/457/442
f 337/457/442 338/458/443 341/451/436
f 341/451/436 338/458/443 339/459/444
f 341/451/436 339/459/444 340/460/445
f 342/461/446 368/462/447 341/451/436
f 341/451/436 368/462/447 369/463/448
f 341/451/436 369/463/448 370/464/449
f 343/465/450 361/466/451 342/461/446
f 342/461/446 361/466/451 362/467/452
f 342/461/446 362/467/452 363/468/453
f 344/469/454 345/470/455 343/465/450
f 343/465/450 345/470/455 260/471/456
f 343/465/450 260/471/456 355/472/457
f 355/472/457 260/471/456 430/473/458
f 355/472/457 430/473/458 431/474/459
f 268/475/460 424/476/461 260/471/456
f 260/471/456 424/476/461 425/477/462
f 260/471/456 425/477/462 426/478/463
f 346/479/464 418/480/465 268/475/460
f 268/475/460 418/480/465 419/481/466
f 268/475/460 419/481/466 420/482/467
f 347/483/468 348/484/469 346/479/464
f 346/479/464 348/484/469 349/485/470
f 346/479/464 349/485/470 350/486/471
f 350/486/471 351/487/472 346/479/464
f 346/479/464 351/487/472 352/488/473
f 346/479/464 352/488/473 353/489/474
f 353/489/474 354/490/475 346/479/464
f 346/479/464 354/490/475 380/491/476
f 346/479/464 380/491/476 381/492/477
f 333/452/437 409/493/478 354/490/475
f 354/490/475 409/493/478 410/494/479
f 354/490/475 410/494/479 411/495/480
f 355/472/457 356/496/481 343/465/450
f 343/465/450 356/496/481 357/497/482
f 343/465/450 357/497/482 358/498/483
f 358/498/483 359/499/484 343/465/450
f 343/465/450 359/499/484 360/500/485
f 343/465/450 360/500/485 361/466/451
f 363/468/453 364/501/486 342/461/446
f 342/461/446 364/501/486 365/502/487
f 342/461/446 365/502/487 366/503/488
f 366/503/488 367/504/489 342/461/446
f 342/461/446 367/504/489 368/462/447
f 370/464/449 371/505/490 341/451/436
f 341/451/436 371/505/490 372/506/491
f 341/451/436 372/506/491 373/507/492
f 341/451/436 373/507/492 398/508/493
f 398/508/493 373/507/492 374/509/494
f 398/508/493 374/509/494 397/510/495
f 397/510/495 374/509/494 375/511/496
f 397/510/495 375/511/496 376/512/497
f 397/510/495 376/512/497 396/513/498
f 396/513/498 376/512/497 377/514/499
f 396/513/498 377/514/499 395/515/500
f 395/515/500 377/514/499 378/516/501
f 395/515/500 378/516/501 394/517/502
f 394/517/502 378/516/501 379/518/503
f 394/517/502 379/518/503 393/519/504
f 393/519/504 379/518/503 392/520/505
f 392/520/505 379/518/503 391/521/506
f 391/521/506 379/518/503 355/472/457
f 391/521/506 355/472/457 390/522/507
f 390/522/507 355/472/457 389/523/508
f 389/523/508 355/472/457 431/474/459
f 389/523/508 431/474/459 388/524/509
f 388/524/509 431/474/459 387/525/510
f 387/525/510 431/474/459 432/526/511
f 387/525/510 432/526/511 386/527/512
f 386/527/512 432/526/511 385/528/513
f 385/528/513 432/526/511 433/529/514
f 385/528/513 433/529/514 384/530/515
f 384/530/515 433/529/514 383/531/516
f 383/531/516 433/529/514 434/532/517
f 383/531/516 434/532/517 435/533/518
f 382/534/519 436/535/520 381/492/477
f 381/492/477 436/535/520 437/536/521
f 381/492/477 437/536/521 346/479/464
f 346/479/464 437/536/521 438/537/522
f 346/479/464 438/537/522 439/538/523
f 436/535/520 382/534/519 435/533/518
f 435/533/518 382/534/519 383/531/516
f 398/508/493 399/453/438 341/451/436
f 400/454/439 401/539/524 333/452/437
f 333/452/437 401/539/524 402/540/525
f 333/452/437 402/540/525 403/541/526
f 403/541/526 404/542/527 333/452/437
f 333/452/437 404/542/527 405/543/528
f 333/452/437 405/543/528 406/544/529
f 406/544/529 407/545/530 333/452/437
f 333/452/437 407/545/530 408/546/531
f 333/452/437 408/546/531 409/493/478
f 411/495/480 412/547/532 354/490/475
f 354/490/475 412/547/532 413/548/533
f 354/490/475 413/548/533 414/549/534
f 414/549/534 415/550/535 354/490/475
f 354/490/475 415/550/535 416/551/536
f 354/490/475 416/551/536 417/552/537
f 417/552/537 380/491/476 354/490/475
f 420/482/467 421/553/538 268/475/460
f 268/475/460 421/553/538 422/554/539
f 268/475/460 422/554/539 423/555/540
f 423/555/540 424/476/461 268/475/460
f 426/478/463 427/556/541 260/471/456
f 260/471/456 427/556/541 428/557/542
f 260/471/456 428/557/542 429/558/543
f 429/558/543 430/473/458 260/471/456
f 439/538/523 440/559/544 346/479/464
f 346/479/464 440/559/544 441/560/545
f 346/479/464 441/560/545 442/561/546
f 442/561/546 418/480/465 346/479/464
f 444/562/547 523/563/548 443/564/549
f 443/564/549 523/563/548 524/565/550
f 443/564/549 524/565/550 525/566/551
f 445/567/552 452/568/553 444/562/547
f 444/562/547 452/568/553 514/569/554
f 444/562/547 514/569/554 515/570/555
f 445/567/552 446/571/556 452/568/553
f 452/568/553 446/571/556 447/572/557
f 452/568/553 447/572/557 448/573/558
f 448/573/558 449/574/559 452/568/553
f 452/568/553 449/574/559 450/575/560
f 452/568/553 450/575/560 451/576/561
f 453/577/562 463/578/563 452/568/553
f 452/568/553 463/578/563 464/579/564
f 452/568/553 464/579/564 465/580/565
f 454/581/566 510/582/567 453/577/562
f 453/577/562 510/582/567 478/583/568
f 453/577/562 478/583/568 479/584/569
f 455/585/570 500/586/571 454/581/566
f 454/581/566 500/586/571 501/587/572
f 454/581/566 501/587/572 502/588/573
f 456/589/574 457/590/575 455/585/570
f 455/585/570 457/590/575 458/591/576
f 455/585/570 458/591/576 459/592/577
f 459/592/577 460/593/578 455/585/570
f 455/585/570 460/593/578 461/594/579
f 455/585/570 461/594/579 462/595/580
f 462/595/580 443/564/549 455/585/570
f 455/585/570 443/564/549 531/596/581
f 455/585/570 531/596/581 532/597/582
f 465/580/565 466/598/583 452/568/553
f 452/568/553 466/598/583 467/599/584
f 452/568/553 467/599/584 468/600/585
f 469/601/586 549/602/587 468/600/585
f 468/600/585 549/602/587 550/603/588
f 468/600/585 550/603/588 452/568/553
f 452/568/553 550/603/588 513/604/589
f 452/568/553 513/604/589 514/569/554
f 549/602/587 469/601/586 548/605/590
f 548/605/590 469/601/586 470/606/591
f 548/605/590 470/606/591 471/607/592
f 548/605/590 471/607/592 547/608/593
f 547/608/593 471/607/592 472/609/594
f 547/608/593 472/609/594 546/610/595
f 546/610/595 472/609/594 473/611/596
f 546/610/595 473/611/596 545/612/597
f 545/612/597 473/611/596 544/613/598
f 544/613/598 473/611/596 474/614/599
f 544/613/598 474/614/599 543/615/600
f 543/615/600 474/614/599 542/616/601
f 542/616/601 474/614/599 475/617/602
f 542/616/601 475/617/602 541/618/603
f 541/618/603 475/617/602 489/619/604
f 541/618/603 489/619/604 540/620/605
f 540/620/605 489/619/604 490/621/606
f 540/620/605 490/621/606 539/622/607
f 539/622/607 490/621/606 538/623/608
f 538/623/608 490/621/606 491/624/609
f 538/623/608 491/624/609 537/625/610
f 537/625/610 491/624/609 492/626/611
f 537/625/610 492/626/611 536/627/612
f 536/627/612 492/626/611 493/628/613
f 536/627/612 493/628/613 535/629/614
f 535/629/614 493/628/613 494/630/615
f 535/629/614 494/630/615 534/631/616
f 534/631/616 494/630/615 495/632/617
f 534/631/616 495/632/617 533/633/618
f 533/633/618 495/632/617 496/634/619
f 533/633/618 496/634/619 455/585/570
f 455/585/570 496/634/619 497/635/620
f 455/585/570 497/635/620 498/636/621
f 489/619/604 475/617/602 488/637/622
f 488/637/622 475/617/602 476/638/623
f 488/637/622 476/638/623 512/639/624
f 512/639/624 476/638/623 477/640/625
f 512/639/624 477/640/625 511/641/626
f 511/641/626 477/640/625 478/583/568
f 511/641/626 478/583/568 510/582/567
f 479/584/569 480/642/627 453/577/562
f 453/577/562 480/642/627 481/643/628
f 453/577/562 481/643/628 482/644/629
f 482/644/629 483/645/630 453/577/562
f 453/577/562 483/645/630 484/646/631
f 453/577/562 484/646/631 485/647/632
f 485/647/632 486/648/633 453/577/562
f 453/577/562 486/648/633 487/649/634
f 453/577/562 487/649/634 463/578/563
f 498/636/621 499/650/635 455/585/570
f 455/585/570 499/650/635 500/586/571
f 502/588/573 503/651/636 454/581/566
f 454/581/566 503/651/636 504/652/637
f 454/581/566 504/652/637 505/653/638
f 505/653/638 506/654/639 454/581/566
f 454/581/566 506/654/639 507/655/640
f 454/581/566 507/655/640 508/656/641
f 508/656/641 509/657/642 454/581/566
f 454/581/566 509/657/642 510/582/567
f 515/570/555 516/658/643 444/562/547
f 444/562/547 516/658/643 517/659/644
f 444/562/547 517/659/644 518/660/645
f 518/660/645 519/661/646 444/562/547
f 444/562/547 519/661/646 520/662/647
f 444/562/547 520/662/647 521/663/648
f 521/663/648 522/664/649 444/562/547
f 444/562/547 522/664/649 523/563/548
f 525/566/551 526/665/650 443/564/549
f 443/564/549 526/665/650 527/666/651
f 443/564/549 527/666/651 528/667/652
f 528/667/652 529/668/653 443/564/549
f 443/564/549 529/668/653 530/669/654
f 443/564/549 530/669/654 531/596/581
f 532/597/582 533/633/618 455/585/570
f 271/670/372 551/671/655 272/672/374
f 272/672/374 551/671/655 315/673/434
f 343/674/656 342/675/657 558/676/658
f 558/676/658 342/675/657 557/677/659
f 557/677/659 342/675/657 556/678/660
f 556/678/660 342/675/657 555/679/661
f 555/679/661 342/675/657 554/680/662
f 554/680/662 342/675/657 553/681/663
f 553/681/663 342/675/657 552/682/664
f 559/683/665 274/684/375 296/685/381
f 296/685/381 274/684/375 273/686/377
f 306/687/407 324/688/411 286/689/397
f 286/689/397 324/688/411 287/690/406
f 442/691/666 562/692/667 418/693/668
f 418/693/668 562/692/667 560/694/669
f 418/695/668 560/696/669 419/697/670
f 419/697/670 560/696/669 608/698/671
f 419/697/670 608/698/671 420/699/672
f 420/699/672 608/698/671 606/700/673
f 420/699/672 606/700/673 421/701/674
f 421/701/674 606/700/673 604/702/675
f 421/701/674 604/702/675 422/703/676
f 422/703/676 604/702/675 602/704/677
f 422/703/676 602/704/677 423/705/678
f 423/705/678 602/704/677 600/706/679
f 423/705/678 600/706/679 424/707/680
f 424/707/680 600/706/679 598/708/681
f 424/707/680 598/708/681 425/709/682
f 425/709/682 598/708/681 596/710/683
f 425/709/682 596/710/683 426/711/684
f 426/711/684 596/710/683 594/712/685
f 426/711/684 594/712/685 427/713/686
f 427/713/686 594/712/685 592/714/687
f 427/713/686 592/714/687 428/715/688
f 428/715/688 592/714/687 590/716/689
f 428/715/688 590/716/689 429/717/690
f 429/717/690 590/716/689 588/718/691
f 429/717/690 588/718/691 430/719/692
f 430/719/692 588/718/691 586/720/693
f 430/719/692 586/720/693 431/721/694
f 431/721/694 586/720/693 584/722/695
f 431/721/694 584/722/695 432/723/696
f 432/723/696 584/722/695 582/724/697
f 432/723/696 582/724/697 433/725/698
f 433/725/698 582/724/697 580/726/699
f 433/725/698 580/726/699 434/727/700
f 434/727/700 580/726/699 578/728/701
f 434/727/700 578/728/701 435/729/702
f 435/729/702 578/728/701 576/730/703
f 435/729/702 576/730/703 436/731/704
f 436/731/704 576/730/703 574/732/705
f 436/731/704 574/732/705 437/733/706
f 437/733/706 574/732/705 572/734/707
f 437/733/706 572/734/707 438/735/708
f 438/735/708 572/734/707 570/736/709
f 438/735/708 570/736/709 439/737/710
f 439/737/710 570/736/709 568/738/711
f 439/737/710 568/738/711 440/739/712
f 440/739/712 568/738/711 566/740/713
f 440/739/712 566/740/713 441/741/714
f 441/741/714 566/740/713 564/742/715
f 441/741/714 564/742/715 442/691/666
f 442/691/666 564/742/715 562/692/667
f 487/743/716 609/744/717 463/745/718
f 463/745/718 609/744/717 561/746/719
f 463/747/718 561/748/719 464/749/720
f 464/749/720 561/748/719 563/750/721
f 464/749/720 563/750/721 465/751/722
f 465/751/722 563/750/721 565/752/723
f 465/751/722 565/752/723 466/753/724
f 466/753/724 565/752/723 567/754/725
f 466/753/724 567/754/725 467/755/726
f 467/755/726 567/754/725 569/756/727
f 467/755/726 569/756/727 468/757/728
f 468/757/728 569/756/727 571/758/729
f 468/757/728 571/758/729 469/759/730
f 469/759/730 571/758/729 573/760/731
f 469/759/730 573/760/731 470/761/732
f 470/761/732 573/760/731 575/762/733
f 470/761/732 575/762/733 471/763/734
f 471/763/734 575/762/733 577/764/735
f 471/763/734 577/764/735 472/765/736
f 472/765/736 577/764/735 579/766/737
f 472/765/736 579/766/737 473/767/738
f 473/767/738 579/766/737 581/768/739
f 473/767/738 581/768/739 474/769/740
f 474/769/740 581/768/739 583/770/741
f 474/769/740 583/770/741 475/771/742
f 475/771/742 583/770/741 585/772/743
f 475/771/742 585/772/743 476/773/744
f 476/773/744 585/772/743 587/774/745
f 476/773/744 587/774/745 477/775/746
f 477/775/746 587/774/745 589/776/747
f 477/775/746 589/776/747 478/777/748
f 478/777/748 589/776/747 591/778/749
f 478/777/748 591/778/749 479/779/750
f 479/779/750 591/778/749 593/780/751
f 479/779/750 593/780/751 480/781/752
f 480/781/752 593/780/751 595/782/753
f 480/781/752 595/782/753 481/783/754
f 481/783/754 595/782/753 597/784/755
f 481/783/754 597/784/755 482/785/756
f 482/785/756 597/784/755 599/786/757
f 482/785/756 599/786/757 483/787/758
f 483/787/758 599/786/757 601/788/759
f 483/787/758 601/788/759 484/789/760
f 484/789/760 601/788/759 603/790/761
f 484/789/760 603/790/761 485/791/762
f 485/791/762 603/790/761 605/792/763
f 485/791/762 605/792/763 486/793/764
f 486/793/764 605/792/763 607/794/765
f 486/793/764 607/794/765 487/743/716
f 487/743/716 607/794/765 609/744/717
f 560/696/669 561/746/719 608/698/671
f 608/698/671 561/746/719 609/744/717
f 608/698/671 609/744/717 606/700/673
f 606/700/673 609/744/717 607/794/765
f 606/700/673 607/794/765 604/702/675
f 604/702/675 607/794/765 605/792/763
f 604/702/675 605/792/763 602/704/677
f 602/704/677 605/792/763 603/790/761
f 602/704/677 603/790/761 600/706/679
f 600/706/679 603/790/761 601/788/759
f 600/706/679 601/788/759 598/708/681
f 598/708/681 601/788/759 599/786/757
f 598/708/681 599/786/757 596/710/683
f 596/710/683 599/786/757 597/784/755
f 596/710/683 597/784/755 594/712/685
f 594/712/685 597/784/755 595/782/753
f 594/712/685 595/782/753 592/714/687
f 592/714/687 595/782/753 593/780/751
f 592/714/687 593/780/751 590/716/689
f 590/716/689 593/780/751 591/778/749
f 590/716/689 591/778/749 588/718/691
f 588/718/691 591/778/749 589/776/747
f 588/718/691 589/776/747 586/720/693
f 586/720/693 589/776/747 587/774/745
f 586/720/693 587/774/745 584/722/695
f 584/722/695 587/774/745 585/772/743
f 584/722/695 585/772/743 582/724/697
f 582/724/697 585/772/743 583/770/741
f 582/724/697 583/770/741 580/726/699
f 580/726/699 583/770/741 581/768/739
f 580/726/699 581/768/739 578/728/701
f 578/728/701 581/768/739 579/766/737
f 578/728/701 579/766/737 576/730/703
f 576/730/703 579/766/737 577/764/735
f 576/730/703 577/764/735 574/732/705
f 574/732/705 577/764/735 575/762/733
f 574/732/705 575/762/733 572/734/707
f 572/734/707 575/762/733 573/760/731
f 572/734/707 573/760/731 570/736/709
f 570/736/709 573/760/731 571/758/729
f 570/736/709 571/758/729 568/738/711
f 568/738/711 571/758/729 569/756/727
f 568/738/711 569/756/727 566/740/713
f 566/740/713 569/756/727 567/754/725
f 566/740/713 567/754/725 564/742/715
f 564/742/715 567/754/725 565/752/723
f 564/742/715 565/752/723 562/692/667
f 562/692/667 565/752/723 563/750/721
f 562/692/667 563/750/721 560/694/669
f 560/694/669 563/750/721 561/748/719
f 379/795/766 612/796/767 355/797/768
f 355/797/768 612/796/767 610/798/769
f 355/799/768 610/800/769 356/801/770
f 356/801/770 610/800/769 658/802/771
f 356/801/770 658/802/771 357/803/772
f 357/803/772 658/802/771 656/804/773
f 357/803/772 656/804/773 358/805/774
f 358/805/774 656/804/773 654/806/775
f 358/805/774 654/806/775 359/807/776
f 359/807/776 654/806/775 652/808/777
f 359/807/776 652/808/777 360/809/778
f 360/809/778 652/808/777 650/810/779
f 360/809/778 650/810/779 361/811/780
f 361/811/780 650/810/779 648/812/781
f 361/811/780 648/812/781 362/813/782
f 362/813/782 648/812/781 646/814/783
f 362/813/782 646/814/783 363/815/784
f 363/815/784 646/814/783 644/816/785
f 363/815/784 644/816/785 364/817/786
f 364/817/786 644/816/785 642/818/787
f 364/817/786 642/818/787 365/819/788
f 365/819/788 642/818/787 640/820/789
f 365/819/788 640/820/789 366/821/790
f 366/821/790 640/820/789 638/822/791
f 366/821/790 638/822/791 367/823/792
f 367/823/792 638/822/791 636/824/793
f 367/823/792 636/824/793 368/825/794
f 368/825/794 636/824/793 634/826/795
f 368/825/794 634/826/795 369/827/796
f 369/827/796 634/826/795 632/828/797
f 369/827/796 632/828/797 370/829/798
f 370/829/798 632/828/797 630/830/799
f 370/829/798 630/830/799 371/831/800
f 371/831/800 630/830/799 628/832/801
f 371/831/800 628/832/801 372/833/802
f 372/833/802 628/832/801 626/834/803
f 372/833/802 626/834/803 373/835/804
f 373/835/804 626/834/803 624/836/805
f 373/835/804 624/836/805 374/837/806
f 374/837/806 624/836/805 622/838/807
f 374/837/806 622/838/807 375/839/808
f 375/839/808 622/838/807 620/840/809
f 375/839/808 620/840/809 376/841/810
f 376/841/810 620/840/809 618/842/811
f 376/841/810 618/842/811 377/843/812
f 377/843/812 618/842/811 616/844/813
f 377/843/812 616/844/813 378/845/814
f 378/845/814 616/844/813 614/846/815
f 378/845/814 614/846/815 379/795/766
f 379/795/766 614/846/815 612/796/767
f 512/847/816 659/848/817 488/849/818
f 488/849/818 659/848/817 611/850/819
f 488/851/818 611/852/819 489/853/820
f 489/853/820 611/852/819 613/854/821
f 489/853/820 613/854/821 490/855/822
f 490/855/822 613/854/821 615/856/823
f 490/855/822 615/856/823 491/857/824
f 491/857/824 615/856/823 617/858/825
f 491/857/824 617/858/825 492/859/826
f 492/859/826 617/858/825 619/860/827
f 492/859/826 619/860/827 493/861/828
f 493/861/828 619/860/827 621/862/829
f 493/861/828 621/862/829 494/863/830
f 494/863/830 621/862/829 623/864/831
f 494/863/830 623/864/831 495/865/832
f 495/865/832 623/864/831 625/866/833
f 495/865/832 625/866/833 496/867/834
f 496/867/834 625/866/833 627/868/835
f 496/867/834 627/868/835 497/869/836
f 497/869/836 627/868/835 629/870/837
f 497/869/836 629/870/837 498/871/838
f 498/871/838 629/870/837 631/872/839
f 498/871/838 631/872/839 499/873/840
f 499/873/840 631/872/839 633/874/841
f 499/873/840 633/874/841 500/875/842
f 500/875/842 633/874/841 635/876/843
f 500/875/842 635/876/843 501/877/844
f 501/877/844 635/876/843 637/878/845
f 501/877/844 637/878/845 502/879/846
f 502/879/846 637/878/845 639/880/847
f 502/879/846 639/880/847 503/881/848
f 503/881/848 639/880/847 641/882/849
f 503/881/848 641/882/849 504/883/850
f 504/883/850 641/882/849 643/884/851
f 504/883/850 643/884/851 505/885/852
f 505/885/852 643/884/851 645/886/853
f 505/885/852 645/886/853 506/887/854
f 506/887/854 645/886/853 647/888/855
f 506/887/854 647/888/855 507/889/856
f 507/889/856 647/888/855 649/890/857
f 507/889/856 649/890/857 508/891/858
f 508/891/858 649/890/857 651/892/859
f 508/891/858 651/892/859 509/893/860
f 509/893/860 651/892/859 653/894/861
f 509/893/860 653/894/861 510/895/862
f 510/895/862 653/894/861 655/896/863
f 510/895/862 655/896/863 511/897/864
f 511/897/864 655/896/863 657/898/865
f 511/897/864 657/898/865 512/847/816
f 512/847/816 657/898/865 659/848/817
f 610/800/769 611/850/819 658/802/771
f 658/802/771 611/850/819 659/848/817
f 658/802/771 659/848/817 656/804/773
f 656/804/773 659/848/817 657/898/865
f 656/804/773 657/898/865 654/806/775
f 654/806/775 657/898/865 655/896/863
f 654/806/775 655/896/863 652/808/777
f 652/808/777 655/896/863 653/894/861
f 652/808/777 653/894/861 650/810/779
f 650/810/779 653/894/861 651/892/859
f 650/810/779 651/892/859 648/812/781
f 648/812/781 651/892/859 649/890/857
f 648/812/781 649/890/857 646/814/783
f 646/814/783 649/890/857 647/888/855
f 646/814/783 647/888/855 644/816/785
f 644/816/785 647/888/855 645/886/853
f 644/816/785 645/886/853 642/818/787
f 642/818/787 645/886/853 643/884/851
f 642/818/787 643/884/851 640/820/789
f 640/820/789 643/884/851 641/882/849
f 640/820/789 641/882/849 638/822/791
f 638/822/791 641/882/849 639/880/847
f 638/822/791 639/880/847 636/824/793
f 636/824/793 639/880/847 637/878/845
f 636/824/793 637/878/845 634/826/795
f 634/826/795 637/878/845 635/876/843
f 634/826/795 635/876/843 632/828/797
f 632/828/797 635/876/843 633/874/841
f 632/828/797 633/874/841 630/830/799
f 630/830/799 633/874/841 631/872/839
f 630/830/799 631/872/839 628/832/801
f 628/832/801 631/872/839 629/870/837
f 628/832/801 629/870/837 626/834/803
f 626/834/803 629/870/837 627/868/835
f 626/834/803 627/868/835 624/836/805
f 624/836/805 627/868/835 625/866/833
f 624/836/805 625/866/833 622/838/807
f 622/838/807 625/866/833 623/864/831
f 622/838/807 623/864/831 620/840/809
f 620/840/809 623/864/831 621/862/829
f 620/840/809 621/862/829 618/842/811
f 618/842/811 621/862/829 619/860/827
f 618/842/811 619/860/827 616/844/813
f 616/844/813 619/860/827 617/858/825
f 616/844/813 617/858/825 614/846/815
f 614/846/815 617/858/825 615/856/823
f 614/846/815 615/856/823 612/796/767
f 612/796/767 615/856/823 613/854/821
f 612/796/767 613/854/821 610/798/769
f 610/798/769 613/854/821 611/852/819
f 699/899/866 660/900/867 719/901/868
f 719/901/868 660/900/867 661/902/869
f 719/901/868 661/902/869 718/903/870
f 718/903/870 661/902/869 662/904/871
f 718/903/870 662/904/871 717/905/872
f 717/905/872 662/904/871 663/906/873
f 717/905/872 663/906/873 716/907/874
f 716/907/874 663/906/873 664/908/875
f 716/907/874 664/908/875 715/909/876
f 715/909/876 664/908/875 665/910/877
f 715/909/876 665/910/877 714/911/878
f 714/911/878 665/910/877 666/912/879
f 714/911/878 666/912/879 713/913/880
f 713/913/880 666/912/879 667/914/881
f 713/913/880 667/914/881 712/915/882
f 712/915/882 667/914/881 668/916/883
f 712/915/882 668/916/883 711/917/884
f 711/917/884 668/916/883 669/918/885
f 711/917/884 669/918/885 710/919/886
f 710/919/886 669/918/885 670/920/887
f 710/919/886 670/920/887 671/921/888
f 710/919/886 671/921/888 709/922/889
f 709/922/889 671/921/888 672/923/890
f 709/922/889 672/923/890 708/924/891
f 708/924/891 672/923/890 673/925/892
f 708/924/891 673/925/892 707/926/893
f 707/926/893 673/925/892 674/927/894
f 707/926/893 674/927/894 706/928/895
f 706/928/895 674/927/894 675/929/896
f 706/928/895 675/929/896 705/930/897
f 705/930/897 675/929/896 676/931/898
f 705/930/897 676/931/898 704/932/899
f 704/932/899 676/931/898 677/933/900
f 704/932/899 677/933/900 703/934/901
f 703/934/901 677/933/900 678/935/902
f 703/934/901 678/935/902 702/936/903
f 702/936/903 678/935/902 679/937/904
f 702/936/903 679/937/904 701/938/905
f 701/938/905 679/937/904 345/939/906
f 701/938/905 345/939/906 344/940/907
f 701/938/905 344/940/907 700/941/908
f 700/941/908 344/940/907 680/942/909
f 700/941/908 680/942/909 737/943/910
f 737/943/910 680/942/909 681/944/911
f 737/943/910 681/944/911 736/945/912
f 736/945/912 681/944/911 682/946/913
f 736/945/912 682/946/913 735/947/914
f 735/947/914 682/946/913 683/948/915
f 735/947/914 683/948/915 734/949/916
f 734/949/916 683/948/915 684/950/917
f 734/949/916 684/950/917 733/951/918
f 733/951/918 684/950/917 685/952/919
f 733/951/918 685/952/919 732/953/920
f 732/953/920 685/952/919 686/954/921
f 732/953/920 686/954/921 731/955/922
f 731/955/922 686/954/921 687/956/923
f 731/955/922 687/956/923 730/957/924
f 730/957/924 687/956/923 688/958/925
f 730/957/924 688/958/925 729/959/926
f 729/959/926 688/958/925 689/960/927
f 729/959/926 689/960/927 690/961/928
f 729/959/926 690/961/928 728/962/929
f 728/962/929 690/961/928 691/963/930
f 728/962/929 691/963/930 727/964/931
f 727/964/931 691/963/930 692/965/932
f 727/964/931 692/965/932 726/966/933
f 726/966/933 692/965/932 693/967/934
f 726/966/933 693/967/934 725/968/935
f 725/968/935 693/967/934 694/969/936
f 725/968/935 694/969/936 724/970/937
f 724/970/937 694/969/936 695/971/938
f 724/970/937 695/971/938 723/972/939
f 723/972/939 695/971/938 696/973/940
f 723/972/939 696/973/940 722/974/941
f 722/974/941 696/973/940 697/975/942
f 722/974/941 697/975/942 721/976/943
f 721/976/943 697/975/942 698/977/944
f 721/976/943 698/977/944 720/978/945
f 720/978/945 698/977/944 699/899/866
f 720/978/945 699/899/866 719/901/868
f 259/979/946 258/980/947 660/981/948
f 660/981/948 258/980/947 661/982/949
f 661/982/949 258/980/947 257/983/950
f 661/982/949 257/983/950 662/984/951
f 662/984/951 257/983/950 256/985/952
f 662/984/951 256/985/952 663/986/953
f 663/986/953 256/985/952 255/987/954
f 663/986/953 255/987/954 664/988/955
f 664/988/955 255/987/954 254/989/956
f 664/988/955 254/989/956 665/990/957
f 665/990/957 254/989/956 253/991/958
f 665/990/957 253/991/958 666/992/959
f 666/992/959 253/991/958 252/993/960
f 666/992/959 252/993/960 667/994/961
f 667/994/961 252/993/960 738/995/962
f 667/994/961 738/995/962 739/996/963
f 667/994/961 739/996/963 668/997/964
f 668/997/964 739/996/963 740/998/965
f 668/997/964 740/998/965 741/999/966
f 668/997/964 741/999/966 669/1000/967
f 669/1000/967 741/999/966 742/1001/968
f 669/1000/967 742/1001/968 743/1002/969
f 743/1002/969 744/1003/970 669/1000/967
f 669/1000/967 744/1003/970 745/1004/971
f 669/1000/967 745/1004/971 670/1005/972
f 670/1005/972 745/1004/971 746/1006/973
f 670/1005/972 746/1006/973 747/1007/974
f 747/1007/974 748/1008/975 670/1005/972
f 670/1005/972 748/1008/975 749/1009/976
f 670/1005/972 749/1009/976 671/1010/977
f 671/1010/977 749/1009/976 750/1011/978
f 671/1010/977 750/1011/978 751/1012/979
f 751/1012/979 752/1013/980 671/1010/977
f 671/1010/977 752/1013/980 753/1014/981
f 671/1010/977 753/1014/981 672/1015/982
f 672/1015/982 753/1014/981 754/1016/983
f 672/1015/982 754/1016/983 755/1017/984
f 672/1015/982 755/1017/984 673/1018/985
f 673/1018/985 755/1017/984 756/1019/986
f 673/1018/985 756/1019/986 267/1020/987
f 673/1018/985 267/1020/987 674/1021/988
f 674/1021/988 267/1020/987 266/1022/989
f 674/1021/988 266/1022/989 675/1023/990
f 675/1023/990 266/1022/989 265/1024/991
f 675/1023/990 265/1024/991 676/1025/992
f 676/1025/992 265/1024/991 264/1026/993
f 676/1025/992 264/1026/993 677/1027/994
f 677/1027/994 264/1026/993 263/1028/995
f 677/1027/994 263/1028/995 678/1029/996
f 678/1029/996 263/1028/995 262/1030/997
f 678/1029/996 262/1030/997 679/1031/998
f 679/1031/998 262/1030/997 261/1032/999
f 679/1031/998 261/1032/999 345/1033/1000
f 345/1033/1000 261/1032/999 260/1034/1001
f 343/1035/1002 558/1036/1003 344/1037/1004
f 344/1037/1004 558/1036/1003 680/1038/1005
f 680/1038/1005 558/1036/1003 557/1039/1006
f 680/1038/1005 557/1039/1006 681/1040/1007
f 681/1040/1007 557/1039/1006 556/1041/1008
f 681/1040/1007 556/1041/1008 682/1042/1009
f 682/1042/1009 556/1041/1008 555/1043/1010
f 682/1042/1009 555/1043/1010 683/1044/1011
f 683/1044/1011 555/1043/1010 554/1045/1012
f 683/1044/1011 554/1045/1012 684/1046/1013
f 684/1046/1013 554/1045/1012 553/1047/1014
f 684/1046/1013 553/1047/1014 685/1048/1015
f 685/1048/1015 553/1047/1014 552/1049/1016
f 685/1048/1015 552/1049/1016 686/1050/1017
f 686/1050/1017 552/1049/1016 757/1051/1018
f 686/1050/1017 757/1051/1018 758/1052/1019
f 686/1050/1017 758/1052/1019 687/1053/1020
f 687/1053/1020 758/1052/1019 759/1054/1021
f 687/1053/1020 759/1054/1021 760/1055/1022
f 687/1053/1020 760/1055/1022 688/1056/1023
f 688/1056/1023 760/1055/1022 761/1057/1024
f 688/1056/1023 761/1057/1024 762/1058/1025
f 762/1058/1025 763/1059/1026 688/1056/1023
f 688/1056/1023 763/1059/1026 764/1060/1027
f 688/1056/1023 764/1060/1027 689/1061/1028
f 689/1061/1028 764/1060/1027 765/1062/1029
f 689/1061/1028 765/1062/1029 766/1063/1030
f 766/1063/1030 767/1064/1031 689/1061/1028
f 689/1061/1028 767/1064/1031 768/1065/1032
f 689/1061/1028 768/1065/1032 690/1066/1033
f 690/1066/1033 768/1065/1032 769/1067/1034
f 690/1066/1033 769/1067/1034 770/1068/1035
f 770/1068/1035 771/1069/1036 690/1066/1033
f 690/1066/1033 771/1069/1036 772/1070/1037
f 690/1066/1033 772/1070/1037 691/1071/1038
f 691/1071/1038 772/1070/1037 773/1072/1039
f 691/1071/1038 773/1072/1039 774/1073/1040
f 691/1071/1038 774/1073/1040 692/1074/1041
f 692/1074/1041 774/1073/1040 775/1075/1042
f 692/1074/1041 775/1075/1042 249/1076/1043
f 692/1074/1041 249/1076/1043 693/1077/1044
f 693/1077/1044 249/1076/1043 248/1078/1045
f 693/1077/1044 248/1078/1045 694/1079/1046
f 694/1079/1046 248/1078/1045 247/1080/1047
f 694/1079/1046 247/1080/1047 695/1081/1048
f 695/1081/1048 247/1080/1047 246/1082/1049
f 695/1081/1048 246/1082/1049 696/1083/1050
f 696/1083/1050 246/1082/1049 245/1084/1051
f 696/1083/1050 245/1084/1051 697/1085/1052
f 697/1085/1052 245/1084/1051 244/1086/1053
f 697/1085/1052 244/1086/1053 698/1087/1054
f 698/1087/1054 244/1086/1053 243/1088/1055
f 698/1087/1054 243/1088/1055 699/1089/1056
f 699/1089/1056 243/1088/1055 242/1090/1057
f 242/1091/1058 259/1092/1059 699/1093/1060
f 699/1093/1060 259/1092/1059 660/1094/1061
f 445/1095/552 444/1096/547 790/1097/1062
f 790/1097/1062 444/1096/547 776/1098/1063
f 790/1097/1062 776/1098/1063 777/1099/1064
f 790/1097/1062 777/1099/1064 789/1100/1065
f 789/1100/1065 777/1099/1064 778/1101/1066
f 789/1100/1065 778/1101/1066 788/1102/1067
f 788/1102/1067 778/1101/1066 779/1103/1068
f 788/1102/1067 779/1103/1068 787/1104/1069
f 787/1104/1069 779/1103/1068 780/1105/1070
f 787/1104/1069 780/1105/1070 786/1106/1071
f 786/1106/1071 780/1105/1070 285/1107/398
f 786/1106/1071 285/1107/398 284/1108/399
f 786/1106/1071 284/1108/399 791/1109/1072
f 791/1109/1072 284/1108/399 283/1110/400
f 791/1109/1072 283/1110/400 796/1111/1073
f 796/1111/1073 283/1110/400 282/1112/401
f 796/1111/1073 282/1112/401 801/1113/1074
f 801/1113/1074 282/1112/401 281/1114/402
f 801/1113/1074 281/1114/402 806/1115/1075
f 806/1115/1075 281/1114/402 280/1116/403
f 806/1115/1075 280/1116/403 811/1117/1076
f 811/1117/1076 280/1116/403 279/1118/404
f 811/1117/1076 279/1118/404 816/1119/1077
f 816/1119/1077 279/1118/404 278/1120/405
f 816/1119/1077 278/1120/405 821/1121/1078
f 821/1121/1078 278/1120/405 277/1122/382
f 821/1121/1078 277/1122/382 781/1123/1079
f 781/1123/1079 277/1122/382 276/1124/378
f 781/1123/1079 782/1125/1080 821/1121/1078
f 821/1121/1078 782/1125/1080 822/1126/1081
f 821/1121/1078 822/1126/1081 816/1119/1077
f 816/1119/1077 822/1126/1081 817/1127/1082
f 816/1119/1077 817/1127/1082 811/1117/1076
f 811/1117/1076 817/1127/1082 812/1128/1083
f 811/1117/1076 812/1128/1083 806/1115/1075
f 806/1115/1075 812/1128/1083 807/1129/1084
f 806/1115/1075 807/1129/1084 801/1113/1074
f 801/1113/1074 807/1129/1084 802/1130/1085
f 801/1113/1074 802/1130/1085 796/1111/1073
f 796/1111/1073 802/1130/1085 797/1131/1086
f 796/1111/1073 797/1131/1086 791/1109/1072
f 791/1109/1072 797/1131/1086 792/1132/1087
f 791/1109/1072 792/1132/1087 786/1106/1071
f 786/1106/1071 792/1132/1087 787/1104/1069
f 782/1125/1080 783/1133/1088 822/1126/1081
f 822/1126/1081 783/1133/1088 823/1134/1089
f 822/1126/1081 823/1134/1089 817/1127/1082
f 817/1127/1082 823/1134/1089 818/1135/1090
f 817/1127/1082 818/1135/1090 812/1128/1083
f 812/1128/1083 818/1135/1090 813/1136/1091
f 812/1128/1083 813/1136/1091 807/1129/1084
f 807/1129/1084 813/1136/1091 808/1137/1092
f 807/1129/1084 808/1137/1092 802/1130/1085
f 802/1130/1085 808/1137/1092 803/1138/1093
f 802/1130/1085 803/1138/1093 797/1131/1086
f 797/1131/1086 803/1138/1093 798/1139/1094
f 797/1131/1086 798/1139/1094 792/1132/1087
f 792/1132/1087 798/1139/1094 793/1140/1095
f 792/1132/1087 793/1140/1095 787/1104/1069
f 787/1104/1069 793/1140/1095 788/1102/1067
f 783/1133/1088 784/1141/1096 823/1134/1089
f 823/1134/1089 784/1141/1096 824/1142/1097
f 823/1134/1089 824/1142/1097 818/1135/1090
f 818/1135/1090 824/1142/1097 819/1143/1098
f 818/1135/1090 819/1143/1098 813/1136/1091
f 813/1136/1091 819/1143/1098 814/1144/1099
f 813/1136/1091 814/1144/1099 808/1137/1092
f 808/1137/1092 814/1144/1099 809/1145/1100
f 808/1137/1092 809/1145/1100 803/1138/1093
f 803/1138/1093 809/1145/1100 804/1146/1101
f 803/1138/1093 804/1146/1101 798/1139/1094
f 798/1139/1094 804/1146/1101 799/1147/1102
f 798/1139/1094 799/1147/1102 793/1140/1095
f 793/1140/1095 799/1147/1102 794/1148/1103
f 793/1140/1095 794/1148/1103 788/1102/1067
f 788/1102/1067 794/1148/1103 789/1100/1065
f 784/1141/1096 785/1149/1104 824/1142/1097
f 824/1142/1097 785/1149/1104 825/1150/1105
f 824/1142/1097 825/1150/1105 819/1143/1098
f 819/1143/1098 825/1150/1105 820/1151/1106
f 819/1143/1098 820/1151/1106 814/1144/1099
f 814/1144/1099 820/1151/1106 815/1152/1107
f 814/1144/1099 815/1152/1107 809/1145/1100
f 809/1145/1100 815/1152/1107 810/1153/1108
f 809/1145/1100 810/1153/1108 804/1146/1101
f 804/1146/1101 810/1153/1108 805/1154/1109
f 804/1146/1101 805/1154/1109 799/1147/1102
f 799/1147/1102 805/1154/1109 800/1155/1110
f 799/1147/1102 800/1155/1110 794/1148/1103
f 794/1148/1103 800/1155/1110 795/1156/1111
f 794/1148/1103 795/1156/1111 789/1100/1065
f 789/1100/1065 795/1156/1111 790/1097/1062
f 785/1149/1104 452/1157/553 825/1150/1105
f 825/1150/1105 452/1157/553 451/1158/561
f 825/1150/1105 451/1158/561 820/1151/1106
f 820/1151/1106 451/1158/561 450/1159/560
f 820/1151/1106 450/1159/560 815/1152/1107
f 815/1152/1107 450/1159/560 449/1160/559
f 815/1152/1107 449/1160/559 810/1153/1108
f 810/1153/1108 449/1160/559 448/1161/558
f 810/1153/1108 448/1161/558 805/1154/1109
f 805/1154/1109 448/1161/558 447/1162/557
f 805/1154/1109 447/1162/557 800/1155/1110
f 800/1155/1110 447/1162/557 446/1163/556
f 800/1155/1110 446/1163/556 795/1156/1111
f 795/1156/1111 446/1163/556 445/1095/552
f 795/1156/1111 445/1095/552 790/1097/1062
f 274/1164/375 842/1165/1112 275/1166/376
f 275/1166/376 842/1165/1112 843/1167/1113
f 275/1166/376 843/1167/1113 838/1168/1114
f 838/1168/1114 843/1167/1113 837/1169/1115
f 837/1169/1115 843/1167/1113 854/1170/1116
f 837/1169/1115 854/1170/1116 836/1171/1117
f 836/1171/1117 854/1170/1116 857/1172/1118
f 836/1171/1117 857/1172/1118 835/1173/1119
f 835/1173/1119 857/1172/1118 859/1174/1120
f 835/1173/1119 859/1174/1120 834/1175/1121
f 834/1175/1121 859/1174/1120 861/1176/1122
f 834/1175/1121 861/1176/1122 251/1177/354
f 251/1177/354 861/1176/1122 860/1178/1123
f 251/1177/354 860/1178/1123 738/1179/1124
f 738/1179/1124 860/1178/1123 739/1180/1125
f 739/1180/1125 860/1178/1123 858/1181/1126
f 739/1180/1125 858/1181/1126 740/1182/1127
f 740/1182/1127 858/1181/1126 856/1183/1128
f 740/1182/1127 856/1183/1128 855/1184/1129
f 855/1184/1129 856/1183/1128 741/1185/1130
f 855/1184/1129 741/1185/1130 740/1182/1127
f 559/1186/665 747/1187/1131 274/1164/375
f 274/1164/375 747/1187/1131 746/1188/1132
f 274/1164/375 746/1188/1132 745/1189/1133
f 826/1190/1134 839/1191/1135 559/1186/665
f 559/1186/665 839/1191/1135 840/1192/1136
f 559/1186/665 840/1192/1136 748/1193/1137
f 748/1193/1137 840/1192/1136 749/1194/1138
f 749/1194/1138 840/1192/1136 750/1195/1139
f 750/1195/1139 840/1192/1136 751/1196/1140
f 751/1196/1140 840/1192/1136 752/1197/1141
f 752/1197/1141 840/1192/1136 845/1198/1142
f 752/1197/1141 845/1198/1142 753/1199/1143
f 753/1199/1143 845/1198/1142 847/1200/1144
f 753/1199/1143 847/1200/1144 754/1201/1145
f 754/1201/1145 847/1200/1144 849/1202/1146
f 754/1201/1145 849/1202/1146 755/1203/1147
f 755/1203/1147 849/1202/1146 851/1204/1148
f 755/1203/1147 851/1204/1148 756/1205/1149
f 756/1205/1149 851/1204/1148 267/1206/370
f 267/1206/370 851/1204/1148 850/1207/1150
f 267/1206/370 850/1207/1150 833/1208/1151
f 833/1208/1151 850/1207/1150 832/1209/1152
f 832/1209/1152 850/1207/1150 831/1210/1153
f 831/1210/1153 850/1207/1150 848/1211/1154
f 831/1210/1153 848/1211/1154 830/1212/1155
f 830/1212/1155 848/1211/1154 846/1213/1156
f 830/1212/1155 846/1213/1156 829/1214/1157
f 829/1214/1157 846/1213/1156 828/1215/1158
f 828/1215/1158 846/1213/1156 844/1216/1159
f 828/1215/1158 844/1216/1159 827/1217/1160
f 827/1217/1160 844/1216/1159 839/1191/1135
f 827/1217/1160 839/1191/1135 826/1190/1134
f 833/1208/1151 268/1218/364 267/1206/370
f 748/1193/1137 747/1187/1131 559/1186/665
f 274/1164/375 745/1189/1133 841/1219/1161
f 841/1219/1161 745/1189/1133 744/1220/1162
f 841/1219/1161 744/1220/1162 743/1221/1163
f 743/1221/1163 742/1222/1164 841/1219/1161
f 841/1219/1161 742/1222/1164 852/1223/1165
f 841/1219/1161 852/1223/1165 853/1224/1166
f 853/1224/1166 852/1223/1165 856/1183/1128
f 853/1224/1166 856/1183/1128 857/1172/1118
f 857/1172/1118 856/1183/1128 859/1174/1120
f 742/1222/1164 741/1185/1130 852/1223/1165
f 852/1223/1165 741/1185/1130 856/1183/1128
f 738/1179/1124 252/1225/361 251/1177/354
f 845/1198/1142 840/1192/1136 844/1216/1159
f 844/1216/1159 840/1192/1136 839/1191/1135
f 274/1164/375 841/1219/1161 842/1165/1112
f 842/1165/1112 841/1219/1161 853/1224/1166
f 842/1165/1112 853/1224/1166 854/1170/1116
f 854/1170/1116 853/1224/1166 857/1172/1118
f 854/1170/1116 843/1167/1113 842/1165/1112
f 847/1200/1144 845/1198/1142 844/1216/1159
f 849/1202/1146 847/1200/1144 846/1213/1156
f 846/1213/1156 847/1200/1144 844/1216/1159
f 851/1204/1148 849/1202/1146 848/1211/1154
f 848/1211/1154 849/1202/1146 846/1213/1156
f 850/1207/1150 851/1204/1148 848/1211/1154
f 861/1176/1122 859/1174/1120 858/1181/1126
f 858/1181/1126 859/1174/1120 856/1183/1128
f 860/1178/1123 861/1176/1122 858/1181/1126
f 785/1226/1104 867/1227/1167 452/1228/553
f 452/1228/553 867/1227/1167 868/1229/1168
f 452/1228/553 868/1229/1168 869/1230/1169
f 869/1230/1169 868/1229/1168 881/1231/1170
f 869/1230/1169 881/1231/1170 882/1232/1171
f 882/1232/1171 881/1231/1170 894/1233/1172
f 882/1232/1171 894/1233/1172 895/1234/1173
f 895/1234/1173 894/1233/1172 907/1235/1174
f 895/1234/1173 907/1235/1174 908/1236/1175
f 908/1236/1175 907/1235/1174 920/1237/1176
f 908/1236/1175 920/1237/1176 921/1238/1177
f 921/1238/1177 920/1237/1176 275/1239/376
f 921/1238/1177 275/1239/376 922/1240/1178
f 922/1240/1178 275/1239/376 923/1241/1179
f 922/1240/1178 923/1241/1179 910/1242/1180
f 910/1242/1180 923/1241/1179 911/1243/1181
f 910/1242/1180 911/1243/1181 898/1244/1182
f 898/1244/1182 911/1243/1181 899/1245/1183
f 898/1244/1182 899/1245/1183 886/1246/1184
f 886/1246/1184 899/1245/1183 887/1247/1185
f 886/1246/1184 887/1247/1185 874/1248/1186
f 874/1248/1186 887/1247/1185 875/1249/1187
f 874/1248/1186 875/1249/1187 453/1250/562
f 453/1250/562 875/1249/1187 876/1251/1188
f 453/1250/562 876/1251/1188 877/1252/1189
f 877/1252/1189 876/1251/1188 889/1253/1190
f 877/1252/1189 889/1253/1190 890/1254/1191
f 890/1254/1191 889/1253/1190 902/1255/1192
f 890/1254/1191 902/1255/1192 864/1256/1193
f 864/1256/1193 902/1255/1192 863/1257/1194
f 863/1257/1194 902/1255/1192 914/1258/1195
f 863/1257/1194 914/1258/1195 862/1259/1196
f 862/1259/1196 914/1258/1195 926/1260/1197
f 862/1259/1196 926/1260/1197 275/1239/376
f 275/1239/376 926/1260/1197 925/1261/1198
f 275/1239/376 925/1261/1198 924/1262/1199
f 924/1262/1199 925/1261/1198 912/1263/1200
f 924/1262/1199 912/1263/1200 911/1243/1181
f 911/1243/1181 912/1263/1200 899/1245/1183
f 867/1227/1167 785/1226/1104 879/1264/1201
f 879/1264/1201 785/1226/1104 784/1265/1096
f 879/1264/1201 784/1265/1096 891/1266/1202
f 891/1266/1202 784/1265/1096 783/1267/1088
f 891/1266/1202 783/1267/1088 903/1268/1203
f 903/1268/1203 783/1267/1088 782/1269/1080
f 903/1268/1203 782/1269/1080 915/1270/1204
f 915/1270/1204 782/1269/1080 781/1271/1079
f 915/1270/1204 781/1271/1079 276/1272/378
f 275/1239/376 920/1237/1176 276/1272/378
f 276/1272/378 920/1237/1176 919/1273/1205
f 276/1272/378 919/1273/1205 918/1274/1206
f 918/1274/1206 919/1273/1205 906/1275/1207
f 918/1274/1206 906/1275/1207 905/1276/1208
f 905/1276/1208 906/1275/1207 893/1277/1209
f 905/1276/1208 893/1277/1209 892/1278/1210
f 892/1278/1210 893/1277/1209 880/1279/1211
f 892/1278/1210 880/1279/1211 879/1264/1201
f 879/1264/1201 880/1279/1211 867/1227/1167
f 864/1256/1193 865/1280/1212 890/1254/1191
f 890/1254/1191 865/1280/1212 878/1281/1213
f 890/1254/1191 878/1281/1213 877/1252/1189
f 877/1252/1189 878/1281/1213 453/1250/562
f 865/1280/1212 866/1282/1214 878/1281/1213
f 878/1281/1213 866/1282/1214 453/1250/562
f 874/1248/1186 453/1250/562 873/1283/1215
f 873/1283/1215 453/1250/562 452/1228/553
f 873/1283/1215 452/1228/553 872/1284/1216
f 872/1284/1216 452/1228/553 871/1285/1217
f 872/1284/1216 871/1285/1217 884/1286/1218
f 884/1286/1218 871/1285/1217 883/1287/1219
f 884/1286/1218 883/1287/1219 896/1288/1220
f 896/1288/1220 883/1287/1219 895/1234/1173
f 896/1288/1220 895/1234/1173 908/1236/1175
f 881/1231/1170 868/1229/1168 880/1279/1211
f 880/1279/1211 868/1229/1168 867/1227/1167
f 871/1285/1217 452/1228/553 870/1289/1221
f 870/1289/1221 452/1228/553 869/1230/1169
f 870/1289/1221 869/1230/1169 882/1232/1171
f 883/1287/1219 871/1285/1217 870/1289/1221
f 883/1287/1219 870/1289/1221 882/1232/1171
f 886/1246/1184 874/1248/1186 873/1283/1215
f 873/1283/1215 872/1284/1216 885/1290/1222
f 885/1290/1222 872/1284/1216 884/1286/1218
f 885/1290/1222 884/1286/1218 897/1291/1223
f 897/1291/1223 884/1286/1218 896/1288/1220
f 897/1291/1223 896/1288/1220 909/1292/1224
f 909/1292/1224 896/1288/1220 908/1236/1175
f 909/1292/1224 908/1236/1175 921/1238/1177
f 876/1251/1188 875/1249/1187 888/1293/1225
f 888/1293/1225 875/1249/1187 887/1247/1185
f 888/1293/1225 887/1247/1185 900/1294/1226
f 900/1294/1226 887/1247/1185 899/1245/1183
f 900/1294/1226 899/1245/1183 912/1263/1200
f 892/1278/1210 879/1264/1201 891/1266/1202
f 894/1233/1172 881/1231/1170 893/1277/1209
f 893/1277/1209 881/1231/1170 880/1279/1211
f 895/1234/1173 883/1287/1219 882/1232/1171
f 898/1244/1182 886/1246/1184 885/1290/1222
f 885/1290/1222 886/1246/1184 873/1283/1215
f 898/1244/1182 885/1290/1222 897/1291/1223
f 876/1251/1188 888/1293/1225 889/1253/1190
f 889/1253/1190 888/1293/1225 901/1295/1227
f 889/1253/1190 901/1295/1227 902/1255/1192
f 902/1255/1192 901/1295/1227 914/1258/1195
f 901/1295/1227 888/1293/1225 900/1294/1226
f 892/1278/1210 891/1266/1202 904/1296/1228
f 904/1296/1228 891/1266/1202 903/1268/1203
f 904/1296/1228 903/1268/1203 916/1297/1229
f 916/1297/1229 903/1268/1203 915/1270/1204
f 916/1297/1229 915/1270/1204 276/1272/378
f 907/1235/1174 894/1233/1172 906/1275/1207
f 906/1275/1207 894/1233/1172 893/1277/1209
f 910/1242/1180 898/1244/1182 897/1291/1223
f 910/1242/1180 897/1291/1223 909/1292/1224
f 901/1295/1227 900/1294/1226 913/1298/1230
f 913/1298/1230 900/1294/1226 912/1263/1200
f 913/1298/1230 912/1263/1200 925/1261/1198
f 892/1278/1210 904/1296/1228 905/1276/1208
f 905/1276/1208 904/1296/1228 917/1299/1231
f 905/1276/1208 917/1299/1231 918/1274/1206
f 918/1274/1206 917/1299/1231 276/1272/378
f 917/1299/1231 904/1296/1228 916/1297/1229
f 920/1237/1176 907/1235/1174 919/1273/1205
f 919/1273/1205 907/1235/1174 906/1275/1207
f 922/1240/1178 910/1242/1180 909/1292/1224
f 922/1240/1178 909/1292/1224 921/1238/1177
f 924/1262/1199 911/1243/1181 923/1241/1179
f 926/1260/1197 914/1258/1195 913/1298/1230
f 913/1298/1230 914/1258/1195 901/1295/1227
f 926/1260/1197 913/1298/1230 925/1261/1198
f 276/1272/378 917/1299/1231 916/1297/1229
f 275/1239/376 924/1262/1199 923/1241/1179
f 780/1300/1070 932/1301/1232 285/1302/398
f 285/1302/398 932/1301/1232 933/1303/1233
f 285/1302/398 933/1303/1233 934/1304/1234
f 934/1304/1234 933/1303/1233 939/1305/1235
f 934/1304/1234 939/1305/1235 940/1306/1236
f 940/1306/1236 939/1305/1235 945/1307/1237
f 940/1306/1236 945/1307/1237 946/1308/1238
f 946/1308/1238 945/1307/1237 951/1309/1239
f 946/1308/1238 951/1309/1239 928/1310/1240
f 928/1310/1240 951/1309/1239 927/1311/1241
f 927/1311/1241 951/1309/1239 956/1312/1242
f 927/1311/1241 956/1312/1242 443/1313/549
f 443/1313/549 956/1312/1242 955/1314/1243
f 443/1313/549 955/1314/1243 954/1315/1244
f 954/1315/1244 955/1314/1243 949/1316/1245
f 954/1315/1244 949/1316/1245 948/1317/1246
f 948/1317/1246 949/1316/1245 943/1318/1247
f 948/1317/1246 943/1318/1247 942/1319/1248
f 942/1319/1248 943/1318/1247 937/1320/1249
f 942/1319/1248 937/1320/1249 779/1321/1068
f 779/1321/1068 937/1320/1249 780/1300/1070
f 780/1300/1070 937/1320/1249 932/1301/1232
f 779/1321/1068 778/1322/1066 942/1319/1248
f 942/1319/1248 778/1322/1066 947/1323/1250
f 942/1319/1248 947/1323/1250 948/1317/1246
f 948/1317/1246 947/1323/1250 953/1324/1251
f 948/1317/1246 953/1324/1251 954/1315/1244
f 954/1315/1244 953/1324/1251 444/1325/547
f 954/1315/1244 444/1325/547 443/1313/549
f 778/1322/1066 777/1326/1064 947/1323/1250
f 947/1323/1250 777/1326/1064 952/1327/1252
f 947/1323/1250 952/1327/1252 953/1324/1251
f 953/1324/1251 952/1327/1252 444/1325/547
f 777/1326/1064 776/1328/1063 952/1327/1252
f 952/1327/1252 776/1328/1063 444/1325/547
f 928/1310/1240 929/1329/1253 946/1308/1238
f 946/1308/1238 929/1329/1253 941/1330/1254
f 946/1308/1238 941/1330/1254 940/1306/1236
f 940/1306/1236 941/1330/1254 935/1331/1255
f 940/1306/1236 935/1331/1255 934/1304/1234
f 934/1304/1234 935/1331/1255 305/1332/408
f 934/1304/1234 305/1332/408 285/1302/398
f 929/1329/1253 930/1333/1256 941/1330/1254
f 941/1330/1254 930/1333/1256 936/1334/1257
f 941/1330/1254 936/1334/1257 935/1331/1255
f 935/1331/1255 936/1334/1257 305/1332/408
f 930/1333/1256 931/1335/1258 936/1334/1257
f 936/1334/1257 931/1335/1258 305/1332/408
f 933/1303/1233 932/1301/1232 938/1336/1259
f 938/1336/1259 932/1301/1232 937/1320/1249
f 938/1336/1259 937/1320/1249 943/1318/1247
f 933/1303/1233 938/1336/1259 939/1305/1235
f 939/1305/1235 938/1336/1259 944/1337/1260
f 939/1305/1235 944/1337/1260 945/1307/1237
f 945/1307/1237 944/1337/1260 950/1338/1261
f 945/1307/1237 950/1338/1261 951/1309/1239
f 951/1309/1239 950/1338/1261 956/1312/1242
f 944/1337/1260 938/1336/1259 943/1318/1247
f 950/1338/1261 944/1337/1260 949/1316/1245
f 949/1316/1245 944/1337/1260 943/1318/1247
f 956/1312/1242 950/1338/1261 955/1314/1243
f 955/1314/1243 950/1338/1261 949/1316/1245
f 833/1339/1262 962/1340/1263 268/1341/460
f 268/1341/460 962/1340/1263 963/1342/1264
f 268/1341/460 963/1342/1264 964/1343/1265
f 964/1343/1265 963/1342/1264 976/1344/1266
f 964/1343/1265 976/1344/1266 977/1345/1267
f 977/1345/1267 976/1344/1266 989/1346/1268
f 977/1345/1267 989/1346/1268 990/1347/1269
f 990/1347/1269 989/1346/1268 1002/1348/1270
f 990/1347/1269 1002/1348/1270 1003/1349/1271
f 1003/1349/1271 1002/1348/1270 1015/1350/1272
f 1003/1349/1271 1015/1350/1272 1016/1351/1273
f 1016/1351/1273 1015/1350/1272 296/1352/381
f 1016/1351/1273 296/1352/381 1017/1353/1274
f 1017/1353/1274 296/1352/381 1018/1354/1275
f 1017/1353/1274 1018/1354/1275 1005/1355/1276
f 1005/1355/1276 1018/1354/1275 1006/1356/1277
f 1005/1355/1276 1006/1356/1277 993/1357/1278
f 993/1357/1278 1006/1356/1277 994/1358/1279
f 993/1357/1278 994/1358/1279 981/1359/1280
f 981/1359/1280 994/1358/1279 982/1360/1281
f 981/1359/1280 982/1360/1281 969/1361/1282
f 969/1361/1282 982/1360/1281 970/1362/1283
f 969/1361/1282 970/1362/1283 346/1363/464
f 346/1363/464 970/1362/1283 971/1364/1284
f 346/1363/464 971/1364/1284 972/1365/1285
f 972/1365/1285 971/1364/1284 984/1366/1286
f 972/1365/1285 984/1366/1286 985/1367/1287
f 985/1367/1287 984/1366/1286 997/1368/1288
f 985/1367/1287 997/1368/1288 959/1369/1289
f 959/1369/1289 997/1368/1288 958/1370/1290
f 958/1370/1290 997/1368/1288 1009/1371/1291
f 958/1370/1290 1009/1371/1291 957/1372/1292
f 957/1372/1292 1009/1371/1291 1021/1373/1293
f 957/1372/1292 1021/1373/1293 296/1352/381
f 296/1352/381 1021/1373/1293 1020/1374/1294
f 296/1352/381 1020/1374/1294 1019/1375/1295
f 1019/1375/1295 1020/1374/1294 1007/1376/1296
f 1019/1375/1295 1007/1376/1296 1006/1356/1277
f 1006/1356/1277 1007/1376/1296 994/1358/1279
f 833/1339/1262 832/1377/1297 962/1340/1263
f 962/1340/1263 832/1377/1297 831/1378/1298
f 962/1340/1263 831/1378/1298 974/1379/1299
f 974/1379/1299 831/1378/1298 830/1380/1300
f 974/1379/1299 830/1380/1300 986/1381/1301
f 986/1381/1301 830/1380/1300 829/1382/1302
f 986/1381/1301 829/1382/1302 828/1383/1303
f 986/1381/1301 828/1383/1303 998/1384/1304
f 998/1384/1304 828/1383/1303 827/1385/1305
f 998/1384/1304 827/1385/1305 1010/1386/1306
f 1010/1386/1306 827/1385/1305 826/1387/1307
f 1010/1386/1306 826/1387/1307 1011/1388/1308
f 1011/1388/1308 826/1387/1307 1012/1389/1309
f 1011/1388/1308 1012/1389/1309 999/1390/1310
f 999/1390/1310 1012/1389/1309 1000/1391/1311
f 999/1390/1310 1000/1391/1311 987/1392/1312
f 987/1392/1312 1000/1391/1311 988/1393/1313
f 987/1392/1312 988/1393/1313 975/1394/1314
f 975/1394/1314 988/1393/1313 976/1344/1266
f 975/1394/1314 976/1344/1266 963/1342/1264
f 559/1395/665 296/1352/381 826/1387/1307
f 826/1387/1307 296/1352/381 1013/1396/1315
f 826/1387/1307 1013/1396/1315 1012/1389/1309
f 1012/1389/1309 1013/1396/1315 1000/1391/1311
f 959/1369/1289 960/1397/1316 985/1367/1287
f 985/1367/1287 960/1397/1316 973/1398/1317
f 985/1367/1287 973/1398/1317 972/1365/1285
f 972/1365/1285 973/1398/1317 346/1363/464
f 960/1397/1316 961/1399/1318 973/1398/1317
f 973/1398/1317 961/1399/1318 346/1363/464
f 969/1361/1282 346/1363/464 968/1400/1319
f 968/1400/1319 346/1363/464 268/1341/460
f 968/1400/1319 268/1341/460 967/1401/1320
f 967/1401/1320 268/1341/460 966/1402/1321
f 967/1401/1320 966/1402/1321 979/1403/1322
f 979/1403/1322 966/1402/1321 978/1404/1323
f 979/1403/1322 978/1404/1323 991/1405/1324
f 991/1405/1324 978/1404/1323 990/1347/1269
f 991/1405/1324 990/1347/1269 1003/1349/1271
f 975/1394/1314 963/1342/1264 962/1340/1263
f 966/1402/1321 268/1341/460 965/1406/1325
f 965/1406/1325 268/1341/460 964/1343/1265
f 965/1406/1325 964/1343/1265 977/1345/1267
f 978/1404/1323 966/1402/1321 965/1406/1325
f 978/1404/1323 965/1406/1325 977/1345/1267
f 981/1359/1280 969/1361/1282 968/1400/1319
f 968/1400/1319 967/1401/1320 980/1407/1326
f 980/1407/1326 967/1401/1320 979/1403/1322
f 980/1407/1326 979/1403/1322 992/1408/1327
f 992/1408/1327 979/1403/1322 991/1405/1324
f 992/1408/1327 991/1405/1324 1004/1409/1328
f 1004/1409/1328 991/1405/1324 1003/1349/1271
f 1004/1409/1328 1003/1349/1271 1016/1351/1273
f 971/1364/1284 970/1362/1283 983/1410/1329
f 983/1410/1329 970/1362/1283 982/1360/1281
f 983/1410/1329 982/1360/1281 995/1411/1330
f 995/1411/1330 982/1360/1281 994/1358/1279
f 995/1411/1330 994/1358/1279 1007/1376/1296
f 987/1392/1312 975/1394/1314 974/1379/1299
f 974/1379/1299 975/1394/1314 962/1340/1263
f 989/1346/1268 976/1344/1266 988/1393/1313
f 990/1347/1269 978/1404/1323 977/1345/1267
f 993/1357/1278 981/1359/1280 980/1407/1326
f 980/1407/1326 981/1359/1280 968/1400/1319
f 993/1357/1278 980/1407/1326 992/1408/1327
f 971/1364/1284 983/1410/1329 984/1366/1286
f 984/1366/1286 983/1410/1329 996/1412/1331
f 984/1366/1286 996/1412/1331 997/1368/1288
f 997/1368/1288 996/1412/1331 1009/1371/1291
f 996/1412/1331 983/1410/1329 995/1411/1330
f 999/1390/1310 987/1392/1312 986/1381/1301
f 986/1381/1301 987/1392/1312 974/1379/1299
f 989/1346/1268 988/1393/1313 1001/1413/1332
f 1001/1413/1332 988/1393/1313 1000/1391/1311
f 1001/1413/1332 1000/1391/1311 1013/1396/1315
f 1005/1355/1276 993/1357/1278 992/1408/1327
f 1005/1355/1276 992/1408/1327 1004/1409/1328
f 996/1412/1331 995/1411/1330 1008/1414/1333
f 1008/1414/1333 995/1411/1330 1007/1376/1296
f 1008/1414/1333 1007/1376/1296 1020/1374/1294
f 1011/1388/1308 999/1390/1310 998/1384/1304
f 998/1384/1304 999/1390/1310 986/1381/1301
f 1010/1386/1306 1011/1388/1308 998/1384/1304
f 989/1346/1268 1001/1413/1332 1002/1348/1270
f 1002/1348/1270 1001/1413/1332 1014/1415/1334
f 1002/1348/1270 1014/1415/1334 1015/1350/1272
f 1015/1350/1272 1014/1415/1334 296/1352/381
f 1014/1415/1334 1001/1413/1332 1013/1396/1315
f 1017/1353/1274 1005/1355/1276 1004/1409/1328
f 1017/1353/1274 1004/1409/1328 1016/1351/1273
f 1019/1375/1295 1006/1356/1277 1018/1354/1275
f 1021/1373/1293 1009/1371/1291 1008/1414/1333
f 1008/1414/1333 1009/1371/1291 996/1412/1331
f 1021/1373/1293 1008/1414/1333 1020/1374/1294
f 296/1352/381 1014/1415/1334 1013/1396/1315
f 296/1352/381 1019/1375/1295 1018/1354/1275
f 453/1416/562 866/1417/1214 1031/1418/1335
f 1031/1418/1335 866/1417/1214 865/1419/1212
f 1031/1418/1335 865/1419/1212 1030/1420/1336
f 1030/1420/1336 865/1419/1212 864/1421/1193
f 1030/1420/1336 864/1421/1193 1029/1422/1337
f 1029/1422/1337 864/1421/1193 863/1423/1194
f 1029/1422/1337 863/1423/1194 1028/1424/1338
f 1028/1424/1338 863/1423/1194 862/1425/1196
f 1028/1424/1338 862/1425/1196 1027/1426/1339
f 1027/1426/1339 862/1425/1196 275/1427/376
f 1027/1426/1339 275/1427/376 838/1428/1114
f 1027/1426/1339 838/1428/1114 1032/1429/1340
f 1032/1429/1340 838/1428/1114 837/1430/1115
f 1032/1429/1340 837/1430/1115 1037/1431/1341
f 1037/1431/1341 837/1430/1115 836/1432/1117
f 1037/1431/1341 836/1432/1117 1042/1433/1342
f 1042/1433/1342 836/1432/1117 835/1434/1119
f 1042/1433/1342 835/1434/1119 1047/1435/1343
f 1047/1435/1343 835/1434/1119 834/1436/1121
f 1047/1435/1343 834/1436/1121 1022/1437/1344
f 1022/1437/1344 834/1436/1121 251/1438/354
f 1022/1437/1344 1023/1439/1345 1047/1435/1343
f 1047/1435/1343 1023/1439/1345 1048/1440/1346
f 1047/1435/1343 1048/1440/1346 1042/1433/1342
f 1042/1433/1342 1048/1440/1346 1043/1441/1347
f 1042/1433/1342 1043/1441/1347 1037/1431/1341
f 1037/1431/1341 1043/1441/1347 1038/1442/1348
f 1037/1431/1341 1038/1442/1348 1032/1429/1340
f 1032/1429/1340 1038/1442/1348 1033/1443/1349
f 1032/1429/1340 1033/1443/1349 1027/1426/1339
f 1027/1426/1339 1033/1443/1349 1028/1424/1338
f 1023/1439/1345 1024/1444/1350 1048/1440/1346
f 1048/1440/1346 1024/1444/1350 1049/1445/1351
f 1048/1440/1346 1049/1445/1351 1043/1441/1347
f 1043/1441/1347 1049/1445/1351 1044/1446/1352
f 1043/1441/1347 1044/1446/1352 1038/1442/1348
f 1038/1442/1348 1044/1446/1352 1039/1447/1353
f 1038/1442/1348 1039/1447/1353 1033/1443/1349
f 1033/1443/1349 1039/1447/1353 1034/1448/1354
f 1033/1443/1349 1034/1448/1354 1028/1424/1338
f 1028/1424/1338 1034/1448/1354 1029/1422/1337
f 1024/1444/1350 1025/1449/1355 1049/1445/1351
f 1049/1445/1351 1025/1449/1355 1050/1450/1356
f 1049/1445/1351 1050/1450/1356 1044/1446/1352
f 1044/1446/1352 1050/1450/1356 1045/1451/1357
f 1044/1446/1352 1045/1451/1357 1039/1447/1353
f 1039/1447/1353 1045/1451/1357 1040/1452/1358
f 1039/1447/1353 1040/1452/1358 1034/1448/1354
f 1034/1448/1354 1040/1452/1358 1035/1453/1359
f 1034/1448/1354 1035/1453/1359 1029/1422/1337
f 1029/1422/1337 1035/1453/1359 1030/1420/1336
f 1025/1449/1355 1026/1454/1360 1050/1450/1356
f 1050/1450/1356 1026/1454/1360 1051/1455/1361
f 1050/1450/1356 1051/1455/1361 1045/1451/1357
f 1045/1451/1357 1051/1455/1361 1046/1456/1362
f 1045/1451/1357 1046/1456/1362 1040/1452/1358
f 1040/1452/1358 1046/1456/1362 1041/1457/1363
f 1040/1452/1358 1041/1457/1363 1035/1453/1359
f 1035/1453/1359 1041/1457/1363 1036/1458/1364
f 1035/1453/1359 1036/1458/1364 1030/1420/1336
f 1030/1420/1336 1036/1458/1364 1031/1418/1335
f 1026/1454/1360 453/1459/562 1051/1455/1361
f 1051/1455/1361 453/1460/562 1046/1456/1362
f 1046/1456/1362 453/1461/562 1041/1457/1363
f 1041/1457/1363 453/1462/562 1036/1458/1364
f 1036/1458/1364 453/1463/562 1031/1418/1335
f 305/1464/408 931/1465/1258 307/1466/412
f 307/1466/412 931/1465/1258 1061/1467/1365
f 307/1466/412 1061/1467/1365 308/1468/433
f 308/1468/433 1061/1467/1365 1066/1469/1366
f 308/1468/433 1066/1469/1366 309/1470/432
f 309/1470/432 1066/1469/1366 1071/1471/1367
f 309/1470/432 1071/1471/1367 310/1472/431
f 310/1472/431 1071/1471/1367 1076/1473/1368
f 310/1472/431 1076/1473/1368 311/1474/430
f 311/1474/430 1076/1473/1368 1081/1475/1369
f 311/1474/430 1081/1475/1369 312/1476/429
f 312/1476/429 1081/1475/1369 1086/1477/1370
f 312/1476/429 1086/1477/1370 313/1478/428
f 313/1478/428 1086/1477/1370 1091/1479/1371
f 313/1478/428 1091/1479/1371 314/1480/427
f 314/1480/427 1091/1479/1371 1096/1481/1372
f 314/1480/427 1096/1481/1372 269/1482/373
f 269/1482/373 1096/1481/1372 1056/1483/1373
f 1056/1483/1373 1096/1481/1372 1095/1484/1374
f 1056/1483/1373 1095/1484/1374 1055/1485/1375
f 1055/1485/1375 1095/1484/1374 1094/1486/1376
f 1055/1485/1375 1094/1486/1376 1054/1487/1377
f 1054/1487/1377 1094/1486/1376 1093/1488/1378
f 1054/1487/1377 1093/1488/1378 1053/1489/1379
f 1053/1489/1379 1093/1488/1378 1092/1490/1380
f 1053/1489/1379 1092/1490/1380 1052/1491/1381
f 1052/1491/1381 1092/1490/1380 455/1492/570
f 455/1492/570 1092/1490/1380 456/1493/574
f 456/1493/574 1092/1490/1380 1087/1494/1382
f 456/1493/574 1087/1494/1382 457/1495/575
f 457/1495/575 1087/1494/1382 1082/1496/1383
f 457/1495/575 1082/1496/1383 458/1497/576
f 458/1497/576 1082/1496/1383 1077/1498/1384
f 458/1497/576 1077/1498/1384 459/1499/577
f 459/1499/577 1077/1498/1384 1072/1500/1385
f 459/1499/577 1072/1500/1385 460/1501/578
f 460/1501/578 1072/1500/1385 1067/1502/1386
f 460/1501/578 1067/1502/1386 461/1503/579
f 461/1503/579 1067/1502/1386 1062/1504/1387
f 461/1503/579 1062/1504/1387 462/1505/580
f 462/1505/580 1062/1504/1387 1057/1506/1388
f 462/1505/580 1057/1506/1388 443/1507/549
f 443/1507/549 1057/1506/1388 927/1508/1241
f 927/1508/1241 1057/1506/1388 1058/1509/1389
f 927/1508/1241 1058/1509/1389 928/1510/1240
f 928/1510/1240 1058/1509/1389 1059/1511/1390
f 928/1510/1240 1059/1511/1390 929/1512/1253
f 929/1512/1253 1059/1511/1390 1060/1513/1391
f 929/1512/1253 1060/1513/1391 930/1514/1256
f 930/1514/1256 1060/1513/1391 1061/1467/1365
f 930/1514/1256 1061/1467/1365 931/1465/1258
f 1058/1509/1389 1057/1506/1388 1063/1515/1392
f 1063/1515/1392 1057/1506/1388 1062/1504/1387
f 1063/1515/1392 1062/1504/1387 1068/1516/1393
f 1068/1516/1393 1062/1504/1387 1067/1502/1386
f 1068/1516/1393 1067/1502/1386 1073/1517/1394
f 1073/1517/1394 1067/1502/1386 1072/1500/1385
f 1073/1517/1394 1072/1500/1385 1078/1518/1395
f 1078/1518/1395 1072/1500/1385 1077/1498/1384
f 1078/1518/1395 1077/1498/1384 1083/1519/1396
f 1083/1519/1396 1077/1498/1384 1082/1496/1383
f 1083/1519/1396 1082/1496/1383 1088/1520/1397
f 1088/1520/1397 1082/1496/1383 1087/1494/1382
f 1088/1520/1397 1087/1494/1382 1093/1488/1378
f 1093/1488/1378 1087/1494/1382 1092/1490/1380
f 1059/1511/1390 1058/1509/1389 1064/1521/1398
f 1064/1521/1398 1058/1509/1389 1063/1515/1392
f 1064/1521/1398 1063/1515/1392 1069/1522/1399
f 1069/1522/1399 1063/1515/1392 1068/1516/1393
f 1069/1522/1399 1068/1516/1393 1074/1523/1400
f 1074/1523/1400 1068/1516/1393 1073/1517/1394
f 1074/1523/1400 1073/1517/1394 1079/1524/1401
f 1079/1524/1401 1073/1517/1394 1078/1518/1395
f 1079/1524/1401 1078/1518/1395 1084/1525/1402
f 1084/1525/1402 1078/1518/1395 1083/1519/1396
f 1084/1525/1402 1083/1519/1396 1089/1526/1403
f 1089/1526/1403 1083/1519/1396 1088/1520/1397
f 1089/1526/1403 1088/1520/1397 1094/1486/1376
f 1094/1486/1376 1088/1520/1397 1093/1488/1378
f 1066/1469/1366 1061/1467/1365 1060/1513/1391
f 1060/1513/1391 1059/1511/1390 1065/1527/1404
f 1065/1527/1404 1059/1511/1390 1064/1521/1398
f 1065/1527/1404 1064/1521/1398 1070/1528/1405
f 1070/1528/1405 1064/1521/1398 1069/1522/1399
f 1070/1528/1405 1069/1522/1399 1075/1529/1406
f 1075/1529/1406 1069/1522/1399 1074/1523/1400
f 1075/1529/1406 1074/1523/1400 1080/1530/1407
f 1080/1530/1407 1074/1523/1400 1079/1524/1401
f 1080/1530/1407 1079/1524/1401 1085/1531/1408
f 1085/1531/1408 1079/1524/1401 1084/1525/1402
f 1085/1531/1408 1084/1525/1402 1090/1532/1409
f 1090/1532/1409 1084/1525/1402 1089/1526/1403
f 1090/1532/1409 1089/1526/1403 1095/1484/1374
f 1095/1484/1374 1089/1526/1403 1094/1486/1376
f 1071/1471/1367 1066/1469/1366 1065/1527/1404
f 1065/1527/1404 1066/1469/1366 1060/1513/1391
f 1071/1471/1367 1065/1527/1404 1070/1528/1405
f 1076/1473/1368 1071/1471/1367 1070/1528/1405
f 1076/1473/1368 1070/1528/1405 1075/1529/1406
f 1081/1475/1369 1076/1473/1368 1075/1529/1406
f 1081/1475/1369 1075/1529/1406 1080/1530/1407
f 1086/1477/1370 1081/1475/1369 1080/1530/1407
f 1086/1477/1370 1080/1530/1407 1085/1531/1408
f 1091/1479/1371 1086/1477/1370 1085/1531/1408
f 1091/1479/1371 1085/1531/1408 1090/1532/1409
f 1096/1481/1372 1091/1479/1371 1090/1532/1409
f 1096/1481/1372 1090/1532/1409 1095/1484/1374
f 347/1533/468 346/1534/464 1106/1535/1410
f 1106/1535/1410 346/1534/464 961/1536/1318
f 1106/1535/1410 961/1536/1318 960/1537/1316
f 1106/1535/1410 960/1537/1316 1105/1538/1411
f 1105/1538/1411 960/1537/1316 959/1539/1289
f 1105/1538/1411 959/1539/1289 1104/1540/1412
f 1104/1540/1412 959/1539/1289 958/1541/1290
f 1104/1540/1412 958/1541/1290 1103/1542/1413
f 1103/1542/1413 958/1541/1290 957/1543/1292
f 1103/1542/1413 957/1543/1292 1102/1544/1414
f 1102/1544/1414 957/1543/1292 296/1545/381
f 1102/1544/1414 296/1545/381 295/1546/380
f 1102/1544/1414 295/1546/380 1107/1547/1415
f 1107/1547/1415 295/1546/380 294/1548/384
f 1107/1547/1415 294/1548/384 1112/1549/1416
f 1112/1549/1416 294/1548/384 293/1550/385
f 1112/1549/1416 293/1550/385 1117/1551/1417
f 1117/1551/1417 293/1550/385 292/1552/387
f 1117/1551/1417 292/1552/387 1122/1553/1418
f 1122/1553/1418 292/1552/387 291/1554/389
f 1122/1553/1418 291/1554/389 1127/1555/1419
f 1127/1555/1419 291/1554/389 290/1556/391
f 1127/1555/1419 290/1556/391 1132/1557/1420
f 1132/1557/1420 290/1556/391 289/1558/393
f 1132/1557/1420 289/1558/393 1137/1559/1421
f 1137/1559/1421 289/1558/393 288/1560/395
f 1137/1559/1421 288/1560/395 1097/1561/1422
f 1097/1561/1422 288/1560/395 287/1562/406
f 1097/1561/1422 1098/1563/1423 1137/1559/1421
f 1137/1559/1421 1098/1563/1423 1138/1564/1424
f 1137/1559/1421 1138/1564/1424 1132/1557/1420
f 1132/1557/1420 1138/1564/1424 1133/1565/1425
f 1132/1557/1420 1133/1565/1425 1127/1555/1419
f 1127/1555/1419 1133/1565/1425 1128/1566/1426
f 1127/1555/1419 1128/1566/1426 1122/1553/1418
f 1122/1553/1418 1128/1566/1426 1123/1567/1427
f 1122/1553/1418 1123/1567/1427 1117/1551/1417
f 1117/1551/1417 1123/1567/1427 1118/1568/1428
f 1117/1551/1417 1118/1568/1428 1112/1549/1416
f 1112/1549/1416 1118/1568/1428 1113/1569/1429
f 1112/1549/1416 1113/1569/1429 1107/1547/1415
f 1107/1547/1415 1113/1569/1429 1108/1570/1430
f 1107/1547/1415 1108/1570/1430 1102/1544/1414
f 1102/1544/1414 1108/1570/1430 1103/1542/1413
f 1098/1563/1423 1099/1571/1431 1138/1564/1424
f 1138/1564/1424 1099/1571/1431 1139/1572/1432
f 1138/1564/1424 1139/1572/1432 1133/1565/1425
f 1133/1565/1425 1139/1572/1432 1134/1573/1433
f 1133/1565/1425 1134/1573/1433 1128/1566/1426
f 1128/1566/1426 1134/1573/1433 1129/1574/1434
f 1128/1566/1426 1129/1574/1434 1123/1567/1427
f 1123/1567/1427 1129/1574/1434 1124/1575/1435
f 1123/1567/1427 1124/1575/1435 1118/1568/1428
f 1118/1568/1428 1124/1575/1435 1119/1576/1436
f 1118/1568/1428 1119/1576/1436 1113/1569/1429
f 1113/1569/1429 1119/1576/1436 1114/1577/1437
f 1113/1569/1429 1114/1577/1437 1108/1570/1430
f 1108/1570/1430 1114/1577/1437 1109/1578/1438
f 1108/1570/1430 1109/1578/1438 1103/1542/1413
f 1103/1542/1413 1109/1578/1438 1104/1540/1412
f 1099/1571/1431 1100/1579/1439 1139/1572/1432
f 1139/1572/1432 1100/1579/1439 1140/1580/1440
f 1139/1572/1432 1140/1580/1440 1134/1573/1433
f 1134/1573/1433 1140/1580/1440 1135/1581/1441
f 1134/1573/1433 1135/1581/1441 1129/1574/1434
f 1129/1574/1434 1135/1581/1441 1130/1582/1442
f 1129/1574/1434 1130/1582/1442 1124/1575/1435
f 1124/1575/1435 1130/1582/1442 1125/1583/1443
f 1124/1575/1435 1125/1583/1443 1119/1576/1436
f 1119/1576/1436 1125/1583/1443 1120/1584/1444
f 1119/1576/1436 1120/1584/1444 1114/1577/1437
f 1114/1577/1437 1120/1584/1444 1115/1585/1445
f 1114/1577/1437 1115/1585/1445 1109/1578/1438
f 1109/1578/1438 1115/1585/1445 1110/1586/1446
f 1109/1578/1438 1110/1586/1446 1104/1540/1412
f 1104/1540/1412 1110/1586/1446 1105/1538/1411
f 1100/1579/1439 1101/1587/1447 1140/1580/1440
f 1140/1580/1440 1101/1587/1447 1141/1588/1448
f 1140/1580/1440 1141/1588/1448 1135/1581/1441
f 1135/1581/1441 1141/1588/1448 1136/1589/1449
f 1135/1581/1441 1136/1589/1449 1130/1582/1442
f 1130/1582/1442 1136/1589/1449 1131/1590/1450
f 1130/1582/1442 1131/1590/1450 1125/1583/1443
f 1125/1583/1443 1131/1590/1450 1126/1591/1451
f 1125/1583/1443 1126/1591/1451 1120/1584/1444
f 1120/1584/1444 1126/1591/1451 1121/1592/1452
f 1120/1584/1444 1121/1592/1452 1115/1585/1445
f 1115/1585/1445 1121/1592/1452 1116/1593/1453
f 1115/1585/1445 1116/1593/1453 1110/1586/1446
f 1110/1586/1446 1116/1593/1453 1111/1594/1454
f 1110/1586/1446 1111/1594/1454 1105/1538/1411
f 1105/1538/1411 1111/1594/1454 1106/1535/1410
f 1101/1587/1447 354/1595/475 1141/1588/1448
f 1141/1588/1448 354/1595/475 353/1596/474
f 1141/1588/1448 353/1596/474 1136/1589/1449
f 1136/1589/1449 353/1596/474 352/1597/473
f 1136/1589/1449 352/1597/473 1131/1590/1450
f 1131/1590/1450 352/1597/473 351/1598/472
f 1131/1590/1450 351/1598/472 1126/1591/1451
f 1126/1591/1451 351/1598/472 350/1599/471
f 1126/1591/1451 350/1599/471 1121/1592/1452
f 1121/1592/1452 350/1599/471 349/1600/470
f 1121/1592/1452 349/1600/470 1116/1593/1453
f 1116/1593/1453 349/1600/470 348/1601/469
f 1116/1593/1453 348/1601/469 1111/1594/1454
f 1111/1594/1454 348/1601/469 347/1533/468
f 1111/1594/1454 347/1533/468 1106/1535/1410
f 1026/1602/1360 1147/1603/1455 453/1604/562
f 453/1604/562 1147/1603/1455 1148/1605/1456
f 453/1604/562 1148/1605/1456 1149/1606/1457
f 1149/1606/1457 1148/1605/1456 1156/1607/1458
f 1149/1606/1457 1156/1607/1458 1157/1608/1459
f 1157/1608/1459 1156/1607/1458 1164/1609/1460
f 1157/1608/1459 1164/1609/1460 1165/1610/1461
f 1165/1610/1461 1164/1609/1460 1172/1611/1462
f 1165/1610/1461 1172/1611/1462 1173/1612/1463
f 1173/1612/1463 1172/1611/1462 1180/1613/1464
f 1173/1612/1463 1180/1613/1464 1181/1614/1465
f 1181/1614/1465 1180/1613/1464 250/1615/346
f 1181/1614/1465 250/1615/346 1142/1616/1466
f 1147/1603/1455 1026/1602/1360 1154/1617/1467
f 1154/1617/1467 1026/1602/1360 1025/1618/1355
f 1154/1617/1467 1025/1618/1355 1161/1619/1468
f 1161/1619/1468 1025/1618/1355 1024/1620/1350
f 1161/1619/1468 1024/1620/1350 1168/1621/1469
f 1168/1621/1469 1024/1620/1350 1023/1622/1345
f 1168/1621/1469 1023/1622/1345 1175/1623/1470
f 1175/1623/1470 1023/1622/1345 1022/1624/1344
f 1175/1623/1470 1022/1624/1344 251/1625/354
f 250/1615/346 1178/1626/1471 251/1625/354
f 251/1625/354 1178/1626/1471 1177/1627/1472
f 251/1625/354 1177/1627/1472 1176/1628/1473
f 1176/1628/1473 1177/1627/1472 1169/1629/1474
f 1176/1628/1473 1169/1629/1474 1168/1621/1469
f 1168/1621/1469 1169/1629/1474 1161/1619/1468
f 1181/1614/1465 1142/1616/1466 1174/1630/1475
f 1174/1630/1475 1142/1616/1466 1143/1631/1476
f 1174/1630/1475 1143/1631/1476 1167/1632/1477
f 1167/1632/1477 1143/1631/1476 1144/1633/1478
f 1167/1632/1477 1144/1633/1478 1160/1634/1479
f 1160/1634/1479 1144/1633/1478 1145/1635/1480
f 1160/1634/1479 1145/1635/1480 1153/1636/1481
f 1153/1636/1481 1145/1635/1480 1146/1637/1482
f 1153/1636/1481 1146/1637/1482 454/1638/566
f 453/1604/562 1150/1639/1483 454/1638/566
f 454/1638/566 1150/1639/1483 1151/1640/1484
f 454/1638/566 1151/1640/1484 1152/1641/1485
f 1152/1641/1485 1151/1640/1484 1159/1642/1486
f 1152/1641/1485 1159/1642/1486 1160/1634/1479
f 1160/1634/1479 1159/1642/1486 1167/1632/1477
f 1150/1639/1483 453/1604/562 1149/1606/1457
f 1148/1605/1456 1147/1603/1455 1155/1643/1487
f 1155/1643/1487 1147/1603/1455 1154/1617/1467
f 1155/1643/1487 1154/1617/1467 1162/1644/1488
f 1162/1644/1488 1154/1617/1467 1161/1619/1468
f 1162/1644/1488 1161/1619/1468 1169/1629/1474
f 1149/1606/1457 1157/1608/1459 1150/1639/1483
f 1150/1639/1483 1157/1608/1459 1158/1645/1489
f 1150/1639/1483 1158/1645/1489 1151/1640/1484
f 1151/1640/1484 1158/1645/1489 1159/1642/1486
f 1153/1636/1481 454/1638/566 1152/1641/1485
f 1160/1634/1479 1153/1636/1481 1152/1641/1485
f 1148/1605/1456 1155/1643/1487 1156/1607/1458
f 1156/1607/1458 1155/1643/1487 1163/1646/1490
f 1156/1607/1458 1163/1646/1490 1164/1609/1460
f 1164/1609/1460 1163/1646/1490 1171/1647/1491
f 1164/1609/1460 1171/1647/1491 1172/1611/1462
f 1172/1611/1462 1171/1647/1491 1179/1648/1492
f 1172/1611/1462 1179/1648/1492 1180/1613/1464
f 1180/1613/1464 1179/1648/1492 250/1615/346
f 1163/1646/1490 1155/1643/1487 1162/1644/1488
f 1157/1608/1459 1165/1610/1461 1158/1645/1489
f 1158/1645/1489 1165/1610/1461 1166/1649/1493
f 1158/1645/1489 1166/1649/1493 1159/1642/1486
f 1159/1642/1486 1166/1649/1493 1167/1632/1477
f 1163/1646/1490 1162/1644/1488 1170/1650/1494
f 1170/1650/1494 1162/1644/1488 1169/1629/1474
f 1170/1650/1494 1169/1629/1474 1177/1627/1472
f 1174/1630/1475 1167/1632/1477 1166/1649/1493
f 1174/1630/1475 1166/1649/1493 1173/1612/1463
f 1173/1612/1463 1166/1649/1493 1165/1610/1461
f 1176/1628/1473 1168/1621/1469 1175/1623/1470
f 1163/1646/1490 1170/1650/1494 1171/1647/1491
f 1171/1647/1491 1170/1650/1494 1178/1626/1471
f 1171/1647/1491 1178/1626/1471 1179/1648/1492
f 1179/1648/1492 1178/1626/1471 250/1615/346
f 1178/1626/1471 1170/1650/1494 1177/1627/1472
f 1181/1614/1465 1174/1630/1475 1173/1612/1463
f 251/1625/354 1176/1628/1473 1175/1623/1470
f 1056/1651/1373 1187/1652/1495 269/1653/373
f 269/1653/373 1187/1652/1495 1188/1654/1496
f 269/1653/373 1188/1654/1496 1189/1655/1497
f 1189/1655/1497 1188/1654/1496 1201/1656/1498
f 1189/1655/1497 1201/1656/1498 1202/1657/1499
f 1202/1657/1499 1201/1656/1498 1214/1658/1500
f 1202/1657/1499 1214/1658/1500 1215/1659/1501
f 1215/1659/1501 1214/1658/1500 1227/1660/1502
f 1215/1659/1501 1227/1660/1502 1228/1661/1503
f 1228/1661/1503 1227/1660/1502 1240/1662/1504
f 1228/1661/1503 1240/1662/1504 1241/1663/1505
f 1241/1663/1505 1240/1662/1504 454/1664/566
f 1241/1663/1505 454/1664/566 1242/1665/1506
f 1242/1665/1506 454/1664/566 1243/1666/1507
f 1242/1665/1506 1243/1666/1507 1230/1667/1508
f 1230/1667/1508 1243/1666/1507 1231/1668/1509
f 1230/1667/1508 1231/1668/1509 1218/1669/1510
f 1218/1669/1510 1231/1668/1509 1219/1670/1511
f 1218/1669/1510 1219/1670/1511 1206/1671/1512
f 1206/1671/1512 1219/1670/1511 1207/1672/1513
f 1206/1671/1512 1207/1672/1513 1194/1673/1514
f 1194/1673/1514 1207/1672/1513 1195/1674/1515
f 1194/1673/1514 1195/1674/1515 270/1675/371
f 270/1675/371 1195/1674/1515 1196/1676/1516
f 270/1675/371 1196/1676/1516 1197/1677/1517
f 1197/1677/1517 1196/1676/1516 1209/1678/1518
f 1197/1677/1517 1209/1678/1518 1210/1679/1519
f 1210/1679/1519 1209/1678/1518 1222/1680/1520
f 1210/1679/1519 1222/1680/1520 1184/1681/1521
f 1184/1681/1521 1222/1680/1520 1183/1682/1522
f 1183/1682/1522 1222/1680/1520 1234/1683/1523
f 1183/1682/1522 1234/1683/1523 1182/1684/1524
f 1182/1684/1524 1234/1683/1523 1246/1685/1525
f 1182/1684/1524 1246/1685/1525 454/1664/566
f 454/1664/566 1246/1685/1525 1245/1686/1526
f 454/1664/566 1245/1686/1526 1244/1687/1527
f 1244/1687/1527 1245/1686/1526 1232/1688/1528
f 1244/1687/1527 1232/1688/1528 1231/1668/1509
f 1231/1668/1509 1232/1688/1528 1219/1670/1511
f 1187/1652/1495 1056/1651/1373 1199/1689/1529
f 1199/1689/1529 1056/1651/1373 1055/1690/1375
f 1199/1689/1529 1055/1690/1375 1211/1691/1530
f 1211/1691/1530 1055/1690/1375 1054/1692/1377
f 1211/1691/1530 1054/1692/1377 1223/1693/1531
f 1223/1693/1531 1054/1692/1377 1053/1694/1379
f 1223/1693/1531 1053/1694/1379 1235/1695/1532
f 1235/1695/1532 1053/1694/1379 1052/1696/1381
f 1235/1695/1532 1052/1696/1381 455/1697/570
f 454/1664/566 1240/1662/1504 455/1697/570
f 455/1697/570 1240/1662/1504 1239/1698/1533
f 455/1697/570 1239/1698/1533 1238/1699/1534
f 1238/1699/1534 1239/1698/1533 1226/1700/1535
f 1238/1699/1534 1226/1700/1535 1225/1701/1536
f 1225/1701/1536 1226/1700/1535 1213/1702/1537
f 1225/1701/1536 1213/1702/1537 1212/1703/1538
f 1212/1703/1538 1213/1702/1537 1200/1704/1539
f 1212/1703/1538 1200/1704/1539 1199/1689/1529
f 1199/1689/1529 1200/1704/1539 1187/1652/1495
f 1184/1681/1521 1185/1705/1540 1210/1679/1519
f 1210/1679/1519 1185/1705/1540 1198/1706/1541
f 1210/1679/1519 1198/1706/1541 1197/1677/1517
f 1197/1677/1517 1198/1706/1541 270/1675/371
f 1185/1705/1540 1186/1707/1542 1198/1706/1541
f 1198/1706/1541 1186/1707/1542 270/1675/371
f 1194/1673/1514 270/1675/371 1193/1708/1543
f 1193/1708/1543 270/1675/371 269/1653/373
f 1193/1708/1543 269/1653/373 1192/1709/1544
f 1192/1709/1544 269/1653/373 1191/1710/1545
f 1192/1709/1544 1191/1710/1545 1204/1711/1546
f 1204/1711/1546 1191/1710/1545 1203/1712/1547
f 1204/1711/1546 1203/1712/1547 1216/1713/1548
f 1216/1713/1548 1203/1712/1547 1215/1659/1501
f 1216/1713/1548 1215/1659/1501 1228/1661/1503
f 1201/1656/1498 1188/1654/1496 1200/1704/1539
f 1200/1704/1539 1188/1654/1496 1187/1652/1495
f 1191/1710/1545 269/1653/373 1190/1714/1549
f 1190/1714/1549 269/1653/373 1189/1655/1497
f 1190/1714/1549 1189/1655/1497 1202/1657/1499
f 1203/1712/1547 1191/1710/1545 1190/1714/1549
f 1203/1712/1547 1190/1714/1549 1202/1657/1499
f 1206/1671/1512 1194/1673/1514 1193/1708/1543
f 1193/1708/1543 1192/1709/1544 1205/1715/1550
f 1205/1715/1550 1192/1709/1544 1204/1711/1546
f 1205/1715/1550 1204/1711/1546 1217/1716/1551
f 1217/1716/1551 1204/1711/1546 1216/1713/1548
f 1217/1716/1551 1216/1713/1548 1229/1717/1552
f 1229/1717/1552 1216/1713/1548 1228/1661/1503
f 1229/1717/1552 1228/1661/1503 1241/1663/1505
f 1196/1676/1516 1195/1674/1515 1208/1718/1553
f 1208/1718/1553 1195/1674/1515 1207/1672/1513
f 1208/1718/1553 1207/1672/1513 1220/1719/1554
f 1220/1719/1554 1207/1672/1513 1219/1670/1511
f 1220/1719/1554 1219/1670/1511 1232/1688/1528
f 1212/1703/1538 1199/1689/1529 1211/1691/1530
f 1214/1658/1500 1201/1656/1498 1213/1702/1537
f 1213/1702/1537 1201/1656/1498 1200/1704/1539
f 1215/1659/1501 1203/1712/1547 1202/1657/1499
f 1218/1669/1510 1206/1671/1512 1205/1715/1550
f 1205/1715/1550 1206/1671/1512 1193/1708/1543
f 1218/1669/1510 1205/1715/1550 1217/1716/1551
f 1196/1676/1516 1208/1718/1553 1209/1678/1518
f 1209/1678/1518 1208/1718/1553 1221/1720/1555
f 1209/1678/1518 1221/1720/1555 1222/1680/1520
f 1222/1680/1520 1221/1720/1555 1234/1683/1523
f 1221/1720/1555 1208/1718/1553 1220/1719/1554
f 1212/1703/1538 1211/1691/1530 1224/1721/1556
f 1224/1721/1556 1211/1691/1530 1223/1693/1531
f 1224/1721/1556 1223/1693/1531 1236/1722/1557
f 1236/1722/1557 1223/1693/1531 1235/1695/1532
f 1236/1722/1557 1235/1695/1532 455/1697/570
f 1227/1660/1502 1214/1658/1500 1226/1700/1535
f 1226/1700/1535 1214/1658/1500 1213/1702/1537
f 1230/1667/1508 1218/1669/1510 1217/1716/1551
f 1230/1667/1508 1217/1716/1551 1229/1717/1552
f 1221/1720/1555 1220/1719/1554 1233/1723/1558
f 1233/1723/1558 1220/1719/1554 1232/1688/1528
f 1233/1723/1558 1232/1688/1528 1245/1686/1526
f 1212/1703/1538 1224/1721/1556 1225/1701/1536
f 1225/1701/1536 1224/1721/1556 1237/1724/1559
f 1225/1701/1536 1237/1724/1559 1238/1699/1534
f 1238/1699/1534 1237/1724/1559 455/1697/570
f 1237/1724/1559 1224/1721/1556 1236/1722/1557
f 1240/1662/1504 1227/1660/1502 1239/1698/1533
f 1239/1698/1533 1227/1660/1502 1226/1700/1535
f 1242/1665/1506 1230/1667/1508 1229/1717/1552
f 1242/1665/1506 1229/1717/1552 1241/1663/1505
f 1244/1687/1527 1231/1668/1509 1243/1666/1507
f 1246/1685/1525 1234/1683/1523 1233/1723/1558
f 1233/1723/1558 1234/1683/1523 1221/1720/1555
f 1246/1685/1525 1233/1723/1558 1245/1686/1526
f 455/1697/570 1237/1724/1559 1236/1722/1557
f 454/1664/566 1244/1687/1527 1243/1666/1507
f 1101/1725/1447 1252/1726/1560 354/1727/475
f 354/1727/475 1252/1726/1560 1253/1728/1561
f 354/1727/475 1253/1728/1561 1254/1729/1562
f 1254/1729/1562 1253/1728/1561 1259/1730/1563
f 1254/1729/1562 1259/1730/1563 1260/1731/1564
f 1260/1731/1564 1259/1730/1563 1265/1732/1565
f 1260/1731/1564 1265/1732/1565 1266/1733/1566
f 1266/1733/1566 1265/1732/1565 1271/1734/1567
f 1266/1733/1566 1271/1734/1567 1248/1735/1568
f 1248/1735/1568 1271/1734/1567 1247/1736/1569
f 1247/1736/1569 1271/1734/1567 1276/1737/1570
f 1247/1736/1569 1276/1737/1570 324/1738/411
f 324/1738/411 1276/1737/1570 1275/1739/1571
f 324/1738/411 1275/1739/1571 1274/1740/1572
f 1274/1740/1572 1275/1739/1571 1269/1741/1573
f 1274/1740/1572 1269/1741/1573 1268/1742/1574
f 1268/1742/1574 1269/1741/1573 1263/1743/1575
f 1268/1742/1574 1263/1743/1575 1262/1744/1576
f 1262/1744/1576 1263/1743/1575 1257/1745/1577
f 1262/1744/1576 1257/1745/1577 1100/1746/1439
f 1100/1746/1439 1257/1745/1577 1101/1725/1447
f 1101/1725/1447 1257/1745/1577 1252/1726/1560
f 1100/1746/1439 1099/1747/1431 1262/1744/1576
f 1262/1744/1576 1099/1747/1431 1267/1748/1578
f 1262/1744/1576 1267/1748/1578 1268/1742/1574
f 1268/1742/1574 1267/1748/1578 1273/1749/1579
f 1268/1742/1574 1273/1749/1579 1274/1740/1572
f 1274/1740/1572 1273/1749/1579 287/1750/406
f 1274/1740/1572 287/1750/406 324/1738/411
f 1099/1747/1431 1098/1751/1423 1267/1748/1578
f 1267/1748/1578 1098/1751/1423 1272/1752/1580
f 1267/1748/1578 1272/1752/1580 1273/1749/1579
f 1273/1749/1579 1272/1752/1580 287/1750/406
f 1098/1751/1423 1097/1753/1422 1272/1752/1580
f 1272/1752/1580 1097/1753/1422 287/1750/406
f 1248/1735/1568 1249/1754/1581 1266/1733/1566
f 1266/1733/1566 1249/1754/1581 1261/1755/1582
f 1266/1733/1566 1261/1755/1582 1260/1731/1564
f 1260/1731/1564 1261/1755/1582 1255/1756/1583
f 1260/1731/1564 1255/1756/1583 1254/1729/1562
f 1254/1729/1562 1255/1756/1583 333/1757/437
f 1254/1729/1562 333/1757/437 354/1727/475
f 1249/1754/1581 1250/1758/1584 1261/1755/1582
f 1261/1755/1582 1250/1758/1584 1256/1759/1585
f 1261/1755/1582 1256/1759/1585 1255/1756/1583
f 1255/1756/1583 1256/1759/1585 333/1757/437
f 1250/1758/1584 1251/1760/1586 1256/1759/1585
f 1256/1759/1585 1251/1760/1586 333/1757/437
f 1253/1728/1561 1252/1726/1560 1258/1761/1587
f 1258/1761/1587 1252/1726/1560 1257/1745/1577
f 1258/1761/1587 1257/1745/1577 1263/1743/1575
f 1253/1728/1561 1258/1761/1587 1259/1730/1563
f 1259/1730/1563 1258/1761/1587 1264/1762/1588
f 1259/1730/1563 1264/1762/1588 1265/1732/1565
f 1265/1732/1565 1264/1762/1588 1270/1763/1589
f 1265/1732/1565 1270/1763/1589 1271/1734/1567
f 1271/1734/1567 1270/1763/1589 1276/1737/1570
f 1264/1762/1588 1258/1761/1587 1263/1743/1575
f 1270/1763/1589 1264/1762/1588 1269/1741/1573
f 1269/1741/1573 1264/1762/1588 1263/1743/1575
f 1276/1737/1570 1270/1763/1589 1275/1739/1571
f 1275/1739/1571 1270/1763/1589 1269/1741/1573
f 270/1764/371 1186/1765/1542 1281/1766/1590
f 1281/1766/1590 1186/1765/1542 1286/1767/1591
f 1281/1766/1590 1286/1767/1591 1280/1768/1592
f 1280/1768/1592 1286/1767/1591 1302/1769/1593
f 1280/1768/1592 1302/1769/1593 1279/1770/1594
f 1279/1770/1594 1302/1769/1593 1297/1771/1595
f 1279/1770/1594 1297/1771/1595 1278/1772/1596
f 1278/1772/1596 1297/1771/1595 1292/1773/1597
f 1278/1772/1596 1292/1773/1597 1277/1774/1598
f 1277/1774/1598 1292/1773/1597 1287/1775/1599
f 1277/1774/1598 1287/1775/1599 250/1776/346
f 250/1776/346 1287/1775/1599 1142/1777/1466
f 1142/1777/1466 1287/1775/1599 1288/1778/1600
f 1142/1777/1466 1288/1778/1600 1143/1779/1476
f 1143/1779/1476 1288/1778/1600 1289/1780/1601
f 1143/1779/1476 1289/1780/1601 1144/1781/1478
f 1144/1781/1478 1289/1780/1601 1290/1782/1602
f 1144/1781/1478 1290/1782/1602 1145/1783/1480
f 1145/1783/1480 1290/1782/1602 1291/1784/1603
f 1145/1783/1480 1291/1784/1603 1146/1785/1482
f 1146/1785/1482 1291/1784/1603 454/1786/566
f 1186/1765/1542 1185/1787/1540 1286/1767/1591
f 1286/1767/1591 1185/1787/1540 1285/1788/1604
f 1286/1767/1591 1285/1788/1604 1302/1769/1593
f 1302/1769/1593 1285/1788/1604 1303/1789/1605
f 1302/1769/1593 1303/1789/1605 1297/1771/1595
f 1297/1771/1595 1303/1789/1605 1298/1790/1606
f 1297/1771/1595 1298/1790/1606 1292/1773/1597
f 1292/1773/1597 1298/1790/1606 1293/1791/1607
f 1292/1773/1597 1293/1791/1607 1287/1775/1599
f 1287/1775/1599 1293/1791/1607 1288/1778/1600
f 1185/1787/1540 1184/1792/1521 1285/1788/1604
f 1285/1788/1604 1184/1792/1521 1284/1793/1608
f 1285/1788/1604 1284/1793/1608 1303/1789/1605
f 1303/1789/1605 1284/1793/1608 1304/1794/1609
f 1303/1789/1605 1304/1794/1609 1298/1790/1606
f 1298/1790/1606 1304/1794/1609 1299/1795/1610
f 1298/1790/1606 1299/1795/1610 1293/1791/1607
f 1293/1791/1607 1299/1795/1610 1294/1796/1611
f 1293/1791/1607 1294/1796/1611 1288/1778/1600
f 1288/1778/1600 1294/1796/1611 1289/1780/1601
f 1184/1792/1521 1183/1797/1522 1284/1793/1608
f 1284/1793/1608 1183/1797/1522 1283/1798/1612
f 1284/1793/1608 1283/1798/1612 1304/1794/1609
f 1304/1794/1609 1283/1798/1612 1305/1799/1613
f 1304/1794/1609 1305/1799/1613 1299/1795/1610
f 1299/1795/1610 1305/1799/1613 1300/1800/1614
f 1299/1795/1610 1300/1800/1614 1294/1796/1611
f 1294/1796/1611 1300/1800/1614 1295/1801/1615
f 1294/1796/1611 1295/1801/1615 1289/1780/1601
f 1289/1780/1601 1295/1801/1615 1290/1782/1602
f 1183/1797/1522 1182/1802/1524 1283/1798/1612
f 1283/1798/1612 1182/1802/1524 1282/1803/1616
f 1283/1798/1612 1282/1803/1616 1305/1799/1613
f 1305/1799/1613 1282/1803/1616 1306/1804/1617
f 1305/1799/1613 1306/1804/1617 1300/1800/1614
f 1300/1800/1614 1306/1804/1617 1301/1805/1618
f 1300/1800/1614 1301/1805/1618 1295/1801/1615
f 1295/1801/1615 1301/1805/1618 1296/1806/1619
f 1295/1801/1615 1296/1806/1619 1290/1782/1602
f 1290/1782/1602 1296/1806/1619 1291/1784/1603
f 1182/1802/1524 454/1807/566 1282/1803/1616
f 1282/1803/1616 454/1808/566 1306/1804/1617
f 1306/1804/1617 454/1809/566 1301/1805/1618
f 1301/1805/1618 454/1810/566 1296/1806/1619
f 1296/1806/1619 454/1811/566 1291/1784/1603
f 334/1812/435 333/1813/437 1316/1814/1620
f 1316/1814/1620 333/1813/437 1251/1815/1586
f 1316/1814/1620 1251/1815/1586 1250/1816/1584
f 1316/1814/1620 1250/1816/1584 1315/1817/1621
f 1315/1817/1621 1250/1816/1584 1249/1818/1581
f 1315/1817/1621 1249/1818/1581 1314/1819/1622
f 1314/1819/1622 1249/1818/1581 1248/1820/1568
f 1314/1819/1622 1248/1820/1568 1313/1821/1623
f 1313/1821/1623 1248/1820/1568 1247/1822/1569
f 1313/1821/1623 1247/1822/1569 1312/1823/1624
f 1312/1823/1624 1247/1822/1569 324/1824/411
f 1312/1823/1624 324/1824/411 323/1825/410
f 1312/1823/1624 323/1825/410 1317/1826/1625
f 1317/1826/1625 323/1825/410 322/1827/414
f 1317/1826/1625 322/1827/414 1322/1828/1626
f 1322/1828/1626 322/1827/414 321/1829/415
f 1322/1828/1626 321/1829/415 1327/1830/1627
f 1327/1830/1627 321/1829/415 320/1831/417
f 1327/1830/1627 320/1831/417 1332/1832/1628
f 1332/1832/1628 320/1831/417 319/1833/419
f 1332/1832/1628 319/1833/419 1337/1834/1629
f 1337/1834/1629 319/1833/419 318/1835/421
f 1337/1834/1629 318/1835/421 1342/1836/1630
f 1342/1836/1630 318/1835/421 317/1837/423
f 1342/1836/1630 317/1837/423 1347/1838/1631
f 1347/1838/1631 317/1837/423 316/1839/425
f 1347/1838/1631 316/1839/425 1307/1840/1632
f 1307/1840/1632 316/1839/425 315/1841/434
f 1307/1840/1632 1308/1842/1633 1347/1838/1631
f 1347/1838/1631 1308/1842/1633 1348/1843/1634
f 1347/1838/1631 1348/1843/1634 1342/1836/1630
f 1342/1836/1630 1348/1843/1634 1343/1844/1635
f 1342/1836/1630 1343/1844/1635 1337/1834/1629
f 1337/1834/1629 1343/1844/1635 1338/1845/1636
f 1337/1834/1629 1338/1845/1636 1332/1832/1628
f 1332/1832/1628 1338/1845/1636 1333/1846/1637
f 1332/1832/1628 1333/1846/1637 1327/1830/1627
f 1327/1830/1627 1333/1846/1637 1328/1847/1638
f 1327/1830/1627 1328/1847/1638 1322/1828/1626
f 1322/1828/1626 1328/1847/1638 1323/1848/1639
f 1322/1828/1626 1323/1848/1639 1317/1826/1625
f 1317/1826/1625 1323/1848/1639 1318/1849/1640
f 1317/1826/1625 1318/1849/1640 1312/1823/1624
f 1312/1823/1624 1318/1849/1640 1313/1821/1623
f 1308/1842/1633 1309/1850/1641 1348/1843/1634
f 1348/1843/1634 1309/1850/1641 1349/1851/1642
f 1348/1843/1634 1349/1851/1642 1343/1844/1635
f 1343/1844/1635 1349/1851/1642 1344/1852/1643
f 1343/1844/1635 1344/1852/1643 1338/1845/1636
f 1338/1845/1636 1344/1852/1643 1339/1853/1644
f 1338/1845/1636 1339/1853/1644 1333/1846/1637
f 1333/1846/1637 1339/1853/1644 1334/1854/1645
f 1333/1846/1637 1334/1854/1645 1328/1847/1638
f 1328/1847/1638 1334/1854/1645 1329/1855/1646
f 1328/1847/1638 1329/1855/1646 1323/1848/1639
f 1323/1848/1639 1329/1855/1646 1324/1856/1647
f 1323/1848/1639 1324/1856/1647 1318/1849/1640
f 1318/1849/1640 1324/1856/1647 1319/1857/1648
f 1318/1849/1640 1319/1857/1648 1313/1821/1623
f 1313/1821/1623 1319/1857/1648 1314/1819/1622
f 1309/1850/1641 1310/1858/1649 1349/1851/1642
f 1349/1851/1642 1310/1858/1649 1350/1859/1650
f 1349/1851/1642 1350/1859/1650 1344/1852/1643
f 1344/1852/1643 1350/1859/1650 1345/1860/1651
f 1344/1852/1643 1345/1860/1651 1339/1853/1644
f 1339/1853/1644 1345/1860/1651 1340/1861/1652
f 1339/1853/1644 1340/1861/1652 1334/1854/1645
f 1334/1854/1645 1340/1861/1652 1335/1862/1653
f 1334/1854/1645 1335/1862/1653 1329/1855/1646
f 1329/1855/1646 1335/1862/1653 1330/1863/1654
f 1329/1855/1646 1330/1863/1654 1324/1856/1647
f 1324/1856/1647 1330/1863/1654 1325/1864/1655
f 1324/1856/1647 1325/1864/1655 1319/1857/1648
f 1319/1857/1648 1325/1864/1655 1320/1865/1656
f 1319/1857/1648 1320/1865/1656 1314/1819/1622
f 1314/1819/1622 1320/1865/1656 1315/1817/1621
f 1310/1858/1649 1311/1866/1657 1350/1859/1650
f 1350/1859/1650 1311/1866/1657 1351/1867/1658
f 1350/1859/1650 1351/1867/1658 1345/1860/1651
f 1345/1860/1651 1351/1867/1658 1346/1868/1659
f 1345/1860/1651 1346/1868/1659 1340/1861/1652
f 1340/1861/1652 1346/1868/1659 1341/1869/1660
f 1340/1861/1652 1341/1869/1660 1335/1862/1653
f 1335/1862/1653 1341/1869/1660 1336/1870/1661
f 1335/1862/1653 1336/1870/1661 1330/1863/1654
f 1330/1863/1654 1336/1870/1661 1331/1871/1662
f 1330/1863/1654 1331/1871/1662 1325/1864/1655
f 1325/1864/1655 1331/1871/1662 1326/1872/1663
f 1325/1864/1655 1326/1872/1663 1320/1865/1656
f 1320/1865/1656 1326/1872/1663 1321/1873/1664
f 1320/1865/1656 1321/1873/1664 1315/1817/1621
f 1315/1817/1621 1321/1873/1664 1316/1814/1620
f 1311/1866/1657 341/1874/436 1351/1867/1658
f 1351/1867/1658 341/1874/436 340/1875/445
f 1351/1867/1658 340/1875/445 1346/1868/1659
f 1346/1868/1659 340/1875/445 339/1876/444
f 1346/1868/1659 339/1876/444 1341/1869/1660
f 1341/1869/1660 339/1876/444 338/1877/443
f 1341/1869/1660 338/1877/443 1336/1870/1661
f 1336/1870/1661 338/1877/443 337/1878/442
f 1336/1870/1661 337/1878/442 1331/1871/1662
f 1331/1871/1662 337/1878/442 336/1879/441
f 1331/1871/1662 336/1879/441 1326/1872/1663
f 1326/1872/1663 336/1879/441 335/1880/440
f 1326/1872/1663 335/1880/440 1321/1873/1664
f 1321/1873/1664 335/1880/440 334/1812/435
f 1321/1873/1664 334/1812/435 1316/1814/1620
f 775/1881/1665 1360/1882/1666 249/1883/353
f 249/1883/353 1360/1882/1666 1361/1884/1667
f 249/1883/353 1361/1884/1667 250/1885/346
f 250/1885/346 1361/1884/1667 1277/1886/1598
f 1277/1886/1598 1361/1884/1667 1278/1887/1596
f 1278/1887/1596 1361/1884/1667 1363/1888/1668
f 1278/1887/1596 1363/1888/1668 1279/1889/1594
f 1279/1889/1594 1363/1888/1668 1366/1890/1669
f 1279/1889/1594 1366/1890/1669 1280/1891/1592
f 1280/1891/1592 1366/1890/1669 1369/1892/1670
f 1280/1891/1592 1369/1892/1670 1372/1893/1671
f 1372/1893/1671 1369/1892/1670 1371/1894/1672
f 1372/1893/1671 1371/1894/1672 270/1895/371
f 270/1895/371 1371/1894/1672 767/1896/1673
f 270/1895/371 767/1896/1673 766/1897/1674
f 775/1881/1665 774/1898/1675 1360/1882/1666
f 1360/1882/1666 774/1898/1675 1362/1899/1676
f 1360/1882/1666 1362/1899/1676 1363/1888/1668
f 1363/1888/1668 1362/1899/1676 1366/1890/1669
f 774/1898/1675 773/1900/1677 1362/1899/1676
f 1362/1899/1676 773/1900/1677 1365/1901/1678
f 1362/1899/1676 1365/1901/1678 1366/1890/1669
f 1366/1890/1669 1365/1901/1678 1369/1892/1670
f 1365/1901/1678 773/1900/1677 1364/1902/1679
f 1364/1902/1679 773/1900/1677 772/1903/1680
f 1364/1902/1679 772/1903/1680 1368/1904/1681
f 1368/1904/1681 772/1903/1680 1367/1905/1682
f 1368/1904/1681 1367/1905/1682 1370/1906/1683
f 1370/1906/1683 1367/1905/1682 771/1907/1684
f 1370/1906/1683 771/1907/1684 770/1908/1685
f 772/1903/1680 771/1907/1684 1367/1905/1682
f 770/1908/1685 769/1909/1686 1370/1906/1683
f 1370/1906/1683 769/1909/1686 768/1910/1687
f 1370/1906/1683 768/1910/1687 1371/1894/1672
f 1371/1894/1672 768/1910/1687 767/1896/1673
f 270/1895/371 766/1897/1674 271/1911/372
f 271/1911/372 766/1897/1674 765/1912/1688
f 271/1911/372 765/1912/1688 764/1913/1689
f 763/1914/1690 1373/1915/1691 764/1913/1689
f 764/1913/1689 1373/1915/1691 1374/1916/1692
f 764/1913/1689 1374/1916/1692 1359/1917/1693
f 1359/1917/1693 1374/1916/1692 1358/1918/1694
f 1358/1918/1694 1374/1916/1692 1376/1919/1695
f 1358/1918/1694 1376/1919/1695 1357/1920/1696
f 1357/1920/1696 1376/1919/1695 1378/1921/1697
f 1357/1920/1696 1378/1921/1697 1356/1922/1698
f 1356/1922/1698 1378/1921/1697 1355/1923/1699
f 1355/1923/1699 1378/1921/1697 1380/1924/1700
f 1355/1923/1699 1380/1924/1700 1354/1925/1701
f 1354/1925/1701 1380/1924/1700 1382/1926/1702
f 1354/1925/1701 1382/1926/1702 1353/1927/1703
f 1353/1927/1703 1382/1926/1702 1352/1928/1704
f 1352/1928/1704 1382/1926/1702 342/1929/657
f 342/1929/657 1382/1926/1702 552/1930/664
f 552/1930/664 1382/1926/1702 1381/1931/1705
f 552/1930/664 1381/1931/1705 757/1932/1706
f 757/1932/1706 1381/1931/1705 758/1933/1707
f 758/1933/1707 1381/1931/1705 1379/1934/1708
f 758/1933/1707 1379/1934/1708 759/1935/1709
f 759/1935/1709 1379/1934/1708 1377/1936/1710
f 759/1935/1709 1377/1936/1710 760/1937/1711
f 760/1937/1711 1377/1936/1710 1375/1938/1712
f 760/1937/1711 1375/1938/1712 761/1939/1713
f 761/1939/1713 1375/1938/1712 1373/1915/1691
f 761/1939/1713 1373/1915/1691 762/1940/1714
f 762/1940/1714 1373/1915/1691 763/1914/1690
f 1359/1917/1693 551/1941/655 764/1913/1689
f 764/1913/1689 551/1941/655 271/1911/372
f 270/1895/371 1281/1942/1590 1372/1893/1671
f 1372/1893/1671 1281/1942/1590 1280/1891/1592
f 1363/1888/1668 1361/1884/1667 1360/1882/1666
f 1369/1892/1670 1365/1901/1678 1368/1904/1681
f 1368/1904/1681 1365/1901/1678 1364/1902/1679
f 1371/1894/1672 1369/1892/1670 1368/1904/1681
f 1371/1894/1672 1368/1904/1681 1370/1906/1683
f 1376/1919/1695 1374/1916/1692 1373/1915/1691
f 1378/1921/1697 1376/1919/1695 1375/1938/1712
f 1375/1938/1712 1376/1919/1695 1373/1915/1691
f 1380/1924/1700 1378/1921/1697 1377/1936/1710
f 1377/1936/1710 1378/1921/1697 1375/1938/1712
f 1382/1926/1702 1380/1924/1700 1379/1934/1708
f 1379/1934/1708 1380/1924/1700 1377/1936/1710
f 1381/1931/1705 1382/1926/1702 1379/1934/1708
f 1311/1943/1657 1383/1944/1715 341/1945/436
f 341/1945/436 1383/1944/1715 1384/1946/1716
f 341/1945/436 1384/1946/1716 1385/1947/1717
f 1385/1947/1717 1384/1946/1716 1397/1948/1718
f 1385/1947/1717 1397/1948/1718 1398/1949/1719
f 1398/1949/1719 1397/1948/1718 1410/1950/1720
f 1398/1949/1719 1410/1950/1720 1411/1951/1721
f 1411/1951/1721 1410/1950/1720 1423/1952/1722
f 1411/1951/1721 1423/1952/1722 1424/1953/1723
f 1424/1953/1723 1423/1952/1722 1436/1954/1724
f 1424/1953/1723 1436/1954/1724 1437/1955/1725
f 1437/1955/1725 1436/1954/1724 551/1956/655
f 1437/1955/1725 551/1956/655 1438/1957/1726
f 1438/1957/1726 551/1956/655 1439/1958/1727
f 1438/1957/1726 1439/1958/1727 1426/1959/1728
f 1426/1959/1728 1439/1958/1727 1427/1960/1729
f 1426/1959/1728 1427/1960/1729 1414/1961/1730
f 1414/1961/1730 1427/1960/1729 1415/1962/1731
f 1414/1961/1730 1415/1962/1731 1402/1963/1732
f 1402/1963/1732 1415/1962/1731 1403/1964/1733
f 1402/1963/1732 1403/1964/1733 1390/1965/1734
f 1390/1965/1734 1403/1964/1733 1391/1966/1735
f 1390/1965/1734 1391/1966/1735 1352/1967/1736
f 1352/1967/1736 1391/1966/1735 1392/1968/1737
f 1352/1967/1736 1392/1968/1737 1393/1969/1738
f 1393/1969/1738 1392/1968/1737 1405/1970/1739
f 1393/1969/1738 1405/1970/1739 1406/1971/1740
f 1406/1971/1740 1405/1970/1739 1418/1972/1741
f 1406/1971/1740 1418/1972/1741 1355/1973/1742
f 1355/1973/1742 1418/1972/1741 1356/1974/1743
f 1356/1974/1743 1418/1972/1741 1357/1975/1744
f 1357/1975/1744 1418/1972/1741 1430/1976/1745
f 1357/1975/1744 1430/1976/1745 1358/1977/1746
f 1358/1977/1746 1430/1976/1745 1442/1978/1747
f 1358/1977/1746 1442/1978/1747 1359/1979/1748
f 1359/1979/1748 1442/1978/1747 551/1956/655
f 551/1956/655 1442/1978/1747 1441/1980/1749
f 551/1956/655 1441/1980/1749 1440/1981/1750
f 1440/1981/1750 1441/1980/1749 1428/1982/1751
f 1440/1981/1750 1428/1982/1751 1427/1960/1729
f 1427/1960/1729 1428/1982/1751 1415/1962/1731
f 1383/1944/1715 1311/1943/1657 1395/1983/1752
f 1395/1983/1752 1311/1943/1657 1310/1984/1649
f 1395/1983/1752 1310/1984/1649 1407/1985/1753
f 1407/1985/1753 1310/1984/1649 1309/1986/1641
f 1407/1985/1753 1309/1986/1641 1419/1987/1754
f 1419/1987/1754 1309/1986/1641 1308/1988/1633
f 1419/1987/1754 1308/1988/1633 1431/1989/1755
f 1431/1989/1755 1308/1988/1633 1307/1990/1632
f 1431/1989/1755 1307/1990/1632 315/1991/434
f 551/1956/655 1436/1954/1724 315/1991/434
f 315/1991/434 1436/1954/1724 1435/1992/1756
f 315/1991/434 1435/1992/1756 1434/1993/1757
f 1434/1993/1757 1435/1992/1756 1422/1994/1758
f 1434/1993/1757 1422/1994/1758 1421/1995/1759
f 1421/1995/1759 1422/1994/1758 1409/1996/1760
f 1421/1995/1759 1409/1996/1760 1408/1997/1761
f 1408/1997/1761 1409/1996/1760 1396/1998/1762
f 1408/1997/1761 1396/1998/1762 1395/1983/1752
f 1395/1983/1752 1396/1998/1762 1383/1944/1715
f 1355/1973/1742 1354/1999/1763 1406/1971/1740
f 1406/1971/1740 1354/1999/1763 1394/2000/1764
f 1406/1971/1740 1394/2000/1764 1393/1969/1738
f 1393/1969/1738 1394/2000/1764 1352/1967/1736
f 1354/1999/1763 1353/2001/1765 1394/2000/1764
f 1394/2000/1764 1353/2001/1765 1352/1967/1736
f 342/2002/446 341/1945/436 1352/1967/1736
f 1352/1967/1736 341/1945/436 1389/2003/1766
f 1352/1967/1736 1389/2003/1766 1390/1965/1734
f 1390/1965/1734 1389/2003/1766 1402/1963/1732
f 1397/1948/1718 1384/1946/1716 1396/1998/1762
f 1396/1998/1762 1384/1946/1716 1383/1944/1715
f 1385/1947/1717 1386/2004/1767 341/1945/436
f 341/1945/436 1386/2004/1767 1387/2005/1768
f 341/1945/436 1387/2005/1768 1388/2006/1769
f 1388/2006/1769 1387/2005/1768 1400/2007/1770
f 1388/2006/1769 1400/2007/1770 1401/2008/1771
f 1401/2008/1771 1400/2007/1770 1413/2009/1772
f 1401/2008/1771 1413/2009/1772 1414/1961/1730
f 1414/1961/1730 1413/2009/1772 1426/1959/1728
f 1385/1947/1717 1398/1949/1719 1386/2004/1767
f 1386/2004/1767 1398/1949/1719 1399/2010/1773
f 1386/2004/1767 1399/2010/1773 1387/2005/1768
f 1387/2005/1768 1399/2010/1773 1400/2007/1770
f 1389/2003/1766 341/1945/436 1388/2006/1769
f 1402/1963/1732 1389/2003/1766 1401/2008/1771
f 1401/2008/1771 1389/2003/1766 1388/2006/1769
f 1392/1968/1737 1391/1966/1735 1404/2011/1774
f 1404/2011/1774 1391/1966/1735 1403/1964/1733
f 1404/2011/1774 1403/1964/1733 1416/2012/1775
f 1416/2012/1775 1403/1964/1733 1415/1962/1731
f 1416/2012/1775 1415/1962/1731 1428/1982/1751
f 1408/1997/1761 1395/1983/1752 1407/1985/1753
f 1410/1950/1720 1397/1948/1718 1409/1996/1760
f 1409/1996/1760 1397/1948/1718 1396/1998/1762
f 1398/1949/1719 1411/1951/1721 1399/2010/1773
f 1399/2010/1773 1411/1951/1721 1412/2013/1776
f 1399/2010/1773 1412/2013/1776 1400/2007/1770
f 1400/2007/1770 1412/2013/1776 1413/2009/1772
f 1414/1961/1730 1402/1963/1732 1401/2008/1771
f 1392/1968/1737 1404/2011/1774 1405/1970/1739
f 1405/1970/1739 1404/2011/1774 1417/2014/1777
f 1405/1970/1739 1417/2014/1777 1418/1972/1741
f 1418/1972/1741 1417/2014/1777 1430/1976/1745
f 1417/2014/1777 1404/2011/1774 1416/2012/1775
f 1408/1997/1761 1407/1985/1753 1420/2015/1778
f 1420/2015/1778 1407/1985/1753 1419/1987/1754
f 1420/2015/1778 1419/1987/1754 1432/2016/1779
f 1432/2016/1779 1419/1987/1754 1431/1989/1755
f 1432/2016/1779 1431/1989/1755 315/1991/434
f 1423/1952/1722 1410/1950/1720 1422/1994/1758
f 1422/1994/1758 1410/1950/1720 1409/1996/1760
f 1411/1951/1721 1424/1953/1723 1412/2013/1776
f 1412/2013/1776 1424/1953/1723 1425/2017/1780
f 1412/2013/1776 1425/2017/1780 1413/2009/1772
f 1413/2009/1772 1425/2017/1780 1426/1959/1728
f 1417/2014/1777 1416/2012/1775 1429/2018/1781
f 1429/2018/1781 1416/2012/1775 1428/1982/1751
f 1429/2018/1781 1428/1982/1751 1441/1980/1749
f 1408/1997/1761 1420/2015/1778 1421/1995/1759
f 1421/1995/1759 1420/2015/1778 1433/2019/1782
f 1421/1995/1759 1433/2019/1782 1434/1993/1757
f 1434/1993/1757 1433/2019/1782 315/1991/434
f 1433/2019/1782 1420/2015/1778 1432/2016/1779
f 1436/1954/1724 1423/1952/1722 1435/1992/1756
f 1435/1992/1756 1423/1952/1722 1422/1994/1758
f 1438/1957/1726 1426/1959/1728 1425/2017/1780
f 1438/1957/1726 1425/2017/1780 1437/1955/1725
f 1437/1955/1725 1425/2017/1780 1424/1953/1723
f 1440/1981/1750 1427/1960/1729 1439/1958/1727
f 1442/1978/1747 1430/1976/1745 1429/2018/1781
f 1429/2018/1781 1430/1976/1745 1417/2014/1777
f 1442/1978/1747 1429/2018/1781 1441/1980/1749
f 315/1991/434 1433/2019/1782 1432/2016/1779
f 551/1956/655 1440/1981/1750 1439/1958/1727
f 1444/2020/1783 381/2021/1784 1443/2022/1785
f 1443/2022/1785 381/2021/1784 380/2023/1786
f 1443/2024/1785 380/2025/1786 1480/2026/1787
f 1480/2026/1787 380/2025/1786 417/2027/1788
f 1480/2026/1787 417/2027/1788 1479/2028/1789
f 1479/2028/1789 417/2027/1788 416/2029/1790
f 1479/2028/1789 416/2029/1790 1478/2030/1791
f 1478/2030/1791 416/2029/1790 415/2031/1792
f 1478/2030/1791 415/2031/1792 1477/2032/1793
f 1477/2032/1793 415/2031/1792 414/2033/1794
f 1477/2032/1793 414/2033/1794 1476/2034/1795
f 1476/2034/1795 414/2033/1794 413/2035/1796
f 1476/2034/1795 413/2035/1796 1475/2036/1797
f 1475/2036/1797 413/2035/1796 412/2037/1798
f 1475/2036/1797 412/2037/1798 1474/2038/1799
f 1474/2038/1799 412/2037/1798 411/2039/1800
f 1474/2038/1799 411/2039/1800 1473/2040/1801
f 1473/2040/1801 411/2039/1800 410/2041/1802
f 1473/2040/1801 410/2041/1802 1472/2042/1803
f 1472/2042/1803 410/2041/1802 409/2043/1804
f 1472/2042/1803 409/2043/1804 1471/2044/1805
f 1471/2044/1805 409/2043/1804 408/2045/1806
f 1471/2044/1805 408/2045/1806 1470/2046/1807
f 1470/2046/1807 408/2045/1806 407/2047/1808
f 1470/2046/1807 407/2047/1808 1469/2048/1809
f 1469/2048/1809 407/2047/1808 406/2049/1810
f 1469/2048/1809 406/2049/1810 1468/2050/1811
f 1468/2050/1811 406/2049/1810 405/2051/1812
f 1468/2050/1811 405/2051/1812 1467/2052/1813
f 1467/2052/1813 405/2051/1812 404/2053/1814
f 1467/2052/1813 404/2053/1814 1466/2054/1815
f 1466/2054/1815 404/2053/1814 403/2055/1816
f 1466/2054/1815 403/2055/1816 1465/2056/1817
f 1465/2056/1817 403/2055/1816 402/2057/1818
f 1465/2056/1817 402/2057/1818 1464/2058/1819
f 1464/2058/1819 402/2057/1818 401/2059/1820
f 1464/2058/1819 401/2059/1820 1463/2060/1821
f 1463/2060/1821 401/2059/1820 400/2061/1822
f 1463/2060/1821 400/2061/1822 1462/2062/1823
f 1462/2062/1823 400/2061/1822 399/2063/1824
f 1462/2062/1823 399/2063/1824 1461/2064/1825
f 1461/2064/1825 399/2063/1824 398/2065/1826
f 1461/2064/1825 398/2065/1826 1460/2066/1827
f 1460/2066/1827 398/2065/1826 397/2067/1828
f 1460/2066/1827 397/2067/1828 1459/2068/1829
f 1459/2068/1829 397/2067/1828 396/2069/1830
f 1459/2068/1829 396/2069/1830 1458/2070/1831
f 1458/2070/1831 396/2069/1830 395/2071/1832
f 1458/2070/1831 395/2071/1832 1457/2072/1833
f 1457/2072/1833 395/2071/1832 394/2073/1834
f 1457/2072/1833 394/2073/1834 1456/2074/1835
f 1456/2074/1835 394/2073/1834 393/2075/1836
f 1456/2074/1835 393/2075/1836 1455/2076/1837
f 1455/2076/1837 393/2075/1836 392/2077/1838
f 1455/2076/1837 392/2077/1838 1454/2078/1839
f 1454/2078/1839 392/2077/1838 391/2079/1840
f 1454/2078/1839 391/2079/1840 1453/2080/1841
f 1453/2080/1841 391/2079/1840 390/2081/1842
f 1453/2080/1841 390/2081/1842 1452/2082/1843
f 1452/2082/1843 390/2081/1842 389/2083/1844
f 1452/2082/1843 389/2083/1844 1451/2084/1845
f 1451/2084/1845 389/2083/1844 388/2085/1846
f 1451/2084/1845 388/2085/1846 1450/2086/1847
f 1450/2086/1847 388/2085/1846 387/2087/1848
f 1450/2086/1847 387/2087/1848 1449/2088/1849
f 1449/2088/1849 387/2087/1848 386/2089/1850
f 1449/2088/1849 386/2089/1850 1448/2090/1851
f 1448/2090/1851 386/2089/1850 385/2091/1852
f 1448/2090/1851 385/2091/1852 1447/2092/1853
f 1447/2092/1853 385/2091/1852 384/2093/1854
f 1447/2092/1853 384/2093/1854 1446/2094/1855
f 1446/2094/1855 384/2093/1854 383/2095/1856
f 1446/2094/1855 383/2095/1856 1445/2096/1857
f 1445/2096/1857 383/2095/1856 382/2097/1858
f 1445/2096/1857 382/2097/1858 1444/2020/1783
f 1444/2020/1783 382/2097/1858 381/2021/1784
f 1444/2098/1859 1443/2099/1860 171/2100/1861
f 171/2100/1861 1443/2099/1860 1480/2101/1862
f 171/2100/1861 1480/2101/1862 172/2102/1863
f 172/2102/1863 1480/2101/1862 1479/2103/1864
f 172/2102/1863 1479/2103/1864 173/2104/1865
f 173/2104/1865 1479/2103/1864 1478/2105/1866
f 173/2104/1865 1478/2105/1866 174/2106/1867
f 174/2106/1867 1478/2105/1866 1477/2107/1868
f 174/2106/1867 1477/2107/1868 175/2108/1869
f 175/2108/1869 1477/2107/1868 1476/2109/1870
f 175/2108/1869 1476/2109/1870 176/2110/1871
f 176/2110/1871 1476/2109/1870 1475/2111/1872
f 176/2110/1871 1475/2111/1872 177/2112/1873
f 177/2112/1873 1475/2111/1872 1474/2113/1874
f 177/2112/1873 1474/2113/1874 178/2114/1875
f 178/2114/1875 1474/2113/1874 1473/2115/1876
f 178/2114/1875 1473/2115/1876 1472/2116/1877
f 178/2114/1875 1472/2116/1877 179/2117/1878
f 179/2117/1878 1472/2116/1877 1471/2118/1879
f 179/2117/1878 1471/2118/1879 180/2119/1880
f 180/2119/1880 1471/2118/1879 1470/2120/1881
f 180/2119/1880 1470/2120/1881 181/2121/1882
f 181/2121/1882 1470/2120/1881 1469/2122/1883
f 181/2121/1882 1469/2122/1883 182/2123/1884
f 182/2123/1884 1469/2122/1883 1468/2124/1885
f 182/2123/1884 1468/2124/1885 183/2125/1886
f 183/2125/1886 1468/2124/1885 1467/2126/1887
f 183/2125/1886 1467/2126/1887 184/2127/1888
f 184/2127/1888 1467/2126/1887 1466/2128/1889
f 184/2127/1888 1466/2128/1889 1465/2129/1890
f 184/2127/1888 1465/2129/1890 185/2130/1891
f 185/2130/1891 1465/2129/1890 1464/2131/1892
f 185/2130/1891 1464/2131/1892 186/2132/1893
f 186/2132/1893 1464/2131/1892 1463/2133/1894
f 186/2132/1893 1463/2133/1894 187/2134/1895
f 187/2134/1895 1463/2133/1894 1462/2135/1896
f 187/2134/1895 1462/2135/1896 188/2136/1897
f 188/2136/1897 1462/2135/1896 1461/2137/1898
f 188/2136/1897 1461/2137/1898 189/2138/1899
f 189/2138/1899 1461/2137/1898 1460/2139/1900
f 189/2138/1899 1460/2139/1900 190/2140/1901
f 190/2140/1901 1460/2139/1900 1459/2141/1902
f 190/2140/1901 1459/2141/1902 191/2142/1903
f 191/2142/1903 1459/2141/1902 1458/2143/1904
f 191/2142/1903 1458/2143/1904 1457/2144/1905
f 191/2142/1903 1457/2144/1905 192/2145/1906
f 192/2145/1906 1457/2144/1905 1456/2146/1907
f 192/2145/1906 1456/2146/1907 193/2147/1908
f 193/2147/1908 1456/2146/1907 1455/2148/1909
f 193/2147/1908 1455/2148/1909 194/2149/1910
f 194/2149/1910 1455/2148/1909 1454/2150/1911
f 194/2149/1910 1454/2150/1911 195/2151/1912
f 195/2151/1912 1454/2150/1911 1453/2152/1913
f 195/2151/1912 1453/2152/1913 196/2153/1914
f 196/2153/1914 1453/2152/1913 1452/2154/1915
f 196/2153/1914 1452/2154/1915 197/2155/1916
f 197/2155/1916 1452/2154/1915 1451/2156/1917
f 197/2155/1916 1451/2156/1917 1450/2157/1918
f 197/2155/1916 1450/2157/1918 198/2158/1919
f 198/2158/1919 1450/2157/1918 1449/2159/1920
f 198/2158/1919 1449/2159/1920 199/2160/1921
f 199/2160/1921 1449/2159/1920 1448/2161/1922
f 199/2160/1921 1448/2161/1922 200/2162/1923
f 200/2162/1923 1448/2161/1922 1447/2163/1924
f 200/2162/1923 1447/2163/1924 201/2164/1925
f 201/2164/1925 1447/2163/1924 1446/2165/1926
f 201/2164/1925 1446/2165/1926 202/2166/1927
f 202/2166/1927 1446/2165/1926 1445/2167/1928
f 202/2166/1927 1445/2167/1928 203/2168/1929
f 203/2168/1929 1445/2167/1928 1444/2098/1859
f 203/2168/1929 1444/2098/1859 171/2100/1861
f 1482/2169/1930 533/2170/1931 1481/2171/1932
f 1481/2171/1932 533/2170/1931 532/2172/1933
f 1481/2173/1932 532/2174/1933 1518/2175/1934
f 1518/2175/1934 532/2174/1933 531/2176/1935
f 1518/2175/1934 531/2176/1935 1517/2177/1936
f 1517/2177/1936 531/2176/1935 530/2178/1937
f 1517/2177/1936 530/2178/1937 1516/2179/1938
f 1516/2179/1938 530/2178/1937 529/2180/1939
f 1516/2179/1938 529/2180/1939 1515/2181/1940
f 1515/2181/1940 529/2180/1939 528/2182/1941
f 1515/2181/1940 528/2182/1941 1514/2183/1942
f 1514/2183/1942 528/2182/1941 527/2184/1943
f 1514/2183/1942 527/2184/1943 1513/2185/1944
f 1513/2185/1944 527/2184/1943 526/2186/1945
f 1513/2185/1944 526/2186/1945 1512/2187/1946
f 1512/2187/1946 526/2186/1945 525/2188/1947
f 1512/2187/1946 525/2188/1947 1511/2189/1948
f 1511/2189/1948 525/2188/1947 524/2190/1949
f 1511/2189/1948 524/2190/1949 1510/2191/1950
f 1510/2191/1950 524/2190/1949 523/2192/1951
f 1510/2191/1950 523/2192/1951 1509/2193/1952
f 1509/2193/1952 523/2192/1951 522/2194/1953
f 1509/2193/1952 522/2194/1953 1508/2195/1954
f 1508/2195/1954 522/2194/1953 521/2196/1955
f 1508/2195/1954 521/2196/1955 1507/2197/1956
f 1507/2197/1956 521/2196/1955 520/2198/1957
f 1507/2197/1956 520/2198/1957 1506/2199/1958
f 1506/2199/1958 520/2198/1957 519/2200/1959
f 1506/2199/1958 519/2200/1959 1505/2201/1960
f 1505/2201/1960 519/2200/1959 518/2202/1961
f 1505/2201/1960 518/2202/1961 1504/2203/1962
f 1504/2203/1962 518/2202/1961 517/2204/1963
f 1504/2203/1962 517/2204/1963 1503/2205/1964
f 1503/2205/1964 517/2204/1963 516/2206/1965
f 1503/2205/1964 516/2206/1965 1502/2207/1966
f 1502/2207/1966 516/2206/1965 515/2208/1967
f 1502/2207/1966 515/2208/1967 1501/2209/1968
f 1501/2209/1968 515/2208/1967 514/2210/1969
f 1501/2209/1968 514/2210/1969 1500/2211/1970
f 1500/2211/1970 514/2210/1969 513/2212/1971
f 1500/2211/1970 513/2212/1971 1499/2213/1972
f 1499/2213/1972 513/2212/1971 550/2214/1973
f 1499/2213/1972 550/2214/1973 1498/2215/1974
f 1498/2215/1974 550/2214/1973 549/2216/1975
f 1498/2215/1974 549/2216/1975 1497/2217/1976
f 1497/2217/1976 549/2216/1975 548/2218/1977
f 1497/2217/1976 548/2218/1977 1496/2219/1978
f 1496/2219/1978 548/2218/1977 547/2220/1979
f 1496/2219/1978 547/2220/1979 1495/2221/1980
f 1495/2221/1980 547/2220/1979 546/2222/1981
f 1495/2221/1980 546/2222/1981 1494/2223/1982
f 1494/2223/1982 546/2222/1981 545/2224/1983
f 1494/2223/1982 545/2224/1983 1493/2225/1984
f 1493/2225/1984 545/2224/1983 544/2226/1985
f 1493/2225/1984 544/2226/1985 1492/2227/1986
f 1492/2227/1986 544/2226/1985 543/2228/1987
f 1492/2227/1986 543/2228/1987 1491/2229/1988
f 1491/2229/1988 543/2228/1987 542/2230/1989
f 1491/2229/1988 542/2230/1989 1490/2231/1990
f 1490/2231/1990 542/2230/1989 541/2232/1991
f 1490/2231/1990 541/2232/1991 1489/2233/1992
f 1489/2233/1992 541/2232/1991 540/2234/1993
f 1489/2233/1992 540/2234/1993 1488/2235/1994
f 1488/2235/1994 540/2234/1993 539/2236/1995
f 1488/2235/1994 539/2236/1995 1487/2237/1996
f 1487/2237/1996 539/2236/1995 538/2238/1997
f 1487/2237/1996 538/2238/1997 1486/2239/1998
f 1486/2239/1998 538/2238/1997 537/2240/1999
f 1486/2239/1998 537/2240/1999 1485/2241/2000
f 1485/2241/2000 537/2240/1999 536/2242/2001
f 1485/2241/2000 536/2242/2001 1484/2243/2002
f 1484/2243/2002 536/2242/2001 535/2244/2003
f 1484/2243/2002 535/2244/2003 1483/2245/2004
f 1483/2245/2004 535/2244/2003 534/2246/2005
f 1483/2245/2004 534/2246/2005 1482/2169/1930
f 1482/2169/1930 534/2246/2005 533/2170/1931
f 1482/2247/2006 1481/2248/2007 138/2249/2008
f 138/2249/2008 1481/2248/2007 1518/2250/2009
f 138/2249/2008 1518/2250/2009 139/2251/2010
f 139/2251/2010 1518/2250/2009 1517/2252/2011
f 139/2251/2010 1517/2252/2011 140/2253/2012
f 140/2253/2012 1517/2252/2011 1516/2254/2013
f 140/2253/2012 1516/2254/2013 141/2255/2014
f 141/2255/2014 1516/2254/2013 1515/2256/2015
f 141/2255/2014 1515/2256/2015 142/2257/2016
f 142/2257/2016 1515/2256/2015 1514/2258/2017
f 142/2257/2016 1514/2258/2017 143/2259/2018
f 143/2259/2018 1514/2258/2017 1513/2260/2019
f 143/2259/2018 1513/2260/2019 144/2261/2020
f 144/2261/2020 1513/2260/2019 1512/2262/2021
f 144/2261/2020 1512/2262/2021 145/2263/2022
f 145/2263/2022 1512/2262/2021 1511/2264/2023
f 145/2263/2022 1511/2264/2023 1510/2265/2024
f 145/2263/2022 1510/2265/2024 146/2266/2025
f 146/2266/2025 1510/2265/2024 1509/2267/2026
f 146/2266/2025 1509/2267/2026 147/2268/2027
f 147/2268/2027 1509/2267/2026 1508/2269/2028
f 147/2268/2027 1508/2269/2028 148/2270/2029
f 148/2270/2029 1508/2269/2028 1507/2271/2030
f 148/2270/2029 1507/2271/2030 149/2272/2031
f 149/2272/2031 1507/2271/2030 1506/2273/2032
f 149/2272/2031 1506/2273/2032 150/2274/2033
f 150/2274/2033 1506/2273/2032 1505/2275/2034
f 150/2274/2033 1505/2275/2034 151/2276/2035
f 151/2276/2035 1505/2275/2034 1504/2277/2036
f 151/2276/2035 1504/2277/2036 1503/2278/2037
f 151/2276/2035 1503/2278/2037 152/2279/2038
f 152/2279/2038 1503/2278/2037 1502/2280/2039
f 152/2279/2038 1502/2280/2039 153/2281/2040
f 153/2281/2040 1502/2280/2039 1501/2282/2041
f 153/2281/2040 1501/2282/2041 154/2283/2042
f 154/2283/2042 1501/2282/2041 1500/2284/2043
f 154/2283/2042 1500/2284/2043 155/2285/2044
f 155/2285/2044 1500/2284/2043 1499/2286/2045
f 155/2285/2044 1499/2286/2045 156/2287/2046
f 156/2287/2046 1499/2286/2045 1498/2288/2047
f 156/2287/2046 1498/2288/2047 157/2289/2048
f 157/2289/2048 1498/2288/2047 1497/2290/2049
f 157/2289/2048 1497/2290/2049 158/2291/2050
f 158/2291/2050 1497/2290/2049 1496/2292/2051
f 158/2291/2050 1496/2292/2051 1495/2293/2052
f 158/2291/2050 1495/2293/2052 159/2294/2053
f 159/2294/2053 1495/2293/2052 1494/2295/2054
f 159/2294/2053 1494/2295/2054 160/2296/2055
f 160/2296/2055 1494/2295/2054 1493/2297/2056
f 160/2296/2055 1493/2297/2056 161/2298/2057
f 161/2298/2057 1493/2297/2056 1492/2299/2058
f 161/2298/2057 1492/2299/2058 162/2300/2059
f 162/2300/2059 1492/2299/2058 1491/2301/2060
f 162/2300/2059 1491/2301/2060 163/2302/2061
f 163/2302/2061 1491/2301/2060 1490/2303/2062
f 163/2302/2061 1490/2303/2062 164/2304/2063
f 164/2304/2063 1490/2303/2062 1489/2305/2064
f 164/2304/2063 1489/2305/2064 1488/2306/2065
f 164/2304/2063 1488/2306/2065 165/2307/2066
f 165/2307/2066 1488/2306/2065 1487/2308/2067
f 165/2307/2066 1487/2308/2067 166/2309/2068
f 166/2309/2068 1487/2308/2067 1486/2310/2069
f 166/2309/2068 1486/2310/2069 167/2311/2070
f 167/2311/2070 1486/2310/2069 1485/2312/2071
f 167/2311/2070 1485/2312/2071 168/2313/2072
f 168/2313/2072 1485/2312/2071 1484/2314/2073
f 168/2313/2072 1484/2314/2073 169/2315/2074
f 169/2315/2074 1484/2314/2073 1483/2316/2075
f 169/2315/2074 1483/2316/2075 170/2317/2076
f 170/2317/2076 1483/2316/2075 1482/2247/2006
f 170/2317/2076 1482/2247/2006 138/2249/2008
usemtl Opaque(255,255,255)
f 224/2318/2077 223/2319/2078 213/2320/2079
f 213/2320/2079 223/2319/2078 214/2321/2080
f 223/2322/2081 222/2323/2082 214/2324/2083
f 214/2324/2083 222/2323/2082 215/2325/2084
f 215/2325/2084 222/2323/2082 216/2326/2085
f 216/2326/2085 222/2323/2082 221/2327/2086
f 216/2326/2085 221/2327/2086 217/2328/2087
f 217/2328/2087 221/2327/2086 220/2329/2088
f 217/2328/2087 220/2329/2088 218/2330/2089
f 218/2330/2089 220/2329/2088 219/2331/2090
f 205/2332/2091 204/2333/2092 232/2334/2093
f 232/2334/2093 204/2333/2092 233/2335/2094
f 233/2336/2095 204/2337/2096 234/2338/2097
f 234/2338/2097 204/2337/2096 241/2339/2098
f 234/2338/2097 241/2339/2098 240/2340/2099
f 234/2338/2097 240/2340/2099 235/2341/2100
f 235/2341/2100 240/2340/2099 239/2342/2101
f 235/2341/2100 239/2342/2101 236/2343/2102
f 236/2343/2102 239/2342/2101 238/2344/2103
f 236/2343/2102 238/2344/2103 237/2345/2104
f 100/2346/2105 137/2347/2106 127/2348/2107
f 127/2348/2107 137/2347/2106 128/2349/2108
f 128/2350/2109 137/2351/2110 129/2352/2111
f 129/2352/2111 137/2351/2110 136/2353/2112
f 129/2352/2111 136/2353/2112 135/2354/2113
f 129/2352/2111 135/2354/2113 130/2355/2114
f 130/2355/2114 135/2354/2113 134/2356/2115
f 130/2355/2114 134/2356/2115 131/2357/2116
f 131/2357/2116 134/2356/2115 133/2358/2117
f 131/2357/2116 133/2358/2117 132/2359/2118
f 119/2360/2119 118/2361/2120 108/2362/2121
f 108/2362/2121 118/2361/2120 109/2363/2122
f 118/2364/2123 117/2365/2124 109/2366/2125
f 109/2366/2125 117/2365/2124 110/2367/2126
f 110/2367/2126 117/2365/2124 111/2368/2127
f 111/2368/2127 117/2365/2124 116/2369/2128
f 111/2368/2127 116/2369/2128 112/2370/2129
f 112/2370/2129 116/2369/2128 115/2371/2130
f 112/2370/2129 115/2371/2130 113/2372/2131
f 113/2372/2131 115/2371/2130 114/2373/2132
usemtl 강철_-_새틴
f 720/2374/2133 1519/2375/2134 721/2376/2135
f 721/2376/2135 1519/2375/2134 1520/2377/2136
f 721/2376/2135 1520/2377/2136 722/2378/2137
f 722/2378/2137 1520/2377/2136 1521/2379/2138
f 722/2378/2137 1521/2379/2138 723/2380/2139
f 723/2380/2139 1521/2379/2138 1522/2381/2140
f 723/2380/2139 1522/2381/2140 724/2382/2141
f 724/2382/2141 1522/2381/2140 1523/2383/2142
f 724/2382/2141 1523/2383/2142 725/2384/2143
f 725/2384/2143 1523/2383/2142 1524/2385/2144
f 725/2384/2143 1524/2385/2144 726/2386/2145
f 726/2386/2145 1524/2385/2144 1525/2387/2146
f 726/2386/2145 1525/2387/2146 727/2388/2147
f 727/2388/2147 1525/2387/2146 1526/2389/2148
f 727/2388/2147 1526/2389/2148 728/2390/2149
f 728/2390/2149 1526/2389/2148 1527/2391/2150
f 728/2390/2149 1527/2391/2150 729/2392/2151
f 729/2392/2151 1527/2391/2150 1528/2393/2152
f 729/2392/2151 1528/2393/2152 730/2394/2153
f 730/2394/2153 1528/2393/2152 1529/2395/2154
f 730/2394/2153 1529/2395/2154 731/2396/2155
f 731/2396/2155 1529/2395/2154 1530/2397/2156
f 731/2396/2155 1530/2397/2156 732/2398/2157
f 732/2398/2157 1530/2397/2156 1531/2399/2158
f 732/2398/2157 1531/2399/2158 733/2400/2159
f 733/2400/2159 1531/2399/2158 1532/2401/2160
f 733/2400/2159 1532/2401/2160 734/2402/2161
f 734/2402/2161 1532/2401/2160 1533/2403/2162
f 734/2402/2161 1533/2403/2162 735/2404/2163
f 735/2404/2163 1533/2403/2162 1534/2405/2164
f 735/2404/2163 1534/2405/2164 736/2406/2165
f 736/2406/2165 1534/2405/2164 1535/2407/2166
f 736/2406/2165 1535/2407/2166 737/2408/2167
f 737/2408/2167 1535/2407/2166 1536/2409/2168
f 737/2408/2167 1536/2409/2168 700/2410/2169
f 700/2410/2169 1536/2409/2168 1537/2411/2170
f 1538/2412/2171 1552/2413/2172 719/2414/2173
f 719/2414/2173 1552/2413/2172 1553/2415/2174
f 719/2414/2173 1553/2415/2174 720/2416/2175
f 720/2416/2175 1553/2415/2174 1519/2417/2176
f 1519/2417/2176 1553/2415/2174 1554/2418/2177
f 1519/2417/2176 1554/2418/2177 1555/2419/2178
f 1539/2420/2179 1540/2421/2180 1538/2412/2171
f 1538/2412/2171 1540/2421/2180 1541/2422/2181
f 1538/2412/2171 1541/2422/2181 1542/2423/2182
f 1542/2423/2182 1543/2424/2183 1538/2412/2171
f 1538/2412/2171 1543/2424/2183 1544/2425/2184
f 1538/2412/2171 1544/2425/2184 1545/2426/2185
f 1545/2426/2185 1546/2427/2186 1538/2412/2171
f 1538/2412/2171 1546/2427/2186 1547/2428/2187
f 1538/2412/2171 1547/2428/2187 1548/2429/2188
f 1548/2429/2188 1549/2430/2189 1538/2412/2171
f 1538/2412/2171 1549/2430/2189 1550/2431/2190
f 1538/2412/2171 1550/2431/2190 1551/2432/2191
f 1551/2432/2191 1552/2413/2172 1538/2412/2171
f 1555/2419/2178 1556/2433/2192 1519/2417/2176
f 1519/2417/2176 1556/2433/2192 1557/2434/2193
f 1519/2417/2176 1557/2434/2193 1558/2435/2194
f 1558/2435/2194 1559/2436/2195 1519/2417/2176
f 1519/2417/2176 1559/2436/2195 1560/2437/2196
f 1519/2417/2176 1560/2437/2196 1561/2438/2197
f 1561/2438/2197 1562/2439/2198 1519/2417/2176
f 1519/2417/2176 1562/2439/2198 1563/2440/2199
f 1519/2417/2176 1563/2440/2199 1564/2441/2200
f 1564/2441/2200 1565/2442/2201 1519/2417/2176
f 1519/2417/2176 1565/2442/2201 1566/2443/2202
f 701/2444/2203 1567/2445/2204 702/2446/2205
f 702/2446/2205 1567/2445/2204 1568/2447/2206
f 702/2446/2205 1568/2447/2206 703/2448/2207
f 703/2448/2207 1568/2447/2206 1569/2449/2208
f 703/2448/2207 1569/2449/2208 704/2450/2209
f 704/2450/2209 1569/2449/2208 1570/2451/2210
f 704/2450/2209 1570/2451/2210 705/2452/2211
f 705/2452/2211 1570/2451/2210 1571/2453/2212
f 705/2452/2211 1571/2453/2212 706/2454/2213
f 706/2454/2213 1571/2453/2212 1572/2455/2214
f 706/2454/2213 1572/2455/2214 707/2456/2215
f 707/2456/2215 1572/2455/2214 1573/2457/2216
f 707/2456/2215 1573/2457/2216 708/2458/2217
f 708/2458/2217 1573/2457/2216 1574/2459/2218
f 708/2458/2217 1574/2459/2218 709/2460/2219
f 709/2460/2219 1574/2459/2218 1575/2461/2220
f 709/2460/2219 1575/2461/2220 710/2462/2221
f 710/2462/2221 1575/2461/2220 1576/2463/2222
f 710/2462/2221 1576/2463/2222 711/2464/2223
f 711/2464/2223 1576/2463/2222 1577/2465/2224
f 711/2464/2223 1577/2465/2224 712/2466/2225
f 712/2466/2225 1577/2465/2224 1578/2467/2226
f 712/2466/2225 1578/2467/2226 713/2468/2227
f 713/2468/2227 1578/2467/2226 1579/2469/2228
f 713/2468/2227 1579/2469/2228 714/2470/2229
f 714/2470/2229 1579/2469/2228 1580/2471/2230
f 714/2470/2229 1580/2471/2230 715/2472/2231
f 715/2472/2231 1580/2471/2230 1581/2473/2232
f 715/2472/2231 1581/2473/2232 716/2474/2233
f 716/2474/2233 1581/2473/2232 1582/2475/2234
f 716/2474/2233 1582/2475/2234 717/2476/2235
f 717/2476/2235 1582/2475/2234 1583/2477/2236
f 717/2476/2235 1583/2477/2236 718/2478/2237
f 718/2478/2237 1583/2477/2236 1584/2479/2238
f 718/2478/2237 1584/2479/2238 719/2480/2239
f 719/2480/2239 1584/2479/2238 1538/2481/2240
f 1586/2482/2241 700/2483/2242 1585/2484/2243
f 1585/2484/2243 700/2483/2242 1537/2485/2244
f 1585/2484/2243 1537/2485/2244 1612/2486/2245
f 1612/2486/2245 1537/2485/2244 1611/2487/2246
f 1611/2487/2246 1537/2485/2244 1610/2488/2247
f 1610/2488/2247 1537/2485/2244 1609/2489/2248
f 1609/2489/2248 1537/2485/2244 1608/2490/2249
f 1608/2490/2249 1537/2485/2244 1607/2491/2250
f 1607/2491/2250 1537/2485/2244 1606/2492/2251
f 1606/2492/2251 1537/2485/2244 1605/2493/2252
f 1605/2493/2252 1537/2485/2244 1604/2494/2253
f 1604/2494/2253 1537/2485/2244 1603/2495/2254
f 1603/2495/2254 1537/2485/2244 1602/2496/2255
f 1602/2496/2255 1537/2485/2244 1601/2497/2256
f 1601/2497/2256 1537/2485/2244 1600/2498/2257
f 1587/2499/2258 1567/2500/2259 1586/2482/2241
f 1586/2482/2241 1567/2500/2259 701/2501/2260
f 1586/2482/2241 701/2501/2260 700/2483/2242
f 1587/2499/2258 1588/2502/2261 1567/2500/2259
f 1567/2500/2259 1588/2502/2261 1589/2503/2262
f 1567/2500/2259 1589/2503/2262 1590/2504/2263
f 1590/2504/2263 1591/2505/2264 1567/2500/2259
f 1567/2500/2259 1591/2505/2264 1592/2506/2265
f 1567/2500/2259 1592/2506/2265 1593/2507/2266
f 1593/2507/2266 1594/2508/2267 1567/2500/2259
f 1567/2500/2259 1594/2508/2267 1595/2509/2268
f 1567/2500/2259 1595/2509/2268 1596/2510/2269
f 1596/2510/2269 1597/2511/2270 1567/2500/2259
f 1567/2500/2259 1597/2511/2270 1598/2512/2271
f 1567/2500/2259 1598/2512/2271 1599/2513/2272
f 1552/2514/2273 1586/2515/2274 1553/2516/2275
f 1553/2516/2275 1586/2515/2274 1585/2517/2276
f 1553/2516/2275 1585/2517/2276 1660/2518/2277
f 1660/2518/2277 1585/2517/2276 1659/2519/2278
f 1659/2519/2278 1585/2517/2276 1658/2520/2279
f 1658/2520/2279 1585/2517/2276 1657/2521/2280
f 1657/2521/2280 1585/2517/2276 1656/2522/2281
f 1656/2522/2281 1585/2517/2276 1655/2523/2282
f 1655/2523/2282 1585/2517/2276 1654/2524/2283
f 1654/2524/2283 1585/2517/2276 1653/2525/2284
f 1653/2525/2284 1585/2517/2276 1652/2526/2285
f 1652/2526/2285 1585/2517/2276 1651/2527/2286
f 1651/2527/2286 1585/2517/2276 1650/2528/2287
f 1650/2528/2287 1585/2517/2276 1637/2529/2288
f 1650/2528/2287 1637/2529/2288 1638/2530/2289
f 1613/2531/2290 1614/2532/2291 1552/2514/2273
f 1552/2514/2273 1614/2532/2291 1615/2533/2292
f 1552/2514/2273 1615/2533/2292 1616/2534/2293
f 1616/2534/2293 1617/2535/2294 1552/2514/2273
f 1552/2514/2273 1617/2535/2294 1618/2536/2295
f 1552/2514/2273 1618/2536/2295 1619/2537/2296
f 1619/2537/2296 1620/2538/2297 1552/2514/2273
f 1552/2514/2273 1620/2538/2297 1621/2539/2298
f 1552/2514/2273 1621/2539/2298 1622/2540/2299
f 1622/2540/2299 1623/2541/2300 1552/2514/2273
f 1552/2514/2273 1623/2541/2300 1624/2542/2301
f 1552/2514/2273 1624/2542/2301 1625/2543/2302
f 1625/2543/2302 1626/2544/2303 1552/2514/2273
f 1552/2514/2273 1626/2544/2303 1627/2545/2304
f 1552/2514/2273 1627/2545/2304 1628/2546/2305
f 1628/2546/2305 1629/2547/2306 1552/2514/2273
f 1552/2514/2273 1629/2547/2306 1630/2548/2307
f 1552/2514/2273 1630/2548/2307 1631/2549/2308
f 1631/2549/2308 1632/2550/2309 1552/2514/2273
f 1552/2514/2273 1632/2550/2309 1633/2551/2310
f 1552/2514/2273 1633/2551/2310 1634/2552/2311
f 1634/2552/2311 1635/2553/2312 1552/2514/2273
f 1552/2514/2273 1635/2553/2312 1636/2554/2313
f 1552/2514/2273 1636/2554/2313 1586/2515/2274
f 1638/2530/2289 1639/2555/2314 1650/2528/2287
f 1650/2528/2287 1639/2555/2314 1640/2556/2315
f 1650/2528/2287 1640/2556/2315 1641/2557/2316
f 1641/2557/2316 1642/2558/2317 1650/2528/2287
f 1650/2528/2287 1642/2558/2317 1643/2559/2318
f 1650/2528/2287 1643/2559/2318 1644/2560/2319
f 1644/2560/2319 1645/2561/2320 1650/2528/2287
f 1650/2528/2287 1645/2561/2320 1646/2562/2321
f 1650/2528/2287 1646/2562/2321 1647/2563/2322
f 1648/2564/2323 1649/2565/2324 1647/2563/2322
f 1647/2563/2322 1649/2565/2324 1650/2528/2287
f 1552/2566/2273 1551/2567/2325 1613/2568/2290
f 1613/2568/2290 1551/2567/2325 1550/2569/2326
f 1613/2568/2290 1550/2569/2326 1614/2570/2291
f 1614/2570/2291 1550/2569/2326 1664/2571/2327
f 1614/2570/2291 1664/2571/2327 1615/2572/2292
f 1615/2572/2292 1664/2571/2327 1666/2573/2328
f 1615/2572/2292 1666/2573/2328 1616/2574/2293
f 1616/2574/2293 1666/2573/2328 1670/2575/2329
f 1616/2574/2293 1670/2575/2329 1617/2576/2294
f 1617/2576/2294 1670/2575/2329 1676/2577/2330
f 1617/2576/2294 1676/2577/2330 1618/2578/2295
f 1618/2578/2295 1676/2577/2330 1682/2579/2331
f 1618/2578/2295 1682/2579/2331 1661/2580/2332
f 1661/2580/2332 1682/2579/2331 1681/2581/2333
f 1661/2580/2332 1681/2581/2333 1687/2582/2334
f 1687/2582/2334 1681/2581/2333 1680/2583/2335
f 1687/2582/2334 1680/2583/2335 1686/2584/2336
f 1686/2584/2336 1680/2583/2335 1679/2585/2337
f 1686/2584/2336 1679/2585/2337 1685/2586/2338
f 1685/2586/2338 1679/2585/2337 1678/2587/2339
f 1685/2586/2338 1678/2587/2339 1684/2588/2340
f 1684/2588/2340 1678/2587/2339 1677/2589/2341
f 1684/2588/2340 1677/2589/2341 1683/2590/2342
f 1683/2590/2342 1677/2589/2341 1583/2591/2236
f 1683/2590/2342 1583/2591/2236 1582/2592/2234
f 1550/2569/2326 1549/2593/2343 1664/2571/2327
f 1664/2571/2327 1549/2593/2343 1548/2594/2344
f 1664/2571/2327 1548/2594/2344 1666/2573/2328
f 1666/2573/2328 1548/2594/2344 1665/2595/2345
f 1666/2573/2328 1665/2595/2345 1670/2575/2329
f 1670/2575/2329 1665/2595/2345 1669/2596/2346
f 1670/2575/2329 1669/2596/2346 1676/2577/2330
f 1676/2577/2330 1669/2596/2346 1675/2597/2347
f 1676/2577/2330 1675/2597/2347 1682/2579/2331
f 1682/2579/2331 1675/2597/2347 1681/2581/2333
f 1548/2594/2344 1547/2598/2348 1665/2595/2345
f 1665/2595/2345 1547/2598/2348 1669/2596/2346
f 1547/2598/2348 1546/2599/2349 1669/2596/2346
f 1669/2596/2346 1546/2599/2349 1668/2600/2350
f 1669/2596/2346 1668/2600/2350 1675/2597/2347
f 1675/2597/2347 1668/2600/2350 1674/2601/2351
f 1675/2597/2347 1674/2601/2351 1681/2581/2333
f 1681/2581/2333 1674/2601/2351 1680/2583/2335
f 1546/2599/2349 1545/2602/2352 1668/2600/2350
f 1668/2600/2350 1545/2602/2352 1667/2603/2353
f 1668/2600/2350 1667/2603/2353 1674/2601/2351
f 1674/2601/2351 1667/2603/2353 1673/2604/2354
f 1674/2601/2351 1673/2604/2354 1680/2583/2335
f 1680/2583/2335 1673/2604/2354 1679/2585/2337
f 1545/2602/2352 1544/2605/2355 1667/2603/2353
f 1667/2603/2353 1544/2605/2355 1543/2606/2356
f 1667/2603/2353 1543/2606/2356 1673/2604/2354
f 1673/2604/2354 1543/2606/2356 1672/2607/2357
f 1673/2604/2354 1672/2607/2357 1679/2585/2337
f 1679/2585/2337 1672/2607/2357 1678/2587/2339
f 1543/2606/2356 1542/2608/2358 1672/2607/2357
f 1672/2607/2357 1542/2608/2358 1671/2609/2359
f 1672/2607/2357 1671/2609/2359 1678/2587/2339
f 1678/2587/2339 1671/2609/2359 1677/2589/2341
f 1542/2608/2358 1541/2610/2360 1671/2609/2359
f 1671/2609/2359 1541/2610/2360 1540/2611/2361
f 1671/2609/2359 1540/2611/2361 1539/2612/2362
f 1538/2613/2240 1584/2614/2238 1539/2612/2362
f 1539/2612/2362 1584/2614/2238 1671/2609/2359
f 1671/2609/2359 1584/2614/2238 1677/2589/2341
f 1677/2589/2341 1584/2614/2238 1583/2591/2236
f 1683/2590/2342 1582/2592/2234 1688/2615/2363
f 1688/2615/2363 1582/2592/2234 1581/2616/2232
f 1688/2615/2363 1581/2616/2232 1694/2617/2364
f 1694/2617/2364 1581/2616/2232 1580/2618/2230
f 1694/2617/2364 1580/2618/2230 1700/2619/2365
f 1700/2619/2365 1580/2618/2230 1579/2620/2228
f 1700/2619/2365 1579/2620/2228 1706/2621/2366
f 1706/2621/2366 1579/2620/2228 1578/2622/2226
f 1706/2621/2366 1578/2622/2226 1712/2623/2367
f 1712/2623/2367 1578/2622/2226 1577/2624/2224
f 1712/2623/2367 1577/2624/2224 1718/2625/2368
f 1718/2625/2368 1577/2624/2224 1576/2626/2222
f 1718/2625/2368 1576/2626/2222 1724/2627/2369
f 1724/2627/2369 1576/2626/2222 1575/2628/2220
f 1724/2627/2369 1575/2628/2220 1729/2629/2370
f 1729/2629/2370 1575/2628/2220 1574/2630/2218
f 1729/2629/2370 1574/2630/2218 1735/2631/2371
f 1735/2631/2371 1574/2630/2218 1573/2632/2216
f 1735/2631/2371 1573/2632/2216 1741/2633/2372
f 1741/2633/2372 1573/2632/2216 1572/2634/2214
f 1741/2633/2372 1572/2634/2214 1747/2635/2373
f 1747/2635/2373 1572/2634/2214 1571/2636/2212
f 1747/2635/2373 1571/2636/2212 1753/2637/2374
f 1753/2637/2374 1571/2636/2212 1570/2638/2210
f 1753/2637/2374 1570/2638/2210 1759/2639/2375
f 1759/2639/2375 1570/2638/2210 1569/2640/2208
f 1759/2639/2375 1569/2640/2208 1764/2641/2376
f 1764/2641/2376 1569/2640/2208 1568/2642/2206
f 1764/2641/2376 1568/2642/2206 1770/2643/2377
f 1770/2643/2377 1568/2642/2206 1599/2644/2378
f 1770/2643/2377 1599/2644/2378 1598/2645/2379
f 1568/2642/2206 1567/2646/2204 1599/2644/2378
f 1598/2645/2379 1597/2647/2380 1770/2643/2377
f 1770/2643/2377 1597/2647/2380 1596/2648/2381
f 1770/2643/2377 1596/2648/2381 1771/2649/2382
f 1771/2649/2382 1596/2648/2381 1595/2650/2383
f 1771/2649/2382 1595/2650/2383 1772/2651/2384
f 1772/2651/2384 1595/2650/2383 1776/2652/2385
f 1772/2651/2384 1776/2652/2385 1777/2653/2386
f 1777/2653/2386 1776/2652/2385 1593/2654/2387
f 1777/2653/2386 1593/2654/2387 1592/2655/2388
f 1595/2650/2383 1594/2656/2389 1776/2652/2385
f 1776/2652/2385 1594/2656/2389 1593/2654/2387
f 1777/2653/2386 1592/2655/2388 1778/2657/2390
f 1778/2657/2390 1592/2655/2388 1591/2658/2391
f 1778/2657/2390 1591/2658/2391 1780/2659/2392
f 1780/2659/2392 1591/2658/2391 1590/2660/2393
f 1780/2659/2392 1590/2660/2393 1589/2661/2394
f 1588/2662/2395 1782/2663/2396 1589/2661/2394
f 1589/2661/2394 1782/2663/2396 1781/2664/2397
f 1589/2661/2394 1781/2664/2397 1780/2659/2392
f 1780/2659/2392 1781/2664/2397 1778/2657/2390
f 1587/2665/2398 1636/2666/2313 1588/2662/2395
f 1588/2662/2395 1636/2666/2313 1635/2667/2312
f 1588/2662/2395 1635/2667/2312 1782/2663/2396
f 1782/2663/2396 1635/2667/2312 1634/2668/2311
f 1782/2663/2396 1634/2668/2311 1781/2664/2397
f 1781/2664/2397 1634/2668/2311 1633/2669/2310
f 1781/2664/2397 1633/2669/2310 1779/2670/2399
f 1779/2670/2399 1633/2669/2310 1632/2671/2309
f 1779/2670/2399 1632/2671/2309 1775/2672/2400
f 1775/2672/2400 1632/2671/2309 1631/2673/2308
f 1775/2672/2400 1631/2673/2308 1769/2674/2401
f 1769/2674/2401 1631/2673/2308 1663/2675/2402
f 1769/2674/2401 1663/2675/2402 1763/2676/2403
f 1763/2676/2403 1663/2675/2402 1757/2677/2404
f 1763/2676/2403 1757/2677/2404 1756/2678/2405
f 1756/2678/2405 1757/2677/2404 1750/2679/2406
f 1756/2678/2405 1750/2679/2406 1749/2680/2407
f 1749/2680/2407 1750/2679/2406 1743/2681/2408
f 1749/2680/2407 1743/2681/2408 1742/2682/2409
f 1742/2682/2409 1743/2681/2408 1736/2683/2410
f 1742/2682/2409 1736/2683/2410 1735/2631/2371
f 1735/2631/2371 1736/2683/2410 1729/2629/2370
f 1587/2665/2398 1586/2684/2274 1636/2666/2313
f 1631/2673/2308 1630/2685/2307 1663/2675/2402
f 1663/2675/2402 1630/2685/2307 1758/2686/2411
f 1663/2675/2402 1758/2686/2411 1757/2677/2404
f 1757/2677/2404 1758/2686/2411 1751/2687/2412
f 1757/2677/2404 1751/2687/2412 1750/2679/2406
f 1750/2679/2406 1751/2687/2412 1744/2688/2413
f 1750/2679/2406 1744/2688/2413 1743/2681/2408
f 1743/2681/2408 1744/2688/2413 1737/2689/2414
f 1743/2681/2408 1737/2689/2414 1736/2683/2410
f 1736/2683/2410 1737/2689/2414 1730/2690/2415
f 1736/2683/2410 1730/2690/2415 1729/2629/2370
f 1729/2629/2370 1730/2690/2415 1724/2627/2369
f 1630/2685/2307 1629/2691/2306 1758/2686/2411
f 1758/2686/2411 1629/2691/2306 1752/2692/2416
f 1758/2686/2411 1752/2692/2416 1751/2687/2412
f 1751/2687/2412 1752/2692/2416 1745/2693/2417
f 1751/2687/2412 1745/2693/2417 1744/2688/2413
f 1744/2688/2413 1745/2693/2417 1738/2694/2418
f 1744/2688/2413 1738/2694/2418 1737/2689/2414
f 1737/2689/2414 1738/2694/2418 1731/2695/2419
f 1737/2689/2414 1731/2695/2419 1730/2690/2415
f 1730/2690/2415 1731/2695/2419 1725/2696/2420
f 1730/2690/2415 1725/2696/2420 1724/2627/2369
f 1724/2627/2369 1725/2696/2420 1718/2625/2368
f 1629/2691/2306 1628/2697/2305 1752/2692/2416
f 1752/2692/2416 1628/2697/2305 1746/2698/2421
f 1752/2692/2416 1746/2698/2421 1745/2693/2417
f 1745/2693/2417 1746/2698/2421 1739/2699/2422
f 1745/2693/2417 1739/2699/2422 1738/2694/2418
f 1738/2694/2418 1739/2699/2422 1732/2700/2423
f 1738/2694/2418 1732/2700/2423 1731/2695/2419
f 1731/2695/2419 1732/2700/2423 1726/2701/2424
f 1731/2695/2419 1726/2701/2424 1725/2696/2420
f 1725/2696/2420 1726/2701/2424 1719/2702/2425
f 1725/2696/2420 1719/2702/2425 1718/2625/2368
f 1718/2625/2368 1719/2702/2425 1712/2623/2367
f 1628/2697/2305 1627/2703/2304 1746/2698/2421
f 1746/2698/2421 1627/2703/2304 1740/2704/2426
f 1746/2698/2421 1740/2704/2426 1739/2699/2422
f 1739/2699/2422 1740/2704/2426 1733/2705/2427
f 1739/2699/2422 1733/2705/2427 1732/2700/2423
f 1732/2700/2423 1733/2705/2427 1727/2706/2428
f 1732/2700/2423 1727/2706/2428 1726/2701/2424
f 1726/2701/2424 1727/2706/2428 1720/2707/2429
f 1726/2701/2424 1720/2707/2429 1719/2702/2425
f 1719/2702/2425 1720/2707/2429 1713/2708/2430
f 1719/2702/2425 1713/2708/2430 1712/2623/2367
f 1712/2623/2367 1713/2708/2430 1706/2621/2366
f 1627/2703/2304 1626/2709/2303 1740/2704/2426
f 1740/2704/2426 1626/2709/2303 1734/2710/2431
f 1740/2704/2426 1734/2710/2431 1733/2705/2427
f 1733/2705/2427 1734/2710/2431 1728/2711/2432
f 1733/2705/2427 1728/2711/2432 1727/2706/2428
f 1727/2706/2428 1728/2711/2432 1721/2712/2433
f 1727/2706/2428 1721/2712/2433 1720/2707/2429
f 1720/2707/2429 1721/2712/2433 1714/2713/2434
f 1720/2707/2429 1714/2713/2434 1713/2708/2430
f 1713/2708/2430 1714/2713/2434 1707/2714/2435
f 1713/2708/2430 1707/2714/2435 1706/2621/2366
f 1706/2621/2366 1707/2714/2435 1700/2619/2365
f 1626/2709/2303 1625/2715/2302 1734/2710/2431
f 1734/2710/2431 1625/2715/2302 1662/2716/2436
f 1734/2710/2431 1662/2716/2436 1728/2711/2432
f 1728/2711/2432 1662/2716/2436 1722/2717/2437
f 1728/2711/2432 1722/2717/2437 1721/2712/2433
f 1721/2712/2433 1722/2717/2437 1715/2718/2438
f 1721/2712/2433 1715/2718/2438 1714/2713/2434
f 1714/2713/2434 1715/2718/2438 1708/2719/2439
f 1714/2713/2434 1708/2719/2439 1707/2714/2435
f 1707/2714/2435 1708/2719/2439 1701/2720/2440
f 1707/2714/2435 1701/2720/2440 1700/2619/2365
f 1700/2619/2365 1701/2720/2440 1694/2617/2364
f 1625/2715/2302 1624/2721/2301 1662/2716/2436
f 1662/2716/2436 1624/2721/2301 1723/2722/2441
f 1662/2716/2436 1723/2722/2441 1722/2717/2437
f 1722/2717/2437 1723/2722/2441 1716/2723/2442
f 1722/2717/2437 1716/2723/2442 1715/2718/2438
f 1715/2718/2438 1716/2723/2442 1709/2724/2443
f 1715/2718/2438 1709/2724/2443 1708/2719/2439
f 1708/2719/2439 1709/2724/2443 1702/2725/2444
f 1708/2719/2439 1702/2725/2444 1701/2720/2440
f 1701/2720/2440 1702/2725/2444 1695/2726/2445
f 1701/2720/2440 1695/2726/2445 1694/2617/2364
f 1694/2617/2364 1695/2726/2445 1688/2615/2363
f 1723/2722/2441 1624/2721/2301 1717/2727/2446
f 1717/2727/2446 1624/2721/2301 1623/2728/2300
f 1717/2727/2446 1623/2728/2300 1711/2729/2447
f 1711/2729/2447 1623/2728/2300 1622/2730/2299
f 1711/2729/2447 1622/2730/2299 1705/2731/2448
f 1705/2731/2448 1622/2730/2299 1621/2732/2298
f 1705/2731/2448 1621/2732/2298 1699/2733/2449
f 1699/2733/2449 1621/2732/2298 1620/2734/2297
f 1699/2733/2449 1620/2734/2297 1693/2735/2450
f 1693/2735/2450 1620/2734/2297 1619/2736/2296
f 1693/2735/2450 1619/2736/2296 1661/2580/2332
f 1661/2580/2332 1619/2736/2296 1618/2578/2295
f 1684/2588/2340 1683/2590/2342 1689/2737/2451
f 1689/2737/2451 1683/2590/2342 1688/2615/2363
f 1689/2737/2451 1688/2615/2363 1695/2726/2445
f 1685/2586/2338 1684/2588/2340 1690/2738/2452
f 1690/2738/2452 1684/2588/2340 1689/2737/2451
f 1690/2738/2452 1689/2737/2451 1696/2739/2453
f 1696/2739/2453 1689/2737/2451 1695/2726/2445
f 1696/2739/2453 1695/2726/2445 1702/2725/2444
f 1686/2584/2336 1685/2586/2338 1691/2740/2454
f 1691/2740/2454 1685/2586/2338 1690/2738/2452
f 1691/2740/2454 1690/2738/2452 1697/2741/2455
f 1697/2741/2455 1690/2738/2452 1696/2739/2453
f 1697/2741/2455 1696/2739/2453 1703/2742/2456
f 1703/2742/2456 1696/2739/2453 1702/2725/2444
f 1703/2742/2456 1702/2725/2444 1709/2724/2443
f 1693/2735/2450 1661/2580/2332 1687/2582/2334
f 1687/2582/2334 1686/2584/2336 1692/2743/2457
f 1692/2743/2457 1686/2584/2336 1691/2740/2454
f 1692/2743/2457 1691/2740/2454 1698/2744/2458
f 1698/2744/2458 1691/2740/2454 1697/2741/2455
f 1698/2744/2458 1697/2741/2455 1704/2745/2459
f 1704/2745/2459 1697/2741/2455 1703/2742/2456
f 1704/2745/2459 1703/2742/2456 1710/2746/2460
f 1710/2746/2460 1703/2742/2456 1709/2724/2443
f 1710/2746/2460 1709/2724/2443 1716/2723/2442
f 1699/2733/2449 1693/2735/2450 1692/2743/2457
f 1692/2743/2457 1693/2735/2450 1687/2582/2334
f 1699/2733/2449 1692/2743/2457 1698/2744/2458
f 1705/2731/2448 1699/2733/2449 1698/2744/2458
f 1705/2731/2448 1698/2744/2458 1704/2745/2459
f 1711/2729/2447 1705/2731/2448 1704/2745/2459
f 1711/2729/2447 1704/2745/2459 1710/2746/2460
f 1717/2727/2446 1711/2729/2447 1710/2746/2460
f 1717/2727/2446 1710/2746/2460 1716/2723/2442
f 1723/2722/2441 1717/2727/2446 1716/2723/2442
f 1735/2631/2371 1741/2633/2372 1742/2682/2409
f 1742/2682/2409 1741/2633/2372 1748/2747/2461
f 1742/2682/2409 1748/2747/2461 1749/2680/2407
f 1749/2680/2407 1748/2747/2461 1755/2748/2462
f 1749/2680/2407 1755/2748/2462 1756/2678/2405
f 1756/2678/2405 1755/2748/2462 1762/2749/2463
f 1756/2678/2405 1762/2749/2463 1763/2676/2403
f 1763/2676/2403 1762/2749/2463 1768/2750/2464
f 1763/2676/2403 1768/2750/2464 1769/2674/2401
f 1769/2674/2401 1768/2750/2464 1775/2672/2400
f 1741/2633/2372 1747/2635/2373 1748/2747/2461
f 1748/2747/2461 1747/2635/2373 1754/2751/2465
f 1748/2747/2461 1754/2751/2465 1755/2748/2462
f 1755/2748/2462 1754/2751/2465 1761/2752/2466
f 1755/2748/2462 1761/2752/2466 1762/2749/2463
f 1762/2749/2463 1761/2752/2466 1767/2753/2467
f 1762/2749/2463 1767/2753/2467 1768/2750/2464
f 1768/2750/2464 1767/2753/2467 1774/2754/2468
f 1768/2750/2464 1774/2754/2468 1775/2672/2400
f 1775/2672/2400 1774/2754/2468 1779/2670/2399
f 1747/2635/2373 1753/2637/2374 1754/2751/2465
f 1754/2751/2465 1753/2637/2374 1760/2755/2469
f 1754/2751/2465 1760/2755/2469 1761/2752/2466
f 1761/2752/2466 1760/2755/2469 1766/2756/2470
f 1761/2752/2466 1766/2756/2470 1767/2753/2467
f 1767/2753/2467 1766/2756/2470 1773/2757/2471
f 1767/2753/2467 1773/2757/2471 1774/2754/2468
f 1774/2754/2468 1773/2757/2471 1778/2657/2390
f 1774/2754/2468 1778/2657/2390 1779/2670/2399
f 1779/2670/2399 1778/2657/2390 1781/2664/2397
f 1753/2637/2374 1759/2639/2375 1760/2755/2469
f 1760/2755/2469 1759/2639/2375 1765/2758/2472
f 1760/2755/2469 1765/2758/2472 1766/2756/2470
f 1766/2756/2470 1765/2758/2472 1772/2651/2384
f 1766/2756/2470 1772/2651/2384 1773/2757/2471
f 1773/2757/2471 1772/2651/2384 1777/2653/2386
f 1773/2757/2471 1777/2653/2386 1778/2657/2390
f 1759/2639/2375 1764/2641/2376 1765/2758/2472
f 1765/2758/2472 1764/2641/2376 1771/2649/2382
f 1765/2758/2472 1771/2649/2382 1772/2651/2384
f 1770/2643/2377 1771/2649/2382 1764/2641/2376
f 1585/2759/2276 1612/2760/2473 1637/2761/2288
f 1637/2761/2288 1612/2760/2473 1611/2762/2474
f 1637/2761/2288 1611/2762/2474 1638/2763/2289
f 1638/2763/2289 1611/2762/2474 1786/2764/2475
f 1638/2763/2289 1786/2764/2475 1639/2765/2314
f 1639/2765/2314 1786/2764/2475 1788/2766/2476
f 1639/2765/2314 1788/2766/2476 1640/2767/2315
f 1640/2767/2315 1788/2766/2476 1792/2768/2477
f 1640/2767/2315 1792/2768/2477 1641/2769/2316
f 1641/2769/2316 1792/2768/2477 1798/2770/2478
f 1641/2769/2316 1798/2770/2478 1642/2771/2317
f 1642/2771/2317 1798/2770/2478 1804/2772/2479
f 1642/2771/2317 1804/2772/2479 1783/2773/2480
f 1783/2773/2480 1804/2772/2479 1803/2774/2481
f 1783/2773/2480 1803/2774/2481 1809/2775/2482
f 1809/2775/2482 1803/2774/2481 1802/2776/2483
f 1809/2775/2482 1802/2776/2483 1808/2777/2484
f 1808/2777/2484 1802/2776/2483 1801/2778/2485
f 1808/2777/2484 1801/2778/2485 1807/2779/2486
f 1807/2779/2486 1801/2778/2485 1800/2780/2487
f 1807/2779/2486 1800/2780/2487 1806/2781/2488
f 1806/2781/2488 1800/2780/2487 1799/2782/2489
f 1806/2781/2488 1799/2782/2489 1805/2783/2490
f 1805/2783/2490 1799/2782/2489 1535/2784/2166
f 1805/2783/2490 1535/2784/2166 1534/2785/2164
f 1611/2762/2474 1610/2786/2491 1786/2764/2475
f 1786/2764/2475 1610/2786/2491 1609/2787/2492
f 1786/2764/2475 1609/2787/2492 1788/2766/2476
f 1788/2766/2476 1609/2787/2492 1787/2788/2493
f 1788/2766/2476 1787/2788/2493 1792/2768/2477
f 1792/2768/2477 1787/2788/2493 1791/2789/2494
f 1792/2768/2477 1791/2789/2494 1798/2770/2478
f 1798/2770/2478 1791/2789/2494 1797/2790/2495
f 1798/2770/2478 1797/2790/2495 1804/2772/2479
f 1804/2772/2479 1797/2790/2495 1803/2774/2481
f 1609/2787/2492 1608/2791/2496 1787/2788/2493
f 1787/2788/2493 1608/2791/2496 1791/2789/2494
f 1608/2791/2496 1607/2792/2497 1791/2789/2494
f 1791/2789/2494 1607/2792/2497 1790/2793/2498
f 1791/2789/2494 1790/2793/2498 1797/2790/2495
f 1797/2790/2495 1790/2793/2498 1796/2794/2499
f 1797/2790/2495 1796/2794/2499 1803/2774/2481
f 1803/2774/2481 1796/2794/2499 1802/2776/2483
f 1607/2792/2497 1606/2795/2500 1790/2793/2498
f 1790/2793/2498 1606/2795/2500 1789/2796/2501
f 1790/2793/2498 1789/2796/2501 1796/2794/2499
f 1796/2794/2499 1789/2796/2501 1795/2797/2502
f 1796/2794/2499 1795/2797/2502 1802/2776/2483
f 1802/2776/2483 1795/2797/2502 1801/2778/2485
f 1606/2795/2500 1605/2798/2503 1789/2796/2501
f 1789/2796/2501 1605/2798/2503 1604/2799/2504
f 1789/2796/2501 1604/2799/2504 1795/2797/2502
f 1795/2797/2502 1604/2799/2504 1794/2800/2505
f 1795/2797/2502 1794/2800/2505 1801/2778/2485
f 1801/2778/2485 1794/2800/2505 1800/2780/2487
f 1604/2799/2504 1603/2801/2506 1794/2800/2505
f 1794/2800/2505 1603/2801/2506 1793/2802/2507
f 1794/2800/2505 1793/2802/2507 1800/2780/2487
f 1800/2780/2487 1793/2802/2507 1799/2782/2489
f 1603/2801/2506 1602/2803/2508 1793/2802/2507
f 1793/2802/2507 1602/2803/2508 1601/2804/2509
f 1793/2802/2507 1601/2804/2509 1600/2805/2510
f 1537/2806/2170 1536/2807/2168 1600/2805/2510
f 1600/2805/2510 1536/2807/2168 1793/2802/2507
f 1793/2802/2507 1536/2807/2168 1799/2782/2489
f 1799/2782/2489 1536/2807/2168 1535/2784/2166
f 1805/2783/2490 1534/2785/2164 1810/2808/2511
f 1810/2808/2511 1534/2785/2164 1533/2809/2162
f 1810/2808/2511 1533/2809/2162 1816/2810/2512
f 1816/2810/2512 1533/2809/2162 1532/2811/2160
f 1816/2810/2512 1532/2811/2160 1822/2812/2513
f 1822/2812/2513 1532/2811/2160 1531/2813/2158
f 1822/2812/2513 1531/2813/2158 1828/2814/2514
f 1828/2814/2514 1531/2813/2158 1530/2815/2156
f 1828/2814/2514 1530/2815/2156 1834/2816/2515
f 1834/2816/2515 1530/2815/2156 1529/2817/2154
f 1834/2816/2515 1529/2817/2154 1840/2818/2516
f 1840/2818/2516 1529/2817/2154 1528/2819/2152
f 1840/2818/2516 1528/2819/2152 1846/2820/2517
f 1846/2820/2517 1528/2819/2152 1527/2821/2150
f 1846/2820/2517 1527/2821/2150 1851/2822/2518
f 1851/2822/2518 1527/2821/2150 1526/2823/2148
f 1851/2822/2518 1526/2823/2148 1857/2824/2519
f 1857/2824/2519 1526/2823/2148 1525/2825/2146
f 1857/2824/2519 1525/2825/2146 1863/2826/2520
f 1863/2826/2520 1525/2825/2146 1524/2827/2144
f 1863/2826/2520 1524/2827/2144 1869/2828/2521
f 1869/2828/2521 1524/2827/2144 1523/2829/2142
f 1869/2828/2521 1523/2829/2142 1875/2830/2522
f 1875/2830/2522 1523/2829/2142 1522/2831/2140
f 1875/2830/2522 1522/2831/2140 1881/2832/2523
f 1881/2832/2523 1522/2831/2140 1521/2833/2138
f 1881/2832/2523 1521/2833/2138 1886/2834/2524
f 1886/2834/2524 1521/2833/2138 1520/2835/2136
f 1886/2834/2524 1520/2835/2136 1892/2836/2525
f 1892/2836/2525 1520/2835/2136 1566/2837/2526
f 1892/2836/2525 1566/2837/2526 1565/2838/2527
f 1520/2835/2136 1519/2839/2134 1566/2837/2526
f 1565/2838/2527 1564/2840/2528 1892/2836/2525
f 1892/2836/2525 1564/2840/2528 1563/2841/2529
f 1892/2836/2525 1563/2841/2529 1893/2842/2530
f 1893/2842/2530 1563/2841/2529 1562/2843/2531
f 1893/2842/2530 1562/2843/2531 1894/2844/2532
f 1894/2844/2532 1562/2843/2531 1898/2845/2533
f 1894/2844/2532 1898/2845/2533 1899/2846/2534
f 1899/2846/2534 1898/2845/2533 1560/2847/2535
f 1899/2846/2534 1560/2847/2535 1559/2848/2536
f 1562/2843/2531 1561/2849/2537 1898/2845/2533
f 1898/2845/2533 1561/2849/2537 1560/2847/2535
f 1899/2846/2534 1559/2848/2536 1900/2850/2538
f 1900/2850/2538 1559/2848/2536 1558/2851/2539
f 1900/2850/2538 1558/2851/2539 1902/2852/2540
f 1902/2852/2540 1558/2851/2539 1557/2853/2541
f 1902/2852/2540 1557/2853/2541 1556/2854/2542
f 1555/2855/2543 1904/2856/2544 1556/2854/2542
f 1556/2854/2542 1904/2856/2544 1903/2857/2545
f 1556/2854/2542 1903/2857/2545 1902/2852/2540
f 1902/2852/2540 1903/2857/2545 1900/2850/2538
f 1554/2858/2546 1660/2859/2277 1555/2855/2543
f 1555/2855/2543 1660/2859/2277 1659/2860/2278
f 1555/2855/2543 1659/2860/2278 1904/2856/2544
f 1904/2856/2544 1659/2860/2278 1658/2861/2279
f 1904/2856/2544 1658/2861/2279 1903/2857/2545
f 1903/2857/2545 1658/2861/2279 1657/2862/2280
f 1903/2857/2545 1657/2862/2280 1901/2863/2547
f 1901/2863/2547 1657/2862/2280 1656/2864/2281
f 1901/2863/2547 1656/2864/2281 1897/2865/2548
f 1897/2865/2548 1656/2864/2281 1655/2866/2282
f 1897/2865/2548 1655/2866/2282 1891/2867/2549
f 1891/2867/2549 1655/2866/2282 1785/2868/2550
f 1891/2867/2549 1785/2868/2550 1885/2869/2551
f 1885/2869/2551 1785/2868/2550 1879/2870/2552
f 1885/2869/2551 1879/2870/2552 1878/2871/2553
f 1878/2871/2553 1879/2870/2552 1872/2872/2554
f 1878/2871/2553 1872/2872/2554 1871/2873/2555
f 1871/2873/2555 1872/2872/2554 1865/2874/2556
f 1871/2873/2555 1865/2874/2556 1864/2875/2557
f 1864/2875/2557 1865/2874/2556 1858/2876/2558
f 1864/2875/2557 1858/2876/2558 1857/2824/2519
f 1857/2824/2519 1858/2876/2558 1851/2822/2518
f 1554/2858/2546 1553/2877/2275 1660/2859/2277
f 1655/2866/2282 1654/2878/2283 1785/2868/2550
f 1785/2868/2550 1654/2878/2283 1880/2879/2559
f 1785/2868/2550 1880/2879/2559 1879/2870/2552
f 1879/2870/2552 1880/2879/2559 1873/2880/2560
f 1879/2870/2552 1873/2880/2560 1872/2872/2554
f 1872/2872/2554 1873/2880/2560 1866/2881/2561
f 1872/2872/2554 1866/2881/2561 1865/2874/2556
f 1865/2874/2556 1866/2881/2561 1859/2882/2562
f 1865/2874/2556 1859/2882/2562 1858/2876/2558
f 1858/2876/2558 1859/2882/2562 1852/2883/2563
f 1858/2876/2558 1852/2883/2563 1851/2822/2518
f 1851/2822/2518 1852/2883/2563 1846/2820/2517
f 1654/2878/2283 1653/2884/2284 1880/2879/2559
f 1880/2879/2559 1653/2884/2284 1874/2885/2564
f 1880/2879/2559 1874/2885/2564 1873/2880/2560
f 1873/2880/2560 1874/2885/2564 1867/2886/2565
f 1873/2880/2560 1867/2886/2565 1866/2881/2561
f 1866/2881/2561 1867/2886/2565 1860/2887/2566
f 1866/2881/2561 1860/2887/2566 1859/2882/2562
f 1859/2882/2562 1860/2887/2566 1853/2888/2567
f 1859/2882/2562 1853/2888/2567 1852/2883/2563
f 1852/2883/2563 1853/2888/2567 1847/2889/2568
f 1852/2883/2563 1847/2889/2568 1846/2820/2517
f 1846/2820/2517 1847/2889/2568 1840/2818/2516
f 1653/2884/2284 1652/2890/2285 1874/2885/2564
f 1874/2885/2564 1652/2890/2285 1868/2891/2569
f 1874/2885/2564 1868/2891/2569 1867/2886/2565
f 1867/2886/2565 1868/2891/2569 1861/2892/2570
f 1867/2886/2565 1861/2892/2570 1860/2887/2566
f 1860/2887/2566 1861/2892/2570 1854/2893/2571
f 1860/2887/2566 1854/2893/2571 1853/2888/2567
f 1853/2888/2567 1854/2893/2571 1848/2894/2572
f 1853/2888/2567 1848/2894/2572 1847/2889/2568
f 1847/2889/2568 1848/2894/2572 1841/2895/2573
f 1847/2889/2568 1841/2895/2573 1840/2818/2516
f 1840/2818/2516 1841/2895/2573 1834/2816/2515
f 1652/2890/2285 1651/2896/2286 1868/2891/2569
f 1868/2891/2569 1651/2896/2286 1862/2897/2574
f 1868/2891/2569 1862/2897/2574 1861/2892/2570
f 1861/2892/2570 1862/2897/2574 1855/2898/2575
f 1861/2892/2570 1855/2898/2575 1854/2893/2571
f 1854/2893/2571 1855/2898/2575 1849/2899/2576
f 1854/2893/2571 1849/2899/2576 1848/2894/2572
f 1848/2894/2572 1849/2899/2576 1842/2900/2577
f 1848/2894/2572 1842/2900/2577 1841/2895/2573
f 1841/2895/2573 1842/2900/2577 1835/2901/2578
f 1841/2895/2573 1835/2901/2578 1834/2816/2515
f 1834/2816/2515 1835/2901/2578 1828/2814/2514
f 1651/2896/2286 1650/2902/2287 1862/2897/2574
f 1862/2897/2574 1650/2902/2287 1856/2903/2579
f 1862/2897/2574 1856/2903/2579 1855/2898/2575
f 1855/2898/2575 1856/2903/2579 1850/2904/2580
f 1855/2898/2575 1850/2904/2580 1849/2899/2576
f 1849/2899/2576 1850/2904/2580 1843/2905/2581
f 1849/2899/2576 1843/2905/2581 1842/2900/2577
f 1842/2900/2577 1843/2905/2581 1836/2906/2582
f 1842/2900/2577 1836/2906/2582 1835/2901/2578
f 1835/2901/2578 1836/2906/2582 1829/2907/2583
f 1835/2901/2578 1829/2907/2583 1828/2814/2514
f 1828/2814/2514 1829/2907/2583 1822/2812/2513
f 1650/2902/2287 1649/2908/2324 1856/2903/2579
f 1856/2903/2579 1649/2908/2324 1784/2909/2584
f 1856/2903/2579 1784/2909/2584 1850/2904/2580
f 1850/2904/2580 1784/2909/2584 1844/2910/2585
f 1850/2904/2580 1844/2910/2585 1843/2905/2581
f 1843/2905/2581 1844/2910/2585 1837/2911/2586
f 1843/2905/2581 1837/2911/2586 1836/2906/2582
f 1836/2906/2582 1837/2911/2586 1830/2912/2587
f 1836/2906/2582 1830/2912/2587 1829/2907/2583
f 1829/2907/2583 1830/2912/2587 1823/2913/2588
f 1829/2907/2583 1823/2913/2588 1822/2812/2513
f 1822/2812/2513 1823/2913/2588 1816/2810/2512
f 1649/2908/2324 1648/2914/2323 1784/2909/2584
f 1784/2909/2584 1648/2914/2323 1845/2915/2589
f 1784/2909/2584 1845/2915/2589 1844/2910/2585
f 1844/2910/2585 1845/2915/2589 1838/2916/2590
f 1844/2910/2585 1838/2916/2590 1837/2911/2586
f 1837/2911/2586 1838/2916/2590 1831/2917/2591
f 1837/2911/2586 1831/2917/2591 1830/2912/2587
f 1830/2912/2587 1831/2917/2591 1824/2918/2592
f 1830/2912/2587 1824/2918/2592 1823/2913/2588
f 1823/2913/2588 1824/2918/2592 1817/2919/2593
f 1823/2913/2588 1817/2919/2593 1816/2810/2512
f 1816/2810/2512 1817/2919/2593 1810/2808/2511
f 1845/2915/2589 1648/2914/2323 1839/2920/2594
f 1839/2920/2594 1648/2914/2323 1647/2921/2322
f 1839/2920/2594 1647/2921/2322 1833/2922/2595
f 1833/2922/2595 1647/2921/2322 1646/2923/2321
f 1833/2922/2595 1646/2923/2321 1827/2924/2596
f 1827/2924/2596 1646/2923/2321 1645/2925/2320
f 1827/2924/2596 1645/2925/2320 1821/2926/2597
f 1821/2926/2597 1645/2925/2320 1644/2927/2319
f 1821/2926/2597 1644/2927/2319 1815/2928/2598
f 1815/2928/2598 1644/2927/2319 1643/2929/2318
f 1815/2928/2598 1643/2929/2318 1783/2773/2480
f 1783/2773/2480 1643/2929/2318 1642/2771/2317
f 1806/2781/2488 1805/2783/2490 1811/2930/2599
f 1811/2930/2599 1805/2783/2490 1810/2808/2511
f 1811/2930/2599 1810/2808/2511 1817/2919/2593
f 1807/2779/2486 1806/2781/2488 1812/2931/2600
f 1812/2931/2600 1806/2781/2488 1811/2930/2599
f 1812/2931/2600 1811/2930/2599 1818/2932/2601
f 1818/2932/2601 1811/2930/2599 1817/2919/2593
f 1818/2932/2601 1817/2919/2593 1824/2918/2592
f 1808/2777/2484 1807/2779/2486 1813/2933/2602
f 1813/2933/2602 1807/2779/2486 1812/2931/2600
f 1813/2933/2602 1812/2931/2600 1819/2934/2603
f 1819/2934/2603 1812/2931/2600 1818/2932/2601
f 1819/2934/2603 1818/2932/2601 1825/2935/2604
f 1825/2935/2604 1818/2932/2601 1824/2918/2592
f 1825/2935/2604 1824/2918/2592 1831/2917/2591
f 1815/2928/2598 1783/2773/2480 1809/2775/2482
f 1809/2775/2482 1808/2777/2484 1814/2936/2605
f 1814/2936/2605 1808/2777/2484 1813/2933/2602
f 1814/2936/2605 1813/2933/2602 1820/2937/2606
f 1820/2937/2606 1813/2933/2602 1819/2934/2603
f 1820/2937/2606 1819/2934/2603 1826/2938/2607
f 1826/2938/2607 1819/2934/2603 1825/2935/2604
f 1826/2938/2607 1825/2935/2604 1832/2939/2608
f 1832/2939/2608 1825/2935/2604 1831/2917/2591
f 1832/2939/2608 1831/2917/2591 1838/2916/2590
f 1821/2926/2597 1815/2928/2598 1814/2936/2605
f 1814/2936/2605 1815/2928/2598 1809/2775/2482
f 1821/2926/2597 1814/2936/2605 1820/2937/2606
f 1827/2924/2596 1821/2926/2597 1820/2937/2606
f 1827/2924/2596 1820/2937/2606 1826/2938/2607
f 1833/2922/2595 1827/2924/2596 1826/2938/2607
f 1833/2922/2595 1826/2938/2607 1832/2939/2608
f 1839/2920/2594 1833/2922/2595 1832/2939/2608
f 1839/2920/2594 1832/2939/2608 1838/2916/2590
f 1845/2915/2589 1839/2920/2594 1838/2916/2590
f 1857/2824/2519 1863/2826/2520 1864/2875/2557
f 1864/2875/2557 1863/2826/2520 1870/2940/2609
f 1864/2875/2557 1870/2940/2609 1871/2873/2555
f 1871/2873/2555 1870/2940/2609 1877/2941/2610
f 1871/2873/2555 1877/2941/2610 1878/2871/2553
f 1878/2871/2553 1877/2941/2610 1884/2942/2611
f 1878/2871/2553 1884/2942/2611 1885/2869/2551
f 1885/2869/2551 1884/2942/2611 1890/2943/2612
f 1885/2869/2551 1890/2943/2612 1891/2867/2549
f 1891/2867/2549 1890/2943/2612 1897/2865/2548
f 1863/2826/2520 1869/2828/2521 1870/2940/2609
f 1870/2940/2609 1869/2828/2521 1876/2944/2613
f 1870/2940/2609 1876/2944/2613 1877/2941/2610
f 1877/2941/2610 1876/2944/2613 1883/2945/2614
f 1877/2941/2610 1883/2945/2614 1884/2942/2611
f 1884/2942/2611 1883/2945/2614 1889/2946/2615
f 1884/2942/2611 1889/2946/2615 1890/2943/2612
f 1890/2943/2612 1889/2946/2615 1896/2947/2616
f 1890/2943/2612 1896/2947/2616 1897/2865/2548
f 1897/2865/2548 1896/2947/2616 1901/2863/2547
f 1869/2828/2521 1875/2830/2522 1876/2944/2613
f 1876/2944/2613 1875/2830/2522 1882/2948/2617
f 1876/2944/2613 1882/2948/2617 1883/2945/2614
f 1883/2945/2614 1882/2948/2617 1888/2949/2618
f 1883/2945/2614 1888/2949/2618 1889/2946/2615
f 1889/2946/2615 1888/2949/2618 1895/2950/2619
f 1889/2946/2615 1895/2950/2619 1896/2947/2616
f 1896/2947/2616 1895/2950/2619 1900/2850/2538
f 1896/2947/2616 1900/2850/2538 1901/2863/2547
f 1901/2863/2547 1900/2850/2538 1903/2857/2545
f 1875/2830/2522 1881/2832/2523 1882/2948/2617
f 1882/2948/2617 1881/2832/2523 1887/2951/2620
f 1882/2948/2617 1887/2951/2620 1888/2949/2618
f 1888/2949/2618 1887/2951/2620 1894/2844/2532
f 1888/2949/2618 1894/2844/2532 1895/2950/2619
f 1895/2950/2619 1894/2844/2532 1899/2846/2534
f 1895/2950/2619 1899/2846/2534 1900/2850/2538
f 1881/2832/2523 1886/2834/2524 1887/2951/2620
f 1887/2951/2620 1886/2834/2524 1893/2842/2530
f 1887/2951/2620 1893/2842/2530 1894/2844/2532
f 1892/2836/2525 1893/2842/2530 1886/2834/2524
# 1904 vertices
# 2951 texture params
# 2620 normals
# 3808 facets

# 1 groups
